Code Libre;O;Nom;Tarif 1 HT;Tarif 2 HT;Valeur;Code à Barres;MAG SCENE;S;K;
ZSON;FAUX;.;0;0;0;;0;FAUX;FAUX;
ZVIDEO;FAUX;.;0;0;0;;0;FAUX;FAUX;
RALLONGEFLUO;FAUX;***Rallonge pour Fluo JULIAT DE 20 METRES WEYLAND/WEYLAND;5;5;0;;0;FAUX;FAUX;
VECO;FAUX;*Coupleur vertical pour FLEX6 - SOLID15 - SOLID28 • AED;5;5;0;;0;FAUX;FAUX;
DEMITRAVERSE;VRAI;1/2 traverse•STACCO;2;2;14;;90;FAUX;FAUX;
17M3;FAUX;17 M3 MERCEDES SRPINTER / DT-406-TJ;0;0;0;;0;FAUX;FAUX;
MULTIDATA;FAUX;1interphonie - 3lignes DMX - 1 PC32A Mono;69;69;1200;;1;FAUX;FAUX;
MULTIDATA4;FAUX;2 x dmx 3 pts / 2 x rj45 / pc16;70;70;1100;;0;FAUX;FAUX;
MULTIDATA3;FAUX;2 x dmx 5 pts / 2 x rj45 / pc16;70;70;1100;;2;FAUX;FAUX;
20M3IVECO;FAUX;20 M3 IVECO 35C / BJ-178-FC;0;0;1;;0;FAUX;FAUX;
20M3MERCEDES;FAUX;20 M3 MERCEDES 513/ DL-622-TF;0;0;0;;0;FAUX;FAUX;
FRESNEL2,5HMI;FAUX;326 LVF+Jalousie en Flight • JULIAT;100;100;0;;0;FAUX;FAUX;
FLRANGEMENT;FAUX;4 tiroirs + casiers Flight rangement outillage 710 X690 X 980;0;0;672,6;;0;FAUX;FAUX;
K2-JACK;FAUX;4 vérins de réglage angulaire + barres;45;45;0;;2;FAUX;FAUX;
MULTIDATA2;FAUX;4 x dmx 5 pts / 2 x rj45 / pc16;75;75;1123;;2;FAUX;FAUX;
BUMP300;FAUX;Accroche BUMP pour pont 300;20;20;0;;14;FAUX;FAUX;
BUMP300TRI;FAUX;Accroche BUMP pour pont 300 TRI;20;20;0;;13;FAUX;FAUX;
FISCHERAPMS-AA;FAUX;ACCUMULATEUR aa lr06 2850mAh•FISCHER AMPS;0;0;4,14;;186;FAUX;FAUX;
MINIJACK/JACK6.3;FAUX;Adapatateur MiniJack / Jack 6.3;1;1;0;;2;FAUX;FAUX;
JACK/JACK6.3;FAUX;Adapateur Jack / Jack 6.3;1;1;0;;25;FAUX;FAUX;
MINIJACK/RALLONGE ;FAUX;Adapateur rallonge mini jack 0,2M;1;1;0;;5;FAUX;FAUX;
RCA-JACK;FAUX;Adaptateur 2 x RCA -> 2 x JACK 6,35;2;2;0;;0;FAUX;FAUX;
RCA-XLRF;FAUX;Adaptateur 2 x RCA -> 2 x XLR femelle;1;1;12,9;;5;FAUX;FAUX;
RCA-XLRM;FAUX;Adaptateur 2 x RCA -> 2 x XLR mâle;1;1;12,9;;11;FAUX;FAUX;
ADAPT DMX 3F/5M;FAUX;Adaptateur DMX 3 points femelle vers 5 points mâle;2;2;15;;12;FAUX;FAUX;
ADAPT DMX 3M/5F;FAUX;Adaptateur DMX 3 points mâle vers 5 points femelle;2;2;5,42;;21;FAUX;FAUX;
ADAPT DMX 5F/5F;FAUX;Adaptateur DMX 5 points femelle vers 5 points femelle;2;2;15;;3;FAUX;FAUX;
ADAPT DMX 5M/5M;FAUX;Adaptateur DMX 5 points mâle vers 5 points mâle;2;2;15;;3;FAUX;FAUX;
MINIJACK/RCA;FAUX;Adaptateur Mini-Jack stéréo / 2xRCA;1;1;2,72;;2;FAUX;FAUX;
MINIJACK/XLRF;FAUX;Adaptateur Mini-Jack stéréo / 2xXLR femelle;1;1;7,9;;5;FAUX;FAUX;
MINIJACK/XLRM;FAUX;Adaptateur Mini-Jack stéréo / 2xXLR mâles;1;1;7,34;;4;FAUX;FAUX;
ADAPT 125/63A;FAUX;Adaptateur P17 125A mâle --> 63A fem;4;4;0;;2;FAUX;FAUX;
ADAPT 125A/POWERLOKC;FAUX;Adaptateur P17 125A mâle --> Powerlock;6;6;464;;1;FAUX;FAUX;
ADAPT P1716/PC16;FAUX;Adaptateur P17 16A Mono Mâle--> PC16A IP44;0;0;12,72;;2;FAUX;FAUX;
ADAPT 20AT MENA.;FAUX;Adaptateur P17 20AT mâle ménagère --> 32AT fem CEE17;3;3;36;;2;FAUX;FAUX;
ADAPT 32AT/63A;FAUX;Adaptateur P17 32A mâle --> 63A fem;3;3;37,51;;4;FAUX;FAUX;
ADAPT 32M/PC16A;FAUX;Adaptateur P17 32A Mono mâle --> PC16A fem;2;2;2;;18;FAUX;FAUX;
ADAPT P17/PC16;FAUX;Adaptateur P17 32A Mono mâle --> PC16A mono femelle;0;0;0;;0;FAUX;FAUX;
ADAPT 32AT/32AT;FAUX;Adaptateur P17 32AT mâle --> 32AT fem ménagère;0;0;18,67;;1;FAUX;FAUX;
ADAPT 32AT MENA.;FAUX;Adaptateur P17 32AT mâle ménagère --> 32AT fem CEE17;3;3;36;;2;FAUX;FAUX;
ADAPT 63/125A;FAUX;Adaptateur P17 63A mâle --> 125A fem;4;4;420;;3;FAUX;FAUX;
ADAPT 63T/32T;FAUX;Adaptateur P17 63A mâle -> 32A femelle;4;4;0;;2;FAUX;FAUX;
ADAPT PC16A/P17;FAUX;Adaptateur PC16A mâle --> P17 16A mono femelle;0;0;13,84;;2;FAUX;FAUX;
ADAPT PC16A/32AM;FAUX;Adaptateur PC16A mâle --> P17 32AM fem;2;2;2;;4;FAUX;FAUX;
RCA-RCA;FAUX;Adaptateur RCA / RCA ;1;1;0;;7;FAUX;FAUX;
XLR-F/F;FAUX;Adaptateur XLRF / XLRF;1;1;17,28;;42;FAUX;FAUX;
XLR-F/JACK;FAUX;Adaptateur XLRF/JACK 6,35 stéréo;1;1;17,28;;88;FAUX;FAUX;
XLR-M/M;FAUX;Adaptateur XLRM / XLRM;1;1;17,28;;36;FAUX;FAUX;
XLR-M/JACK;FAUX;Adaptateur XLRM/JACK 6,35 stéréo;1;1;17,28;;62;FAUX;FAUX;
SPL-REC-DP2;FAUX;Afficheur/Enregistreur-live- valise • Audiopole;200;200;2559;;3;FAUX;FAUX;
CONDOM;FAUX;AIRSTAR•protection pour projecteur auto gongfé diam80 h80;50;50;1200;;4;FAUX;FAUX;
AB168;FAUX;ALLEN & HEATH • Boitier de scène numérique 12 IN / 8 OUT;50;50;1345;;1;FAUX;FAUX;
AR2412;FAUX;ALLEN & HEATH • Boitier de scène numérique 24 IN / 12 OUT;70;70;1268,02;;1;FAUX;FAUX;
SQ7;FAUX;ALLEN & HEATH • Table de mixage numérique 48 canaux;210;210;4000;;1;FAUX;FAUX;
ALPHASPOTHPE300;FAUX;Alpha spot HPE 300 lyre effect • CLAY PAKY;90;90;790;PRIX VIA JSF;0;FAUX;FAUX;
VOX;FAUX;Ampli AC30•VOX;72;72;1059;;1;FAUX;FAUX;
BLUESJUNIORIV;FAUX;Ampli Blues Junio IV Black• FENDER;60;60;607,5;;1;FAUX;FAUX;
AMP100V;FAUX;Ampli de ligne 100v;30;30;262,08;;5;FAUX;FAUX;
HOTROD3;FAUX;Ampli Hot Rod Deluxe III•FENDER;60;60;1050;;1;FAUX;FAUX;
HOTDOD2;FAUX;Ampli Hot Rod Deluxe•FENDER;60;60;1050;;1;FAUX;FAUX;
TWIN;FAUX;Ampli Twin Reverb 65•FENDER;84;84;1799;;1;FAUX;FAUX;
PLM10000Q;FAUX;Amplificateur processé 4 X 2500 W • LAB GRUPPEN;65;65;6038;;12;FAUX;FAUX;
LA4;VRAI;Amplificateur processé 4x1000W • L'ACOUSTICS;45;45;5220;;0;FAUX;FAUX;
LA4X;FAUX;Amplificateur processé 4x1000W • L'ACOUSTICS;65;65;5700;;22;FAUX;FAUX;
LA8;VRAI;Amplificateur processé 4x1800W • L'ACOUSTICS;65;65;4992;;10;FAUX;FAUX;
LA12X;FAUX;Amplificateur processé 4x2600W • L'ACOUSTICS;115;115;13300;;54;FAUX;FAUX;
DN6000;FAUX;Analyseur de spectre;50;50;1025,27;PRIX VIA GEAR SOURCE;0;FAUX;FAUX;
ANEMOMETRE;FAUX;Anémomètre RWIND2+ tube+balise de transport+tube de déport coudé;40;40;339,17;;4;FAUX;FAUX;
ANGPRO2D300CARRE;FAUX;Angle 2D / 90° C003 • PROLYTE;22;22;119,47;;11;FAUX;FAUX;
ANG2D-NOIR;FAUX;Angle 2D / 90° C003 noir • PROLYTE;22;22;191;;8;FAUX;FAUX;
ANGLE2D400CARRE;FAUX;Angle 2D serie 400 carrée 90°;23;23;0;;0;FAUX;FAUX;
ANGLE2D500CARRE;FAUX;Angle 2D série 500 carrée 90°;29;29;541;;0;FAUX;FAUX;
ANGLE2D500TRI;FAUX;Angle 2D serie 500 triangulaire 90°;20;20;441,35;;7;FAUX;FAUX;
ANGPRO3DT300CARRE;FAUX;"Angle 3D / ""T"" C017 • PROLYTE";22;22;187,98;;18;FAUX;FAUX;
ANG3DT-NOIR;FAUX;"Angle 3D / ""T"" C017 noir • PROLYTE";22;22;233;;8;FAUX;FAUX;
ANGPRO3D300CARRE;FAUX;Angle 3D 90°/ Pied C012 • PROLYTE;22;22;187,9;;19;FAUX;FAUX;
ANGLE3D400CARRE;FAUX;Angle 3D serie 400 carrée T;25;25;0;;0;FAUX;FAUX;
ANGLE3D500TRI;FAUX;Angle 3D serie 500 triangulaire T;31;31;396;;2;FAUX;FAUX;
ANGPRO4D300CARRE+;FAUX;"Angle 4D ""croix"" C016• PROLYTE";22;22;264,48;;2;FAUX;FAUX;
ANGPRO4D300CARRE;FAUX;Angle 4D /T horiz./pied C020 • PROLYTE;22;22;248,04;;3;FAUX;FAUX;
ANGLE4D500TRI;FAUX;Angle 4D serie 500 triangulaire X;31;31;642;;6;FAUX;FAUX;
ANGPRO5D300CARRE;FAUX;Angle 5D /croix horiz./pied C024 • PROLYTE;35;35;396;;2;FAUX;FAUX;
ANGPRO6D300CARRE;FAUX;Angle 6D • PROLYTE;35;35;35;;4;FAUX;FAUX;
ANGLEACIER4D500;FAUX;Angle acier 4D série 500 triangulaire;31;31;0;;0;FAUX;FAUX;
ANGLEACIER4D500_2;FAUX;Angle de levage 4D acier série 500 carrée;31;31;0;;0;FAUX;FAUX;
ANGMAG500TRI;FAUX;Angle magique serie 500tri;31;31;243,88;;8;FAUX;FAUX;
ANNEAU;FAUX;Anneau de levage 1T;10;10;14;;16;FAUX;FAUX;
AF-3;FAUX;ANTARI•Ventilateur turbine DMX AF-3;23;23;300;;7;FAUX;FAUX;
A5000;FAUX;Antenne Directionnelle • SENNHEISER;30;40;1020;;3;FAUX;FAUX;
A2003-UHF;FAUX;Antenne directionnelle passive 450-960 Mhz • SENNHEISER;10;10;238;;3;FAUX;FAUX;
A1031U;FAUX;Antenne omnidirectionnelle 450-960 Mhz • SENNHEISER;5;5;93;;5;FAUX;FAUX;
*32A;FAUX;Armoire de distribution 32amp;24;24;850;;0;FAUX;FAUX;
800A;FAUX;Armoire de distribution 800amp;300;300;0;;0;FAUX;FAUX;
RACKSCAN24-1;FAUX;armoire de distribution P17 125A -> 24x16A;50;50;2985;;1;FAUX;FAUX;
RACKSCAN32-1;FAUX;armoire de distribution P17 32A -> 9 x PC16A;50;50;670;;10;FAUX;FAUX;
RACKSCAN24-2;FAUX;armoire de distribution P17 63A -> 24x10A;50;50;1117;;2;FAUX;FAUX;
RACKSCAN18-1;FAUX;Armoire de distribution P17 63A -> x 18 PC16A;50;50;1321;;10;FAUX;FAUX;
DIV 125/63;FAUX;Armoire divisionnaire 1 x P17 125A -> 2 x P17 63A;50;50;1730;;3;FAUX;FAUX;
DIV 63/32;FAUX;Armoire divisionnaire 1 x P17 63A -> 2 x P17 32A;40;40;961;;1;FAUX;FAUX;
DOUBLEUR32A;FAUX;Armoire doubleur 32A/2X32ATRI;10;10;95,96;;7;FAUX;FAUX;
125A-2;FAUX;Armoire P17 125A -> 2x63A / 3x32AT / 1x32AM / 1xPC16;80;80;4233;;1;FAUX;FAUX;
125A-4;FAUX;Armoire P17 125A -> 2x63A / 4x32AT / 12xPC16;80;80;4235,66;;2;FAUX;FAUX;
125A-1;FAUX;Armoire P17 125A -> 2x63A / 6x32AT / 1x32AM / 3xPC16;80;80;3873;;1;FAUX;FAUX;
125A-3;FAUX;Armoire P17 125A -> 3x63A / 1x32AT / 3x32AM / 3xPC16;80;80;4235,66;;1;FAUX;FAUX;
125A-6;FAUX;Armoire P17 125A -> 6x63A / 4x32AT / 3xPC16A;80;80;2985;;3;FAUX;FAUX;
125A-5;FAUX;Armoire P17 125A Tri+30mA -> 2x63A  Tri/ 4x32A Tri / 6xPC16;80;80;4447,8;;2;FAUX;FAUX;
32A-2;FAUX;Armoire P17 32A -> 1x 32AT / 3x32AM / 6xPC16;25;25;958;;1;FAUX;FAUX;
32A-1;FAUX;Armoire P17 32A -> 3x32AM / 6xPC16;25;25;361,32;;1;FAUX;FAUX;
32A-5-HOR;FAUX;Armoire P17 32A avec horloge;25;25;0;;2;FAUX;FAUX;
63A-1;FAUX;Armoire P17 63A -> 2x32AT / 6xPC16;50;50;2034,37;;1;FAUX;FAUX;
63A-4;FAUX;Armoire P17 63A -> 3x32AT;50;50;1715;;0;FAUX;FAUX;
63A-2;FAUX;Armoire P17 63A -> 3x32AT / 1x32AM / 3xPC16 / 2xSocapex;50;50;1715;;1;FAUX;FAUX;
63A-3;FAUX;Armoire P17 63A -> 3x32AT / 3xPC16;50;50;1715;;1;FAUX;FAUX;
63A-5;FAUX;Armoire P17 63A -> 4x32AT;50;50;739,7;;12;FAUX;FAUX;
63A-6-HOR;FAUX;Armoire P17 63A avec horloge;50;50;1715;;1;FAUX;FAUX;
250A-1;FAUX;Armoire Powerlock -> 2x125A / 4x63A /3x32AT / 2x32AM;130;130;7483;;1;FAUX;FAUX;
400A-1;FAUX;Armoire Powerlock -> 4x125A / 8x63A /2x32AT;220;220;7483;;1;FAUX;FAUX;
BARRE-HCAN;FAUX;ASD • accroche à 2 colliers pour echelles de projecteurs ASD;6;6;250;;6;FAUX;FAUX;
BARRE-SUHBN;FAUX;ASD • Chariot à roulette pour BARRE-HBN;15;15;220;;10;FAUX;FAUX;
BARRE-HBN;FAUX;ASD • Extension en H pour échelle de projecteur;10;10;250;;30;FAUX;FAUX;
DL241;FAUX;Autocompresseur/gate stéréo • DRAWMER;20;20;644;;4;FAUX;FAUX;
AVBX3;FAUX;Auvitran•Audio toolbox 3 slots;60;60;425;;2;FAUX;FAUX;
AVBX7;FAUX;Auvitran•Audio toolbox 7 slots;100;100;1155;;1;FAUX;FAUX;
AX4M;FAUX;Auvitran•carte 4 entrées micro ou ligne;20;20;595;;1;FAUX;FAUX;
AX4O;FAUX;Auvitran•carte 4 sorties analogiques;20;20;415;;1;FAUX;FAUX;
DX80;FAUX;Auvitran•carte 4 sorties stéréo AES/EBU;20;20;370;;2;FAUX;FAUX;
AXCDANTE;FAUX;Auvitran•carte Dante 64in / 64out;20;20;995;;2;FAUX;FAUX;
SWD5G;FAUX;Auvitran•carte double switch 10 ports gigabit;20;20;610;;3;FAUX;FAUX;
BACHECOTE ARR SCENE;FAUX;Bache coté arrière de scène 400x257;0;0;315;;8;FAUX;FAUX;
BACHELATERALEFCJL;FAUX;Bâche latérale MOV'160 Face Cours/Lointain Jardin;0;0;2446;;1;FAUX;FAUX;
BACHELATERALEFJ/LC;FAUX;Bâche latérale MOV'160 Face Jardin/Lointain Cours;0;0;2446;;1;FAUX;FAUX;
BACHE12X10;FAUX;Bache pour structure 120 m2;270;270;2860;;1;FAUX;FAUX;
BACHE8X6;FAUX;Bache pour structure 48 m2;165;165;2190;;1;FAUX;FAUX;
BACHE10X8;FAUX;Bache pour structure 80 m2;120;120;2550;;1;FAUX;FAUX;
BACHE257*3M;FAUX;Bâche pour structure LAYHER 2,57 x 3m;20;20;0;;10;FAUX;FAUX;
BACHE257*5M;FAUX;Bâche pour structure LAYHER 2,57 x 5m;25;25;0;;4;FAUX;FAUX;
BACHE257*7M;FAUX;Bâche pour structure LAYHER 2,57 x 7m;30;30;0;;4;FAUX;FAUX;
BACHETOITSCENE;FAUX;Bache toit de scène 650x257;0;0;486,55;;8;FAUX;FAUX;
MARS-BAF1960;FAUX;Baffle 1960A•MARSHALL;54;54;739;;1;FAUX;FAUX;
MARS-BAF900;FAUX;Baffle JCM900•MARSHALL;48;48;739;;0;FAUX;FAUX;
SVTB4;FAUX;Baffle SVT Classic 4x10•AMPEG;54;54;691;;1;FAUX;FAUX;
SVTB8;FAUX;Baffle SVT Classic 8x10•AMPEG;66;66;1199;;1;FAUX;FAUX;
BL900SNX;FAUX;Ballast pour lanterne 900SNX • JULIAT;0;0;0;;2;FAUX;FAUX;
BANCCLAVIER;FAUX;Banquette clavier réglable en X;3,6;3,6;22,9;;4;FAUX;FAUX;
BANCPIANOBLANC;FAUX;Banquette piano KB-15BP BLANC;6;6;55;;1;FAUX;FAUX;
BANCPIANONOIRE;FAUX;Banquette piano KB-15BP NOIR;6;6;59;;1;FAUX;FAUX;
COLORLINE;FAUX;BAR de Led Colorline;80;80;0;;0;FAUX;FAUX;
ANGARMEX-;FAUX;Barre angulaire de rallonge bumper KARA (II);0;0;95,35;;8;FAUX;FAUX;
BAR-ACC-35;FAUX;Barre d'accouplement de projecteurs pour pied diam. 35mm;4;4;20;;17;FAUX;FAUX;
BAR-ACC-MT;FAUX;Barre d'accouplement de projecteurs pour pied type MT470;4;4;0;;5;FAUX;FAUX;
K2-BAR;FAUX;barre d'extension du K2 Bump • L'ACOUSTICS;20;20;935;;4;FAUX;FAUX;
BARDEPAR;FAUX;Barre de 6 PAR 64 (CP60-CP61-CP62);33;37;350;;7;FAUX;FAUX;
ARCOUPL;FAUX;Barre de couplage pour ARC • L'ACOUSTICS;0;0;68;;12;FAUX;FAUX;
PIXLED16;FAUX;Barre de LED;75;75;1878;;2;FAUX;FAUX;
PIXLED8;FAUX;Barre de LED ;50;50;1374;;5;FAUX;FAUX;
ARCALINE2;FAUX;Barre de led Ayrton Arcaline2 3G full color (RGBW) • AYRTON;65;65;1749;;14;FAUX;FAUX;
BARRESON;FAUX;Barre de son SAMSUNG HW-N400;0;0;269,2;;4;FAUX;FAUX;
HTXZ1000;FAUX;Barre de totem circulaire pour structure alu 300 carré / tri;22;22;224;;10;FAUX;FAUX;
ARIANE;FAUX;Barre led 14x30W RGB 30° IP66 450W DMX512 • STARWAY;40;40;283;;36;FAUX;FAUX;
DYNAKOLOR;FAUX;Barre led 9x10W RGBW+strob IP66 DMX512 • STARWAY;40;40;550;;43;FAUX;FAUX;
TETRA2;FAUX;Barre LED Motorisée RGBW Robin 10500 lumens•ROBE;150;150;3330;;24;FAUX;FAUX;
Barre Arc;FAUX;Barre pour couplage ARC;0;0;0;;0;FAUX;FAUX;
KS21-OUTRIGG;FAUX;Barre stabilisatrice pour KS21 • L'ACOUSTICS;20;20;318;;4;FAUX;FAUX;
COUPLEMIC;FAUX;Barrette de couplage fixe/2 micros;5;5;36;;10;FAUX;FAUX;
BASSEPRODIPE;FAUX;Basse 4 cordes PRODIPE;110;110;0;;1;FAUX;FAUX;
B205D;FAUX;"BEHRINGER • EUROLIVE enceinte amplifiée 5,25""";15;15;0;;5;FAUX;FAUX;
BLINDER4;FAUX;Blinder 4X650W;16;16;80;;11;FAUX;FAUX;
BLINDER2LED;FAUX;Blinder LED Blanc chaud SUNRISE 2•PROLIGHTS TRIBE;60;60;525,3;;0;FAUX;FAUX;
BLINDER 8;FAUX;Blinder Noir 8 lampes;30;30;115;;4;FAUX;FAUX;
COLOR-STRIKE M V2;FAUX;Blinder Strobe LED Motorisé / tilt 180° / 18000lm / 700W • CHAUVET;120;120;3650;;28;FAUX;FAUX;
SECTEURSCENE;FAUX;Bloc 4 prises caoutchouc 2P+T 10/16A;4;4;20,13;;123;FAUX;FAUX;
BLOC360;FAUX;Bloc de secours 360lms autonome;15;15;104,78;;5;FAUX;FAUX;
BLOC60;FAUX;Bloc de secours 60lms autonome;10;10;104,78;;12;FAUX;FAUX;
BLOC PHARE;FAUX;BLOC PHARE;50;50;641,38;;12;FAUX;FAUX;
EK2000-IEM-GW;FAUX;body pack IN-EAR récepteur de poche stéréo • SENNHEISER;30;30;550,8;;18;FAUX;FAUX;
BOITEAMBRE;FAUX;Boite ambre 300w+prises de rappel;5;5;54,25;;28;FAUX;FAUX;
DI BSS;FAUX;Boitier de direct AR133 • BSS;12;12;129;;76;FAUX;FAUX;
DI HACIENDA;FAUX;Boitier de direct DI01 • HACIENDA LAB;32;32;440;;8;FAUX;FAUX;
DI KLARK;FAUX;Boitier de direct DN100 • KLARK TEKNIK;20;20;120;;21;FAUX;FAUX;
SGIRADIAL;FAUX;Boîtier de direct Interfaceguitare studio active•RADIAL;25;25;248,16;;1;FAUX;FAUX;
DI RADIAL;FAUX;Boîtier de direct J48• RADIAL;25;25;192;;9;FAUX;FAUX;
DI SAMSON;FAUX;Boitier de direct stéréo • SAMSON;10;10;42;;2;FAUX;FAUX;
DI AVALON;FAUX;Boitier de direct U5 • AVALON;30;30;0;;0;FAUX;FAUX;
CM1;FAUX;Boîtier de distribution P17 32AM -> 4 x PC16A;10;10;256;;29;FAUX;FAUX;
CTA;FAUX;Boîtier de distribution P17 32AT -> 2 x P17 32AM / 2 x PC16;10;10;208,35;EVALUATION;6;FAUX;FAUX;
CTA-2;FAUX;Boîtier de distribution P17 32AT -> 3 x P17 32AM;10;10;200;;6;FAUX;FAUX;
CT1;FAUX;Boîtier de distribution P17 32AT -> 6 x PC16A;10;10;299;;4;FAUX;FAUX;
B16;FAUX;Boitier de scène 16 XLR Fem connecteur RMP;8;8;457;;2;FAUX;FAUX;
B16M;FAUX;Boitier de scène 16 XLR Male connecteur RMP;10;10;0;;0;FAUX;FAUX;
B20;FAUX;Boitier de scène 20 XLRM /20 XLRF Harting mâle;10;10;499,35;;25;FAUX;FAUX;
DL32;FAUX;Boîtier de scène numérique 32 entrées, 16 sorties • MIDAS;70;70;1057,5;;1;FAUX;FAUX;
DX168;FAUX;Boitier de scène numérique d'entrées/sorties-96 kHz•ALLEN & HEATH;50;50;1713;;5;FAUX;FAUX;
DX012;FAUX;Boitier extensions de 12 sorties analog - AES • ALLEN & HEATH;50;50;1713;;2;FAUX;FAUX;
B-SOCA/SPK4;FAUX;Boîtier socapex mâle -> 4 x embases speakons 4 pts;4;4;0;;2;FAUX;FAUX;
DOM-P2;FAUX;Bouchon mâle/mâle pour DOM30 / DOM-MF;3;3;115;;10;FAUX;FAUX;
BOULEFACETTE/100;FAUX;Boule a facette diam 1000+moteur.;90;90;1554,17;;0;FAUX;VRAI;
BOULEFACETTE/100-;FAUX;Boule a facette diam 1000+moteur•SHOW GEAR;90;90;667,39;;1;FAUX;FAUX;
BOULEFACETTE/40;FAUX;Boule a facette diam 400+moteur•SHOW GEAR;15;15;60;;1;FAUX;FAUX;
BOULEFACETTE/50;FAUX;Boule a facette diam 500+moteur•SHOW GEAR;18;18;60;;1;FAUX;FAUX;
CO2;FAUX;Bouteille de CO2 le Kg;22,5;22,5;0;;7;FAUX;FAUX;
BOXKOLOR;FAUX;BOXKOLOR Projecteur LED sur batterie•STARWAY;25;25;220,5;;24;FAUX;FAUX;
BOXKOLORTUB120;FAUX;BOXKOLOR Tube lumineux 120 cm•STARWAY;15;15;82,5;;12;FAUX;FAUX;
BOXKOLORTUB60;FAUX;BOXKOLOR Tube lumineux 60 cm•STARWAY;10;10;82,5;;12;FAUX;FAUX;
MAINDESINGE;FAUX;Bras de force poutre ouverte 500 tri;0;0;0;;61;FAUX;FAUX;
MA244N;FAUX;Bras magique à friction variable•MANFROTTO;7;7;98,87;;4;FAUX;FAUX;
BRAVOCOLOR;FAUX;BRAVOCOLOR BB2 DIAFORA;0;0;0;;0;FAUX;FAUX;
BRETELLES ;FAUX;Bretelles de série 110V/220V;1;1;8,34;;11;FAUX;FAUX;
BRIDE IPN;FAUX;Bride IPN pour poutre alu 300 carré;4;4;0;;8;FAUX;FAUX;
BUMPARC;FAUX;Bump ARC • L'ACOUSTICS;32;32;658,8;PRIX VIA JSF;2;FAUX;FAUX;
SBUMP50;FAUX;Bumper 0,5m pour écran StarMedia 3,9;5;5;119,7;;10;FAUX;FAUX;
SBUMP100;FAUX;Bumper 1m pour écran StarMedia 3,9;10;10;245,7;;10;FAUX;FAUX;
MINIBU;FAUX;Bumper 6 x KARA • L'ACOUSTICS;35;35;602;;4;FAUX;FAUX;
A15-BUMP;FAUX;Bumper A15 • L'ACOUSTICS;35;35;1300;;4;FAUX;FAUX;
DVBUMP;VRAI;Bumper DV DOSC • L'ACOUSTICS;32;40;756;;0;FAUX;FAUX;
DVDOWN;FAUX;Bumper DV-DOSC sous V-DOSC • L'ACOUSTICS;45;45;0;HC;0;FAUX;FAUX;
MBUMP;FAUX;Bumper KARA • L'ACOUSTICS;45;45;1780;;0;FAUX;FAUX;
KARABUMP;FAUX;Bumper KARA/SB18 • L'ACOUSTICS;50;50;1780;;10;FAUX;FAUX;
KIBU;FAUX;Bumper KIVA • L'ACOUSTICS;30;30;650;KIBU;4;FAUX;FAUX;
KIET;FAUX;Bumper KIVA sur pied • L'ACOUSTICS;45;45;470;;4;FAUX;FAUX;
*FLEXBUMP;FAUX;Bumper pour 16x Flex6 ou 8x Solid15 • AED;25;25;0;;0;FAUX;FAUX;
KSBUMP;FAUX;Bumper pour KS 28 • L'ACOUSTICS;50;50;1380;;2;FAUX;FAUX;
SBBUMP;FAUX;Bumper pour SB 28 • L'ACOUSTICS;50;50;1114;;2;FAUX;FAUX;
V-BUMPER;VRAI;Bumper V-DOSC • L'ACOUSTICS;76;85;990;PRIX VIA GEAR SOURCE;0;FAUX;FAUX;
CAB32M/015M;FAUX;Cable 3G6 H07RNF P17 32 mono 15M;3;3;88,43;;0;FAUX;FAUX;
CAB32M/020M;FAUX;Cable 3G6 H07RNF P17 32 mono 20M;4;4;106,81;;27;FAUX;FAUX;
CAB32M/30M;FAUX;Cable 3G6 H07RNF P17 32 mono 30M;5;5;125,19;;5;FAUX;FAUX;
CAB32M/040M;FAUX;Cable 3G6 H07RNF P17 32 mono 40M;8;8;175,21;;1;FAUX;FAUX;
CAB32M/005M;FAUX;Cable 3G6 H07RNF P17 32 mono 5M;2;2;51,66;;17;FAUX;FAUX;
CAB32M/075M;FAUX;Cable 3G6 H07RNF P17 32 mono 75M;10;10;285;;1;FAUX;FAUX;
CAB32M/100M;FAUX;Câble 3G6 HO7RNF P17 32 mono 100M;12;12;380,41;;2;FAUX;FAUX;
CAB32M/010M;FAUX;Câble 3G6 HO7RNF P17 32 mono 10M;3;3;70,05;;17;FAUX;FAUX;
DMX5/5M4P;FAUX;Câble 4 paires DMX 5 pts 5m;0;0;30,11;;0;FAUX;FAUX;
DMX5/005M4P;FAUX;Câble 4 paires DMX 5 pts 5m;1;1;29,4;;0;FAUX;FAUX;
CAB63A/100M;FAUX;Cable 5G10 HO7RNF P17 63A 100M;65;65;1590;;1;FAUX;FAUX;
CAB63A/ECLATE;FAUX;Cable 5G16 HO7RNF EPANOUIE + P17;4;4;110;;10;FAUX;FAUX;
CAB63A/010M;FAUX;Cable 5G16 HO7RNF P17 63A 10M;14;14;245,62;;18;FAUX;FAUX;
CAB63A/120M;FAUX;Cable 5G16 HO7RNF P17 63A 120M;70;70;1768;;1;FAUX;FAUX;
CAB63A/015M;FAUX;Cable 5G16 HO7RNF P17 63A 15M;16;16;321,09;;0;FAUX;FAUX;
CAB63A/020M;FAUX;Cable 5G16 HO7RNF P17 63A 20M;20;20;396;;10;FAUX;FAUX;
CAB63A/030M;FAUX;Cable 5G16 HO7RNF P17 63A 30M;25;25;539,19;;5;FAUX;FAUX;
CAB63A/003M;FAUX;Cable 5G16 HO7RNF P17 63A 3M;5;5;150,15;;0;FAUX;FAUX;
CAB63A/045M;FAUX;Cable 5G16 HO7RNF P17 63A 45M;30;30;30;;0;FAUX;FAUX;
CAB63A/050M;FAUX;Cable 5G16 HO7RNF P17 63A 50M;40;40;829,99;;3;FAUX;FAUX;
CAB63A/005M;FAUX;Cable 5G16 HO7RNF P17 63A 5M;10;10;170,15;;18;FAUX;FAUX;
CAB63A/075M;FAUX;Cable 5G16 HO7RNF P17 63A 75M;50;50;1193,49;;1;FAUX;FAUX;
CAB125A/ECLATE;FAUX;Cable 5G25 HO7RNF EPANOUIE + P17;4;4;200;;6;FAUX;FAUX;
CAB125A/03M;FAUX;Cable 5G25 HO7RNF P17 125A 03M;10;10;304,38;;0;FAUX;FAUX;
CAB125A/05M;FAUX;Cable 5G25 HO7RNF P17 125A 05M;15;15;344,38;;9;FAUX;FAUX;
CAB125A/10M;FAUX;Cable 5G25 HO7RNF P17 125A 10M;20;20;245;;12;FAUX;FAUX;
CAB125A/15M;FAUX;Cable 5G25 HO7RNF P17 125A 15M;30;30;607,95;;0;FAUX;FAUX;
CAB125A/20M;FAUX;Cable 5G25 HO7RNF P17 125A 20M;29;29;739,73;;2;FAUX;FAUX;
CAB125A/25M;FAUX;Cable 5G25 HO7RNF P17 125A 25M;35;35;612,5;;1;FAUX;FAUX;
CAB125A/30M;FAUX;Cable 5G25 HO7RNF P17 125A 30M;38;38;735;;4;FAUX;FAUX;
CAB125A/35M;FAUX;Cable 5G25 HO7RNF P17 125A 35M;45;45;735;;1;FAUX;FAUX;
CAB125A/45M;FAUX;Cable 5G25 HO7RNF P17 125A 45M;55;55;1101,6;;1;FAUX;FAUX;
CAB125A/50M;FAUX;Cable 5G25 HO7RNF P17 125A 50M;60;60;1224;;1;FAUX;FAUX;
CAB32T/ECLATE;FAUX;Cable 5G6 HO7RNF EPANOUIE + P17;4;4;50;;10;FAUX;FAUX;
CAB32T/100M;FAUX;Cable 5G6 HO7RNF P17 32A 100M;30;30;550;;2;FAUX;FAUX;
CAB32T/010M;FAUX;Cable 5G6 HO7RNF P17 32A 10M;8;8;107,16;;33;FAUX;FAUX;
CAB32T/015M;FAUX;Cable 5G6 HO7RNF P17 32A 15M;12;12;137,41;;8;FAUX;FAUX;
CAB32T/020M;FAUX;Cable 5G6 HO7RNF P17 32A 20M;16;16;167,66;;19;FAUX;FAUX;
CAB32T/025M;FAUX;Cable 5G6 HO7RNF P17 32A 25M;18;18;197,91;;12;FAUX;FAUX;
CAB32T/030M;FAUX;Cable 5G6 HO7RNF P17 32A 30M;21;21;270,61;;0;FAUX;FAUX;
CAB32T/035M;FAUX;Cable 5G6 HO7RNF P17 32A 35M;25;25;343,16;;1;FAUX;FAUX;
CAB32T/003M;FAUX;Cable 5G6 HO7RNF P17 32A 3M;3;3;66,91;;0;FAUX;FAUX;
CAB32T/040M;FAUX;Cable 5G6 HO7RNF P17 32A 40M;10;10;415,71;;0;FAUX;FAUX;
CAB32T/050M;FAUX;Cable 5G6 HO7RNF P17 32A 50M;12;12;418;;6;FAUX;FAUX;
CAB32T/005M;FAUX;Cable 5G6 HO7RNF P17 32A 5M;4;4;76,91;;19;FAUX;FAUX;
CAB32T/060M;FAUX;Cable 5G6 HO7RNF P17 32A 60M;17;17;501;;1;FAUX;FAUX;
CAB400/10M;FAUX;Cable 5X120 HO7RNF POWERLOCK 400amp 10M;50;50;1266;;1;FAUX;FAUX;
CAB400/50M;FAUX;Cable 5X120 HO7RNF POWERLOCK 400amp 50M;190;190;4330;;1;FAUX;FAUX;
CAB400/5M;FAUX;Cable 5X120 HO7RNF POWERLOCK 400amp 5M;30;30;614;;1;FAUX;FAUX;
CAB800A;FAUX;Cable 5X150 HO7RNF CAMLOCK 800amp PX/m;6;6;0;;0;FAUX;FAUX;
CAB400/20M;FAUX;Cable 5X95 HO7RNF POWERLOCK 400amp 20M;80;80;2032;;1;FAUX;FAUX;
DOM30;FAUX;Câble 6 paires AMP LINK longueur 30m;5;5;288;;5;FAUX;FAUX;
WA302;FAUX;Câble adaptateur TQG4 vers Jack 6,3 Mono•SHURE;10;10;22;;19;FAUX;FAUX;
WIELAND/10M;FAUX;Câble alimentation avec connecteur WIELAND 10m;0;0;0;;6;FAUX;FAUX;
WIELAND/20M;FAUX;Câble alimentation avec connecteur WIELAND 20m;0;0;72,56;;6;FAUX;FAUX;
BNC75/10;FAUX;Câble BNC vidéo 75 Ohms 10m;15;15;45;;0;FAUX;FAUX;
BNC75/30;FAUX;Câble BNC vidéo 75 Ohms 30m;20;20;80;;0;FAUX;FAUX;
BNC75/50;FAUX;Câble BNC vidéo 75 Ohms 50m;30;30;61,6;PRIX VIA THOMMAN FRANCE (HT);0;FAUX;FAUX;
BNC75/05;FAUX;Câble BNC vidéo 75 Ohms 5m;10;10;18,32;PRIX VIA THOMMAN FRANCE (HT);0;FAUX;FAUX;
COAX-STRAP;FAUX;Câble coaxial BNC/BNC 50 ohms / 0,5m;1;1;15,77;;20;FAUX;FAUX;
COAX-10M;FAUX;Câble coaxial BNC/BNC 50 ohms / 10m;3;3;107,1;;10;FAUX;FAUX;
COAX-15M;FAUX;Câble coaxial BNC/BNC 50 ohms / 15m;4;4;0;;0;FAUX;FAUX;
COAX-20M;FAUX;Câble coaxial BNC/BNC 50 ohms / 20m;5;5;250;;5;FAUX;FAUX;
COAX-3M;FAUX;Câble coaxial BNC/BNC 50 ohms / 3m;1;1;0;;4;FAUX;FAUX;
COAX-5M;FAUX;Câble coaxial BNC/BNC 50 ohms / 5m;2;2;0;;11;FAUX;FAUX;
UA825;FAUX;Câble coaxial BNC/BNC 7,50 m•SHURE;2;2;70;;1;FAUX;FAUX;
P17110V/010M;FAUX;Câble d'alimentation P17 110v-10m;1;1;0;;0;FAUX;FAUX;
P17110V/020M;FAUX;Câble d'alimentation P17 110v-20m;1;1;0;;0;FAUX;FAUX;
DispPort1M;FAUX;Câble Display port 1M;1;1;6;;1;FAUX;FAUX;
DMX3/10M;FAUX;Câble DMX 3 pts 10m;2;2;26,82;;52;FAUX;FAUX;
DMX3/15M;FAUX;Câble DMX 3 pts 15m;2;2;32,19;;14;FAUX;FAUX;
DMX3/20M;FAUX;Câble DMX 3 pts 20m;3;3;37,2;;31;FAUX;FAUX;
DMX3/30M;FAUX;Câble DMX 3 pts 30m;5;5;44,61;;6;FAUX;FAUX;
DMX3/03M;FAUX;Câble DMX 3 pts 3m;1;1;17,37;;45;FAUX;FAUX;
DMX3/50M;FAUX;Câble DMX 3 pts 50m;6;6;75,01;;4;FAUX;FAUX;
DMX3/05M;FAUX;Câble DMX 3 pts 5m;1;1;20,6;;130;FAUX;FAUX;
DMX3/PWR-10M;FAUX;Câble DMX 3pts + Powercon 10 mètres;5;5;58,5;;7;FAUX;FAUX;
DMX3/PWR-3M;FAUX;Câble DMX 3pts + Powercon 3 mètres;2;2;49,4;;9;FAUX;FAUX;
DMX3/PWR-5M;FAUX;Câble DMX 3pts + Powercon 5 mètres;4;4;54,6;;5;FAUX;FAUX;
DMX3/TRUE-3M;FAUX;Câble DMX 3pts + TrueOne 3 mètres;2;2;49,4;;0;FAUX;FAUX;
DMX5/100M;FAUX;Câble DMX 5 pts 100m;11;11;11;;0;FAUX;FAUX;
DMX5/010M;FAUX;Câble DMX 5 pts 10m;2;2;35,1;;107;FAUX;FAUX;
DMX5/15M;FAUX;Câble DMX 5 pts 15m;2;2;40,99;;4;FAUX;FAUX;
DMX5/20M;FAUX;Câble DMX 5 pts 20m;3;3;45;;60;FAUX;FAUX;
DMX5/30M;FAUX;Câble DMX 5 pts 30m;5;5;53,41;;5;FAUX;FAUX;
DMX5/003M;FAUX;Câble DMX 5 pts 3m;1;1;26,65;;135;FAUX;FAUX;
DMX5/050M;FAUX;Câble DMX 5 pts 50m;6;6;83,81;;6;FAUX;FAUX;
DMX5/005M;FAUX;Câble DMX 5 pts 5m;1;1;29,4;;262;FAUX;FAUX;
DMX5/PWR-10M;FAUX;Câble DMX 5pts + Powercon 10 mètres;0;0;58,56;;45;FAUX;FAUX;
DMX5/PWR-3M;FAUX;Câble DMX 5pts + Powercon 3 mètres;2;2;49,4;;61;FAUX;FAUX;
DMX5/PWR-5M;FAUX;Câble DMX 5pts + Powercon 5 mètres;4;4;54,6;;72;FAUX;FAUX;
DMX5/TRUE-10M;FAUX;Câble DMX 5pts + TrueOne 10 mètres;5;5;109;;6;FAUX;FAUX;
DMX5/TRUE-3M;FAUX;Câble DMX 5pts + TrueOne 3 mètres;2;2;51;;28;FAUX;FAUX;
DMX5/TRUE-5M;FAUX;Câble DMX 5pts + TrueOne 5 mètres;4;4;63;;31;FAUX;FAUX;
DMX HYBR 10M;FAUX;Câble DMX hybride 5 pts + 3 pts 10M;3;3;58,56;;15;FAUX;FAUX;
DMX HYBR 20M;FAUX;Câble DMX hybride 5 pts + 3 pts 20M;4;4;84,5;;15;FAUX;FAUX;
FIRSTPOWER;FAUX;Câble First power Ecran led ;1;1;0;;20;FAUX;FAUX;
20H10;FAUX;Câble harting 20 paires fem/fem 10m;12;12;362;;11;FAUX;FAUX;
20H20;FAUX;Câble harting 20 paires fem/fem 20m;16;16;505;;16;FAUX;FAUX;
20H30;FAUX;Câble harting 20 paires fem/fem 30m;20;20;617,76;;2;FAUX;FAUX;
20H03;FAUX;Câble harting 20 paires fem/fem 3m;6;6;327,6;;2;FAUX;FAUX;
20H40;FAUX;Câble harting 20 paires fem/fem 40m;25;25;790;;2;FAUX;FAUX;
20H05;FAUX;Câble harting 20 paires fem/fem 5m;8;8;302,4;;25;FAUX;FAUX;
HDMI10M;FAUX;Câble HDMI 10m;15;15;64,4;;10;FAUX;FAUX;
HDMI01M;FAUX;Câble HDMI 1m;10;10;37,62;;4;FAUX;FAUX;
HDMI20M;FAUX;Câble HDMI 20m;20;20;75,2;;2;FAUX;FAUX;
HDMI02M;FAUX;Câble HDMI 2m;10;10;37,62;;3;FAUX;FAUX;
HDMI03M;FAUX;Câble HDMI 3m;5;5;33,76;;4;FAUX;FAUX;
HDMI05M;FAUX;Câble HDMI 5m;10;10;37,62;;10;FAUX;FAUX;
HDMI07M;FAUX;Câble HDMI 7m;10;10;37,62;;0;FAUX;FAUX;
HDMI FIBRE 20m;FAUX;Câble HDMI fibre optique 20m 4k 60;15;15;171;;1;FAUX;FAUX;
HDMI FIBRE 30M;FAUX;Câble HDMI fibre optique 30m 4k 60;18;18;0;;1;FAUX;FAUX;
DO.7;VRAI;Câble HP : 8 x 4mm2 CA-COM longueur 0,7m;3;3;152,88;;30;FAUX;FAUX;
DO10;VRAI;Câble HP : 8 x 4mm2 CA-COM longueur 10m;7;7;234;;18;FAUX;FAUX;
DO7;VRAI;Câble HP : 8 x 4mm2 CA-COM longueur 10m;5;5;152,88;;5;FAUX;FAUX;
DO25;VRAI;Câble HP : 8 x 4mm2 CA-COM longueur 25m;10;10;326;;31;FAUX;FAUX;
DO10(P);VRAI;Câble HP rallonge : 8 x 4mm2 CA-COM longueur 10m;7;7;206,7;;9;FAUX;FAUX;
FIBERLINK150MOBILKAB;FAUX;Câble optical CON QUAD sur enrouleur FiberLink - multimode OM4•KLOTZ;150;150;2210,3;;2;FAUX;FAUX;
POWERCON1,5M;FAUX;CABLE POWERCON 1,5M;0;0;11,6;;0;FAUX;FAUX;
POWERCON-3M;FAUX;Câble Powercon 3 mètres;1;1;26,71;;2;FAUX;FAUX;
POWERCON-5M;FAUX;Câble Powercon 5 mètres;2;2;28,83;;0;FAUX;FAUX;
RJ45CAT5/STRAP;FAUX;Câble RJ45 0,3 m catégorie 5E-DANTE;1;1;15,71;;40;FAUX;FAUX;
RJ45CAT5/10;FAUX;Câble RJ45 10 m catégorie 5E-DANTE;5;5;45;;6;FAUX;FAUX;
RJ45CAT7/10;FAUX;Câble RJ45 10m catégorie 7;5;5;41,8;;10;FAUX;FAUX;
RJ45CAT5/20;FAUX;Câble RJ45 20 m catégorie 5E-DANTE;8;8;54;;22;FAUX;FAUX;
RJ45CAT7/20;FAUX;Câble RJ45 20m catégorie 7;5;5;70;;6;FAUX;FAUX;
RJ45CAT5/3;FAUX;Câble RJ45 3 m catégorie 5E-DANTE;2;2;12,67;;3;FAUX;FAUX;
RJ45CAT5/40;FAUX;Câble RJ45 40 m catégorie 5E-DANTE;15;15;98,33;;17;FAUX;FAUX;
RJ45CAT5/5;FAUX;Câble RJ45 5 m catégorie 5E-DANTE;3;3;35;;26;FAUX;FAUX;
RJ45CAT6/60;FAUX;Câble RJ45 60 m catégorie 6;55;55;217;;0;FAUX;FAUX;
RJ45CAT6/70;FAUX;Câble RJ45 70 m catégorie 6;60;60;216;;0;FAUX;FAUX;
RJ45CAT6/80;FAUX;Câble RJ45 80 m catégorie 6;65;65;235;;4;FAUX;FAUX;
16H10;FAUX;Câble RMP 16 paires 10m (multibroche circulaire);8;8;674;;2;FAUX;FAUX;
16H20;FAUX;Câble RMP 16 paires 20m (multibroche circulaire);12;12;812;;2;FAUX;FAUX;
SDI-100M;FAUX;Câble SDI 100m;40;40;784;PRIX VIA THOMANN FRANCE (HT);0;FAUX;FAUX;
SDI-10M;FAUX;Câble SDI 10m;10;10;25;;7;FAUX;FAUX;
SDI-20M;FAUX;Câble SDI 20m;20;20;45;;4;FAUX;FAUX;
SDI-30M;FAUX;Câble SDI 30m;25;25;119,2;PRIX VIA THOMANN FRANCE (HT);2;FAUX;FAUX;
SDI-50M;FAUX;Câble SDI 50m;30;30;295,2;PRIX VIA THOMANN FRANCE (HT);2;FAUX;FAUX;
SDI-5M;FAUX;Câble SDI 5m;5;5;15;;3;FAUX;FAUX;
SDI-60M;FAUX;Câble SDI 60m;35;35;150;;1;FAUX;FAUX;
SDI 70M;FAUX;Câble SDI 70m;40;40;328;;4;FAUX;FAUX;
SDI-STRAP;FAUX;Câble SDI strap ;2;2;5;;8;FAUX;FAUX;
FIBERLINK150SMARTBEA;FAUX;Câble SmartBeam Duo sur enrouleur FiberLing Multimode 150m•KLOTZ;150;150;2370,15;;2;FAUX;FAUX;
STRAPDATA;FAUX;Câble STRAP data Starmedia 3,9;2;2;84;;115;FAUX;FAUX;
STRAPPOWER;FAUX;Câble STRAP power Starmedia 3,9;2;2;84;;115;FAUX;FAUX;
TRUEONE;FAUX;Câble TrueOne;0;0;0;;0;FAUX;FAUX;
VGA10M;FAUX;Câble VGA 10m;15;15;16,5;;6;FAUX;FAUX;
VGA15M;FAUX;Câble VGA 15m;18;18;25;;0;FAUX;FAUX;
VGA20M;FAUX;Câble VGA 20m;20;20;33,5;;7;FAUX;FAUX;
VGA02M;FAUX;Câble VGA 2m;5;5;5,5;;2;FAUX;FAUX;
VGA05M;FAUX;Câble VGA 5m;10;10;9;;2;FAUX;FAUX;
CAB-AES/STRAP;FAUX;Câble XLR AES strap ;1;1;0;;22;FAUX;FAUX;
RISER;FAUX;Cadre à roulettes pour praticables;20;20;453;;20;FAUX;FAUX;
KALIBRO;FAUX;Cadre Berceau pour VP 600 x 600 mm;100;100;420;;1;FAUX;FAUX;
CCPEARLF;FAUX;"Caisse claire 14""x6,5"" Free Floating Bronze•PEARL";12;12;649;;1;FAUX;FAUX;
CCGRESTCH;FAUX;"Caisse claire Catalina Club 14""x5,5""•GRETSCH";12;12;325;;1;FAUX;FAUX;
CCDW;FAUX;"Caisse claire DW Collector 14""•DW";12;12;177;;1;FAUX;FAUX;
CCPEARLS;FAUX;"Caisse claire Pearl Signature 14""•PEARL";12;12;399;;1;FAUX;FAUX;
CCPEARLPIC;FAUX;"Caisse claire Piccolo 13""x3""•PEARL02";9,6;9,6;269;;1;FAUX;FAUX;
DXS15 SUB;FAUX;"Caisson de basse amplifié 15"" YAMAHA";66;66;668,52;;4;FAUX;FAUX;
CAJON;FAUX;Cajon ajustable•LP;12;12;162;;1;FAUX;FAUX;
CALE 30X30;FAUX;Cales bois 30 cm x 30 cm • LAYHER;0;0;0;;300;FAUX;FAUX;
BLACKGUN;FAUX;Canon à lumière noire 400W;30;30;95,76;;8;FAUX;FAUX;
RPW200;FAUX;Capsule HF main Nexadyne cardioïde, noire • SHURE;20;20;354;;2;FAUX;FAUX;
HF CAPSBETA58A;FAUX;Capsule Shure Beta 58A pour UR2;20;20;145,21;;13;FAUX;FAUX;
HF CAPSBETA87A;FAUX;Capsule Shure Beta 87A pour UR2;20;20;456;;4;FAUX;FAUX;
HF CAPSKSM9;FAUX;Capsule Shure KSM9 pour UR2;20;20;610;;6;FAUX;FAUX;
HF CAPSSM58;FAUX;Capsule Shure SM58 pour UR2;20;20;134,04;;31;FAUX;FAUX;
MY16AT;FAUX;Carte 2 ADAT in / 2 ADAT out • YAMAHA;25;25;375;;2;FAUX;FAUX;
MY4-DA;FAUX;Carte 4 OUT ANALOG XLR • YAMAHA;25;25;197,64;;1;FAUX;FAUX;
MY8AD24;FAUX;Carte 8 IN ANALOG JACK 6'35 • YAMAHA;25;25;250,56;;1;FAUX;FAUX;
MY8-ADDA96;FAUX;Carte 8 INSERTS • YAMAHA;25;25;816;;2;FAUX;FAUX;
MY8-AE96;FAUX;Carte 8-in/8-out AES/EBU • YAMAHA;25;25;429,84;;4;FAUX;FAUX;
MY8-TD;FAUX;Carte 8-in/8-out TDIF-1 (TASCAM) • YAMAHA;25;25;674;;1;FAUX;FAUX;
CARTEAES;FAUX;Carte AES YAMAHA 8 I/O;35;35;491;CARTEAES;0;FAUX;FAUX;
MADIFACE;FAUX;Carte d'enregistrement MADIFACE • RME;50;50;1072;MADIFACE;1;FAUX;FAUX;
DANT128-AX;FAUX;Carte réseau audio Dante 128x128 DLIVE • ALLEN & HEATH;30;30;1602,8;;1;FAUX;FAUX;
DANT64-AX;FAUX;Carte réseau audio Dante 64x64 DLIVE • ALLEN & HEATH;30;30;1815;;2;FAUX;FAUX;
ScarlettSOLO;FAUX;Carte son Scarlett Solo USB;30;30;0;;1;FAUX;FAUX;
CASQUE;FAUX;Casque de sécurité / EPI;0;0;0;;17;FAUX;FAUX;
CENTRAL2C;FAUX;Centrale d'intercom 2 circuits;35;35;0;(PLUS EN STOCK CF :INVENTAIRE MICHEL);0;FAUX;FAUX;
SOLIDCOM M1 4B;FAUX;Centrale Intercom HF - 4 postes • HOLLYLAND;150;150;4129,3;;2;FAUX;FAUX;
SOLIDCOM M1 6B;FAUX;Centrale Intercom HF - 6 postes • HOLLYLAND;150;150;0;;0;FAUX;FAUX;
INTERCOMHF;FAUX;Centrale Intercom HF 1 canal-4 postes;150;150;4527,87;;2;FAUX;FAUX;
CERCE4M;FAUX;CERCE DE 4 M DIAM TRI 300;75;75;0;;0;FAUX;FAUX;
CERCE5M;FAUX;CERCE DE 5 M DIAM TRI 300;90;90;0;;0;FAUX;FAUX;
CERCE6M;FAUX;CERCE DE 6 M DIAM TRI 300;120;120;3956,24;;1;FAUX;FAUX;
CERCE8M;FAUX;CERCE DE 8 M DIAM TRI 300;160;160;0;;0;FAUX;FAUX;
CHAISE;FAUX;Chaise pliante+accroche (côté/sol);4;4;0;;0;FAUX;FAUX;
CC1000;FAUX;Changeur 1KW • DIAFORA;38;38;90;;7;FAUX;FAUX;
CC5000;FAUX;Changeur 5 KW • DIAFORA;100;100;0;;0;FAUX;FAUX;
NOVA;FAUX;Changeur de couleur1KW-2KW• DIAFORA;60;60;0;;0;FAUX;FAUX;
CHARGEUR ALC161;FAUX;CHARGEUR ALC161;0;0;0;;0;FAUX;FAUX;
FISCHERAPMS-161AA;FAUX;Chargeur rackable 1 U pour16 piles AA;40;40;444,87;;11;FAUX;FAUX;
CHARTIO DISTRIB;FAUX;Chariot métallique pour distribution;0;0;1182;;0;FAUX;FAUX;
KS21-CHARIOT;FAUX;Chariot pour 3 x KS21;0;0;1480;;2;FAUX;FAUX;
KS28-CHARIOT;FAUX;Chariot pour 4 x KS28;0;0;2730;;2;FAUX;FAUX;
WTEX-CHARIOT;FAUX;Chariot Trolley WENTEX ;0;0;1311,98;;3;FAUX;FAUX;
CHARNIERE;FAUX;Charnière pour casquette • LAYHER;5;5;34,16;;18;FAUX;FAUX;
CHAUSS2MC;FAUX;Chausette Lycra 2M pour 300 Carre;16;16;108,88;;8;FAUX;FAUX;
CHAUSS3MC;FAUX;Chausette Lycra 3M pour 300 Carre;16;16;0;;0;FAUX;FAUX;
STRIKE ARRAY 2;FAUX;CHAUVET • Blinder Led blanc chaud 60° IRC92 IP65 - 130W;20;20;601,4;;12;FAUX;FAUX;
STRIKE ARRAY 4;FAUX;CHAUVET Blinder Led blanc chaud 60° IRC 92 IP 65-260W;50;50;962;;12;FAUX;FAUX;
CHIMES;FAUX;Chimes 25 tubes doublés + pied•LP02;24;24;166;;1;FAUX;FAUX;
VIDEO6000;FAUX;CHRISTIE•DHD600-G videoproj. 6000 lumens DLP 1920x1080;700;700;5367,6;;1;FAUX;FAUX;
LX700;FAUX;CHRISTIE•Vidéoprojecteur LX700;800;800;0;PLUS EN STOCK;0;FAUX;FAUX;
WU12K-M;FAUX;CHRISTIE•Vidéoprojecteur Roadster WUXGA - 3DLP - 12000 lms;2590;2590;41000;;1;FAUX;FAUX;
LEG TO LEG;FAUX;Clamp Leg to Leg STAGE DEX;2;2;0;;12;FAUX;FAUX;
OXYGENPRO61;FAUX;Clavier maitre USB OXYGEN PRO61•M-AUDIO;20;20;0;;1;FAUX;FAUX;
CLAVIER;FAUX;Clavier pour ordinateur ;5;5;0;;1;FAUX;FAUX;
BETA29;FAUX;Clip de sécurité pour goupille conique GO29;0;0;0;;300;FAUX;FAUX;
COLLIER;FAUX;Collier de liaison des poutres • LAYHER;5;5;27,51;;18;FAUX;FAUX;
COLLIERCLAV;FAUX;Collier double à clavette • LAYHER;5;5;21,84;;61;FAUX;FAUX;
COLLIERS MILLS 90°;FAUX;Collier mills fixe 90°;3;3;9,19;EVALUATION;37;FAUX;FAUX;
COLLIER SIMPLE;FAUX;Collier mills simple + anneau de levage;5;5;31,87;;24;FAUX;FAUX;
COLLIERS MILLS;FAUX;Collier rotatif•MILLS/LAYHER;5;5;14,46;;155;FAUX;FAUX;
COLORBEAM;FAUX;COLORBEAM 7 LED FULL COLOR+BLANC 7X5 W 10° • OXO;40;40;0;;0;FAUX;FAUX;
AC3002;FAUX;Combiner actif d antenne ‚ SENNHEISER;50;50;0;;0;FAUX;FAUX;
AC3000;FAUX;Combiner actif d antenne • SENNHEISER;50;50;2310;;2;FAUX;FAUX;
GRANDMA3ONPC;FAUX;Commande Wing XT grandMA3 onPC•MA LIGHTING;220;220;11490;;1;FAUX;FAUX;
DPA 2012;FAUX;Compact Cardioid Microphone;30;30;493;;1;FAUX;FAUX;
KIT;FAUX;COMPRENANT :;0;0;0;;1000;FAUX;FAUX;
SMC2B;FAUX;Compress multibande stéréo SMC2B • TUBE-TECH;80;80;3600;;1;FAUX;FAUX;
DBX160A;FAUX;Compresseur 160A mono • DBX;20;20;340;;4;FAUX;FAUX;
CL1B;FAUX;Compresseur mono CL1B • TUBE TECH;60;70;2428,09;;2;FAUX;FAUX;
DPR402;FAUX;Compresseur/limiteur/dé-esser stéréo • BSS;30;30;1095,48;;1;FAUX;FAUX;
CONGA;FAUX;"Congas Matador 11"" 3/4•LP";42;42;425;;1;FAUX;FAUX;
MG10;FAUX;Console  4mic/3st/1/2  USB non rackable • YAMAHA;20;20;149;;4;FAUX;FAUX;
TF1;FAUX;console 16 faders / 32 canaux / 20 aux • YAMAHA;100;100;1911;;0;FAUX;FAUX;
01V96;FAUX;Console 16 faders / 32 canaux / 8 bus • YAMAHA;70;70;2248,8;;1;FAUX;FAUX;
PRO2C;FAUX;Console 20 faders /48in / 16out avec DL251 • MIDAS;300;300;0;;0;FAUX;FAUX;
SD9;FAUX;Console 24 faders / 48 canaux / 16 bus • DiGiCo;300;300;7875;PRIX VIA AUDIOFANZINE;0;FAUX;FAUX;
TF3;FAUX;Console 24 faders / 48 canaux / 20 aux • YAMAHA;150;150;2286,75;;0;FAUX;FAUX;
PM5D-RH;FAUX;Console 24 faders / 48 canaux/ 24 bus • YAMAHA;500;500;56533;;1;FAUX;FAUX;
VENICE320;FAUX;Console 24mic/4st/6/2 • MIDAS;150;150;4654,8;;1;FAUX;FAUX;
DM7 KIT;FAUX;Console 28 faders / 120 canaux 32 physiques / 48 bus, Dante • YAMAHA;640;640;42843,92;;0;FAUX;VRAI;
DM7-;FAUX;Console 28 faders / 120 canaux 32 physiques / 48 bus, Dante • YAMAHA;320;320;27320;;4;FAUX;FAUX;
PRO2;FAUX;Console 28 faders /48in / 16out avec DL251 • MIDAS;450;450;0;;0;FAUX;FAUX;
PRO6;FAUX;Console 29 faders / 64 canaux / 35 bus • MIDAS;800;800;0;;0;FAUX;FAUX;
LS9/32;FAUX;Console 32 faders / 64 canaux / 24 bus • YAMAHA;150;150;5000;;0;FAUX;FAUX;
QL5;FAUX;Console 32 faders / 72 canaux / 24 bus • YAMAHA;300;300;17988;;4;FAUX;FAUX;
CL5 SURFACE;VRAI;Console 32 faders / 72 canaux / 34 bus, Dante • YAMAHA;320;320;20820;;2;FAUX;FAUX;
SD8;VRAI;Console 36 faders / 120 canaux avec MADI Rack • DiGiCo;500;550;33142;SD8;2;FAUX;FAUX;
XL3;FAUX;Console 40mic/16/2 • MIDAS;500;500;7333,33;PRIX VIA AUDIOFANZINE;0;FAUX;FAUX;
PM3500/40;FAUX;Console 40mic/4st/8/2 • YAMAHA;400;400;33511;;1;FAUX;FAUX;
M7CL;VRAI;Console 48 faders / 48 canaux / 24 bus • YAMAHA;300;300;14871,6;;0;FAUX;FAUX;
VI4-64;FAUX;Console 64 In / 32 Out • SOUNDCRAFT;600;600;7500;PRIX VIA AUDIOFANZINE;0;FAUX;FAUX;
MG12/4;FAUX;Console 8mic/4st/2/2 • YAMAHA;30;30;163,08;;1;FAUX;FAUX;
DM3;FAUX;console 9 faders / 16 canaux / 6 aux • YAMAHA;100;100;1890;;2;FAUX;FAUX;
MAMICRO;FAUX;Console asservis 1024 circuits • MA LIGHTING;160;160;8040,48;;0;FAUX;FAUX;
DOT2 XL-F;FAUX;console asservis DOT2 XL-Faders • MA LIGHTING;200;200;9990;;0;FAUX;FAUX;
GRANDMAV2;VRAI;Console asservis grandMA Version 2 light • MA LIGHTING;300;300;28800;;2;FAUX;FAUX;
GRANDMAV3;FAUX;Console asservis grandMA Version 3 light • MA LIGHTING;400;400;40990;;6;FAUX;FAUX;
GRANDMA1;VRAI;Console asservis light 2048 circuits • MA LIGHTING;240;240;18160,8;;1;FAUX;FAUX;
*SD7;FAUX;Console audio numerique SD7 DiGiCo;1800;1800;0;SD7;0;FAUX;FAUX;
AVANTIS KIT;FAUX;Console AVANTIS avec stage-rack 48 in / 24 out • ALLEN & HEATH;500;500;24542,34;;0;FAUX;VRAI;
VI3000;FAUX;Console avec stagebox 64/32 • SOUNDCRAFT;700;700;19625;PRIX VIA AUDIOFANZINE;0;FAUX;FAUX;
CL5 KIT;FAUX;Console CL5 avec stage-rack 48 in / 32 out• YAMAHA;640;600;36343,92;;0;FAUX;VRAI;
MISTRAL 24;FAUX;Console mistral 24 • OXO;50;50;173,04;;1;FAUX;FAUX;
MISTRAL 48;FAUX;Console mistral 48 • OXO;80;80;293,02;;1;FAUX;FAUX;
AVANTIS SURFACE;FAUX;Console numérique 64 canaux-42 bus;300;300;19764;;2;FAUX;FAUX;
MA24/48;FAUX;Console programmable 24/48 • MA LIGHTING;80;80;3158,4;;1;FAUX;FAUX;
MA48/96;FAUX;Console programmable 48/96 • MA LIGHTING;120;120;5163,6;;3;FAUX;FAUX;
S5000 KIT;FAUX;Console S5000 avec stage-rack 48 in / 24 out • ALLEN & HEATH;800;800;30345;;0;FAUX;VRAI;
SQ7 KIT;FAUX;Console SQ7 avec stage-rack 36 in / 20 out• YAMAHA;330;330;6613,02;;0;FAUX;VRAI;
DM7EXT;FAUX;Controleur d'extension DM7•YAMAHA;0;0;3138,75;;1;FAUX;FAUX;
RUPERT;FAUX;Controleur de larsen 2 cannaux NEVE;100;100;1749,17;;1;FAUX;FAUX;
FDS366T;VRAI;Controleur filtre numérique 3entrées/8 sorties • BSS;65;70;2872,8;;1;FAUX;FAUX;
MLCPLUS100;FAUX;Controleur MédiaLink Plus• EXTRON;0;0;440,2;;1;FAUX;FAUX;
TELECO12PRADIO;FAUX;Controleur moteurs 12 canaux Radio MC12•LFTKET;120;120;4220;;1;FAUX;FAUX;
TELECO12PRADIOKIT;FAUX;Controleur moteurs 12 canaux Radio MC12•LIFTKET;120;120;7422;;0;FAUX;VRAI;
MX30;FAUX;Contrôleur Scaler NOVASTAR All-In-One;250;250;0;;4;FAUX;FAUX;
VX600;FAUX;Contrôleur Scaler NOVASTAR All-In-One - HD 1080p;200;200;1267,5;;2;FAUX;FAUX;
VX1000;FAUX;Contrôleur Scaler NOVASTAR All-In-One - HD 1080p;250;250;1792,5;;1;FAUX;FAUX;
SLESA-U8;FAUX;Contrôleur USB-DMX Autonome;0;0;249,38;;3;FAUX;FAUX;
TRANS220110;FAUX;Convertisseur 220 V en 110 V-300 W;10;10;67,5;;0;FAUX;FAUX;
CONVSDI/HDMI;FAUX;CONVERTISSEUR 6G SDI > HDMI•BLACKMAGIC;50;50;179;;5;FAUX;FAUX;
CONV/BI;FAUX;Convertisseur Bi-directionnel SDI>HDMI 12G avec alimentation•BLACKMAGIC;60;60;165,3;;7;FAUX;FAUX;
CONVHDMI/SDI;FAUX;CONVERTISSEUR HDMI > SDI 6G•BLACKMAGIC;50;50;179;;4;FAUX;FAUX;
SCHUKO;FAUX;Cordon d'alimentation schuko 3G1mm², 2m - 230V - 10A;0;0;0;;1000;FAUX;FAUX;
COUPELLE-35;FAUX;Coupelle projecteur pour pied diam.35mm;1;1;0;;24;FAUX;FAUX;
COUPELLE-SPIGOT;FAUX;Coupelle projecteur pour pied wind-up•MANFROTTO;1;1;0;;16;FAUX;FAUX;
CRASHBAR;FAUX;Crash barrière 1,00m PX/m;35;35;450;;0;FAUX;FAUX;
CROCHETPLANCHER;FAUX;Crochet plancher tribune T16 • LAYHER;1;1;8,26;;164;FAUX;FAUX;
ALC4;FAUX;Cycliode à LED RGB+W • ADB;60;60;0;;0;FAUX;FAUX;
CHIN;FAUX;"Cymbale Chinoise HHX 20""•SABIAN";12;12;200;;2;FAUX;FAUX;
CRASH14;FAUX;"Cymbale Crash 14""•SABIAN";12;12;185;;2;FAUX;FAUX;
CRASH15;FAUX;"Cymbale Crash 15""•SABIAN";12;12;185;;2;FAUX;FAUX;
CRASH16;FAUX;"Cymbale Crash 16"" •SABIAN";12;12;185;;2;FAUX;FAUX;
CRASH18;FAUX;"Cymbale Crash 18"" •SABIAN";12;12;185;;2;FAUX;FAUX;
CRASH19;FAUX;"Cymbale Crash 19"" •SABIAN";12;12;185;;2;FAUX;FAUX;
RIDEZ;FAUX;"Cymbale Ride 18""•ZILDJIAN";12;12;300;;0;FAUX;FAUX;
RIDES;FAUX;"Cymbale Ride 20""•SABIAN";12;12;200;;1;FAUX;FAUX;
RIDEU;FAUX;"Cymbale Ride 20""•UFIP";12;12;200;;1;FAUX;FAUX;
RIDEJ;FAUX;"Cymbale Ride HHX Manhattan Jazz avec rivets 20""•SABIAN";12;12;389;;2;FAUX;FAUX;
SPLASH10P;FAUX;"Cymbale Splash 10""•PAISTE";9,6;9,6;170;;1;FAUX;FAUX;
SPLASH10S;FAUX;"Cymbale Splash 10""•SABIAN";9,6;9,6;170;;1;FAUX;FAUX;
CHARLEY;FAUX;"Cymbales charleston 14"" HHX•SABIAN";17,3;17,3;498;;2;FAUX;FAUX;
DAF17T5;FAUX;DAF 17T5 / CN-856-CC;0;0;0;;0;FAUX;FAUX;
SMEDIA3,9-OUT;FAUX;Dalle Led Outdoor Starmedia Curve 3,9mm / 50x50cm • STARWAY;60;60;490,93;;200;FAUX;FAUX;
SMEDIA3,9-O;FAUX;Dalle Led Outdoor Starmedia Curve 3,9mm / 50x50cm • STARWAY;60;60;490;;0;FAUX;FAUX;
STARFRAME;FAUX;DALLE VIDEO MODUKAIRE 64X64 256 PIXEL;45;45;0;;0;FAUX;FAUX;
SPL DEESSER;FAUX;De-esseur 2 canaux • SPL;60;70;459;;1;FAUX;FAUX;
DECIBELMETRE;FAUX;Décibel mètre ;20;20;0;;1;FAUX;FAUX;
DECK CHAINE 3T;FAUX;deck chaine 3T;5;5;0;;8;FAUX;FAUX;
DECK CHAINE 5,3T;FAUX;deck chaine 5,3T;6;6;92;;20;FAUX;FAUX;
TNT;FAUX;Décodeur Tuner / TNT;20;20;0;;0;FAUX;FAUX;
WARP;FAUX;Découpe  Warp 22/50° • ADB;28;28;0;;0;FAUX;FAUX;
611SX;FAUX;Découpe 611SX 1K/2K GX9,5 • JULIAT;18;18;9921;;0;FAUX;FAUX;
613SX;FAUX;Découpe 613 SX 1000W 28/54° • JULIAT;15;15;727,09;;25;FAUX;FAUX;
614SX;FAUX;Découpe 614SX 1000W 16/35° • JULIAT;15;15;751,4;;31;FAUX;FAUX;
710SX;FAUX;Découpe 710SX 2000W 10/25° • JULIAT;30;30;1421,68;PRIX VIA GEAR SOURCE;0;FAUX;FAUX;
711SX;FAUX;Découpe 711SX 2000W 8/16° • JULIAT;30;30;0;;0;FAUX;FAUX;
713SX;FAUX;Découpe 713SX 2000W 29/50° • JULIAT;28;28;1227;;28;FAUX;FAUX;
714SX;FAUX;Découpe 714SX 2000W 15/38° • JULIAT;28;28;1228;;20;FAUX;FAUX;
914SNX;FAUX;Découpe 914s 1200W HMI13/34° • JULIAT;95;95;0;;0;FAUX;FAUX;
933SNX;FAUX;Découpe HMI 933 SNX 2500W ZOOM 30/53 • JULIAT;220;220;375;;0;FAUX;VRAI;
934SNX;FAUX;Découpe HMI 934 SNX 2500W ZOOM 16/38 • JULIAT;220;220;375,7;;0;FAUX;VRAI;
S4 LED;FAUX;Découpe Source Four LED • ETC;30;30;0;;0;FAUX;FAUX;
S4 15/30°;FAUX;Découpe Source Four zoom 15/30° • ETC;15;15;0;;0;FAUX;FAUX;
S4 25/50°;FAUX;Découpe Source Four zoom 25/50° • ETC;15;15;0;;0;FAUX;FAUX;
D-TWO;FAUX;Delay D-TWO •TC ELECTRONIC;30;30;345;;1;FAUX;FAUX;
D5000;FAUX;Delay D5000 • YAMAHA;30;30;1119,58;;1;FAUX;FAUX;
DEROULCAB;FAUX;Dérouleuse pour tourets de cables;15;15;0;;0;FAUX;FAUX;
DIAGO157;FAUX;Diagonale 1,57 m X 2 m • LAYHER;5;5;43,4;;5;FAUX;FAUX;
DIAGO207;FAUX;Diagonale 2,07 m X 2 m • LAYHER;5;5;34,43;;30;FAUX;FAUX;
DIAGO257;FAUX;Diagonale 2,57m x 2,57 m • LAYHER;10;10;69,79;;177;FAUX;FAUX;
DIAGO307;FAUX;Diagonale 3,07 m 2,00 m • LAYHER;2;2;74,2;;16;FAUX;FAUX;
DIAGO257/050;FAUX;Diagonale acier 2,57 X 0,50 M • LAYHER;10;10;48,37;;7;FAUX;FAUX;
DIAGO257/150;FAUX;Diagonale acier 2,57 X 1,50 M • LAYHER;5;5;50,82;;46;FAUX;FAUX;
DISQUE;FAUX;Disque d'adaptation 22mm • LAYHER;5;5;30,24;;20;FAUX;FAUX;
DISTRIBNC1/2;FAUX;Distributeur BNC 1 In/2 Out;30;30;0;;0;FAUX;FAUX;
DISTRIBNC1/4;FAUX;Distributeur BNC 1 In/4 Out;50;50;0;;0;FAUX;FAUX;
DISTRIHDMI1/2;FAUX;Distributeur HDMI 1 In/2 Out;30;30;39,99;;5;FAUX;FAUX;
DISTRIVGA1/2;FAUX;DISTRIBUTEUR VGA 1 IN/2 OUT 400MHZ SMART VIEW;30;30;33,8;;4;FAUX;FAUX;
DISTRIVGA1/4;FAUX;DISTRIBUTEUR VGA1IN/4 OUT 400MHZ SMART VIEW;50;50;79;;2;FAUX;FAUX;
DISTRIHDMI1/4;FAUX;Distributeur/Spltter HDMI 1 In /4 Out•BLUSTREAM;50;50;188;;1;FAUX;FAUX;
DS201;VRAI;Double Noise Gate • DRAWMER;20;20;561,6;;3;FAUX;FAUX;
GC2PEARL;FAUX;Double pédale grosse caisse 2002C-E•PEARL;18;18;389;;1;FAUX;FAUX;
DBT PLUS;FAUX;double symétriseur par transformateur 600 ohms • LA-AUDIO;20;20;114,15;;8;FAUX;FAUX;
DOUBLETTE;FAUX;Doublette étanche IP 220v 16amp;1;1;13,68;;97;FAUX;FAUX;
T744;FAUX;DOUGHTY•Adaptateur Spigot vers embase enceinte 35mm;4;4;30;;19;FAUX;FAUX;
GRIFFE150;FAUX;DOUGHTY•griffe spécial tente 50-110mm CMU 150KG;5;5;75;;10;FAUX;FAUX;
GRIFFE250;FAUX;DOUGHTY•griffe spécial tente 50-150mm CMU 250KG;6;6;71;;10;FAUX;FAUX;
DPA 4018-EMB120;FAUX;DPA • 4018 sur embase de sol tige 120cm;120;120;1442;;1;FAUX;FAUX;
DAD6010;FAUX;DPA•Adaptateur Shure TA4F - microdot;5;5;87;;3;FAUX;FAUX;
BC4099;FAUX;DPA•Clip pour contrebasse;5;5;40;;3;FAUX;FAUX;
GC4099;FAUX;DPA•Clip pour guitare;5;5;36;;6;FAUX;FAUX;
PC4099;FAUX;DPA•Clip pour piano aimanté;5;5;40;;7;FAUX;FAUX;
STC4099;FAUX;DPA•Clip pour sax, trompette;5;5;36;;4;FAUX;FAUX;
VC4099;FAUX;DPA•Clip pour violon, mandoline;5;5;40;;5;FAUX;FAUX;
CC4099;FAUX;DPA•Clip pour violoncelle;5;5;331;;5;FAUX;FAUX;
UC4099;FAUX;DPA•Clip universel (scratch);5;5;40;;5;FAUX;FAUX;
DAD6001;FAUX;DPA•MicroDot vers 3-pin XLR, clip ceinture;7;7;83;;6;FAUX;FAUX;
PSM600FIL;FAUX;Ear monitor filaire • SHURE;60;60;0;PLUS EN STOCK (CFINVENTAIRE MICHEL);0;FAUX;FAUX;
PSM600;FAUX;Ear monitor UHF • SHURE;80;80;651,58;PRIX VIA AUDIOFANZINE;0;FAUX;FAUX;
PSM900;FAUX;Ear monitor UHF 596 à 632 Mhz • SHURE;100;100;1329;VOIR DESCRIPTION;0;FAUX;FAUX;
ECHELSPELEO10m;FAUX;Echelle de speleologie 10m;8;8;232;;4;FAUX;FAUX;
ECHELLE207;FAUX;Echelle renforcée 2,07 m  • LAYHER;10;10;0;;0;FAUX;FAUX;
ECHELLE257;FAUX;Echelle renforcée 2,57 m • LAYHER;10;10;0;;12;FAUX;FAUX;
ECHELTOIT;FAUX;Echelle toit 2.57 • LAYHER;35;35;0;;16;FAUX;FAUX;
ECHELLE3PLANS;FAUX;Echelle transformable 3 plans;20;20;447,67;;5;FAUX;FAUX;
DOM-F;FAUX;éclaté 6 paires XLR femelles pour DOM30;3;3;144;;9;FAUX;FAUX;
DOM-M;FAUX;éclaté 6 paires XLR mâle pour DOM30;3;3;144;;9;FAUX;FAUX;
CAB400/ECL-COS;FAUX;Eclaté cossé 5X120 HO7RNF POWERLOCK 400amp;15;15;633;;3;FAUX;FAUX;
CAB400/ECL-NU;FAUX;Eclaté nu 5X120 HO7RNF POWERLOCK 400amp;15;15;633;;2;FAUX;FAUX;
SOCA-F/SPK4;FAUX;Eclaté Socapex femelle -> 4 x speakon 4 pts;2;2;0;;4;FAUX;FAUX;
SOCA-M/SPK4;FAUX;Eclaté Socapex mâle -> 4 x speakon 4 pts;2;2;0;;7;FAUX;FAUX;
"LCD-18,5""";FAUX;"Ecran 18,5"" (44 CM)";0;0;92,57;;1;FAUX;FAUX;
ECRAN/ST800;FAUX;Ecran à oeillets 4 côtés (face/retro) 8,00x6,00m;400;400;0;;0;FAUX;FAUX;
ECRAN GRANDMA;FAUX;Ecran de controle pour console asservi;25;25;0;;0;FAUX;FAUX;
DLITE10;FAUX;Ecran DLITE10 PX/M2;600;600;0;;0;FAUX;FAUX;
DLITE6XP;FAUX;Ecran DLITE6XP PX/M2;1300;1300;0;;0;FAUX;FAUX;
DLITE7;FAUX;Ecran DLITE7 PX/M2;780;780;0;;0;FAUX;FAUX;
"LCD-20""";FAUX;"Ecran LCD 20"" TFT X20av (52CM)";100;100;0;;0;FAUX;FAUX;
"LCD-22""";FAUX;"ECRAN LCD 22"" (56 CM)";0;0;37,33;;2;FAUX;FAUX;
"LCD-HD-26""";FAUX;"ECRAN LCD 26"" (66 CM)";150;150;0;;0;FAUX;FAUX;
"LCD-HD-32""";FAUX;"ECRAN LCD HD LED 32"" (81 CM)";0;0;284,92;;6;FAUX;FAUX;
LCD-HD-LED50';FAUX;"ECRAN LCD HD LED 50"" (127 CM) 1080P";290;290;540,8;;1;FAUX;FAUX;
LCD-HD-LED55';FAUX;ECRAN LCD HD LED 55' (140CM) 1080P;340;340;607,2;;4;FAUX;FAUX;
LCD-HD-LED65';FAUX;"ECRAN LED 4K 65"" (165 CM) - 3840 X 2160 P - ULTRA HD - WI-FI -";300;300;897;;6;FAUX;FAUX;
"ECRANPC21.5"" LED";FAUX;Ecran PC Full HD 1080p - 1920 x 1080 pixels • IIYAMA;0;0;248,54;;2;FAUX;FAUX;
PLASMA40;FAUX;"Ecran plasma 40"" PDP V402";200;200;0;PLUS EN STOCK;0;FAUX;FAUX;
PLASMA42;FAUX;"Ecran plasma 42"" PFM 42BE";250;250;0;PLUS EN STOCK;1;FAUX;FAUX;
PLASMA50;FAUX;"Ecran plasma 50"" PDP V502";280;280;0;PLUS EN STOCK;0;FAUX;FAUX;
PLASMA55;FAUX;"ECRAN PLASMA 55""";300;300;0;PLUS EN STOCK;0;FAUX;FAUX;
ECRAN1200;FAUX;Ecran sur cadre blanc (face/retro) 12,00x8,00m;600;600;2124,9;;0;FAUX;FAUX;
ECRAN240;FAUX;Ecran sur cadre blanc (face/retro) 2,40x1,80m;60;60;0;;0;FAUX;FAUX;
ECRAN0300;FAUX;Ecran sur cadre blanc (face/retro) 3,00x2,00m;70;70;1306;;1;FAUX;FAUX;
ECRAN0400;FAUX;Ecran sur cadre blanc (face/retro) 4,00x3,00m;80;80;1735,5;;1;FAUX;FAUX;
ECRAN0600;FAUX;Ecran sur cadre blanc (face/retro) 6,00x4,50m;400;400;3622,5;;0;FAUX;FAUX;
ECRAN0800;FAUX;Ecran sur cadre blanc (face/retro) 8,00x6,00m;420;420;0;;0;FAUX;FAUX;
ECRAN10X6;FAUX;ECRAN TOILE RETRO 10X6 M;180;180;0;;0;FAUX;FAUX;
EQAPEX;FAUX;Egaliseur 2 X 31 bandes GX230• APEX;35;35;694;EQAPEX;5;FAUX;FAUX;
EQBSS;VRAI;Egaliseur 2 X 31 bandes OPAL• BSS 966;35;35;716,51;;2;FAUX;FAUX;
DPR901;FAUX;Egaliseur paramétrique dynamique • BSS;30;30;300;PRIX VIA AUDIOFANZINE;0;FAUX;FAUX;
A15-LIFT;FAUX;Elément d'accrochage pour déploiement horizontal de l'A15 • L'ACOUSTICS;25;25;380;;2;FAUX;FAUX;
K3-BUMP;FAUX;Element de levage pour K3 incl. K3 RIGGBAR • L'ACOUSTICS;80;80;0;;0;FAUX;FAUX;
A15-TILT;FAUX;Element de rigging entre A15 et KS21 stack • L'ACOUSTICS;20;20;570;;2;FAUX;FAUX;
ACCROCHESAMIA;FAUX;Elements de liaison pour praticables;1;1;11,55;;151;FAUX;FAUX;
ELINGUE1T/0,80M;FAUX;Elingue 1,5T/lg 0,8m;4;4;58;;68;FAUX;FAUX;
ELINGUE1,5T/1.20M;FAUX;Elingue 1,5T/lg 1,2m;4;4;15,4;;8;FAUX;FAUX;
ELINGUE1,5T/1,45M;FAUX;Elingue 1,5T/lg 1,45m;4;4;19;EVALUATION;37;FAUX;FAUX;
ELINGUE1,5T/10M;FAUX;Elingue 1,5T/lg 10m;7;7;30,1;;54;FAUX;FAUX;
ELINGUE1,5T/2,20m;FAUX;Elingue 1,5T/lg 2,2m;5;5;26,4;;100;FAUX;FAUX;
ELINGUE1.5T/2M;FAUX;Elingue 1,5T/lg 2m;5;5;19,1;;105;FAUX;FAUX;
ELINGUE1,5T/3,20M;FAUX;Elingue 1,5T/lg 3,20m;5;5;19;EVALUATION;58;FAUX;FAUX;
ELINGUE1,5T/3M;FAUX;Elingue 1,5T/lg 3m;5;5;30;;70;FAUX;FAUX;
ELINGUE1.5T/4M;FAUX;Elingue 1,5T/lg 4m;6;6;4,5;;1;FAUX;FAUX;
ELINGUE1,5T/5M;FAUX;Elingue 1,5T/lg 5m;6;6;51;;87;FAUX;FAUX;
ELINGUE1T/4M;FAUX;Elingue 1T/lg 4m;4;4;17,32;;20;FAUX;FAUX;
ELINGUE1T/10M;FAUX;Elingue câble acier 10mm - gaine transparente - CMU 1T - 10m RIGLIFT;7;7;59,57;;20;FAUX;FAUX;
ELINGUE1T/1M5;FAUX;Elingue câble acier 10mm - gaine transparente -CMU 1T - 1,5m RIGLIFT Cos;4;4;19,61;;30;FAUX;FAUX;
ELINGUE1T/3M;FAUX;Elingue câble acier 10mm - gaine transparente -CMU 1T - 10m RIGLIFT Coss;4;4;59,57;;20;FAUX;FAUX;
ELINGUE1T/2M;FAUX;Elingue câble acier 10mm - gaine transparente -CMU 1T - 2m RIGLIFT Cosse;5;5;28,59;;34;FAUX;FAUX;
SPENCET2M;FAUX;Elingue textile Spancet 1T - 2M;30;30;17,64;;0;FAUX;FAUX;
SPENCETTE4M;FAUX;Elingue textile Spancet 1T - 4M;30;30;0;;0;FAUX;FAUX;
SPENCET 1M;FAUX;Elingue textile Spencet  1T -1M;15;15;21;;15;FAUX;FAUX;
LAY.BASE;FAUX;Embase de départ pour tour dimension 2,57 x 2,57 m • LAYHER;28;28;212,8;;0;FAUX;VRAI;
A-MOUNT;FAUX;Embase de montage sur pied pour A15 ET A10•L-ACOOUSTICS;10;10;259;;2;FAUX;FAUX;
EMBASE-LEG;FAUX;Embase légère série 300 Carré;10;10;66,3;;22;FAUX;FAUX;
EMBASE500_2;FAUX;Embase lourde pour série 500 carrée;40;40;0;;0;FAUX;FAUX;
EMBASELOUR-RECT;FAUX;Embase lourde rectangulaire série 300 1m x 0,5m;18;18;1315;;8;FAUX;FAUX;
EMBASELOUR;FAUX;Embase lourde ronde série 300 Diam 80;18;18;301,34;;24;FAUX;FAUX;
EMBASELOURTRI;FAUX;Embase lourde série 300TRI diam. 80;30;30;1293;;2;FAUX;FAUX;
WTEX-EMBASE;FAUX;Embase lourde WENTEX Pipes and Drapes - 450 x 450mm - 8kg - Noire;8;8;66,65;;31;FAUX;FAUX;
EMB.SB18;FAUX;Embase pour SB18 pour structure Prolyte et ASD;50;50;449;;12;FAUX;FAUX;
VISLAYER;FAUX;Embase vis (pieds de tour) • LAYHER;2;2;12,88;;132;FAUX;FAUX;
UR2;VRAI;Emetteur main • SHURE;40;40;830;;6;FAUX;FAUX;
AD2;FAUX;Emetteur main série AXIENT Bande G56 (470 à 636 MHz) • SHURE;40;40;1000;;20;FAUX;FAUX;
UL2;FAUX;Emetteur main série ULX Bande H51 (534 à 598 MHz) • SHURE;40;40;804;;19;FAUX;FAUX;
AD1;FAUX;Emetteur pocket série AXIENT Bande G56 (470 à 636 MHz) • SHURE;40;40;860;;19;FAUX;FAUX;
UL1;FAUX;Emetteur pocket série ULX Bande H51 (534 à 598 MHz) • SHURE;40;40;550;;18;FAUX;FAUX;
SR2050;FAUX;Emetteur stéréo double canal IN-EAR monitor plan Bw • SENNHEISER;140;140;2950;;8;FAUX;FAUX;
UR1;VRAI;Emmetteur pocket • SHURE;40;40;820;;16;FAUX;FAUX;
A15-FOCUS-;FAUX;"Enceinte 15"" WST® 10° passive 2 voies • L'ACOUSTICS";55;55;5800;;12;FAUX;FAUX;
A15-WIDE-;FAUX;"Enceinte 15"" WST® 30° passive 2 voies • L'ACOUSTICS";55;55;5800;;4;FAUX;FAUX;
*MTD108-8XT;FAUX;Enceinte 2 voies,400 W 8XT-• L'ACOUSTICS;25;25;0;;0;FAUX;FAUX;
K3-;FAUX;"Enceinte active 2 voies WST® : 2 x 12"" LF + 4"" diaphragme HF • L'ACOUSTI";90;90;0;;0;FAUX;FAUX;
MS101;FAUX;Enceinte amplifiée • YAMAHA;25;25;96;;4;FAUX;FAUX;
DXR10-;FAUX;"Enceinte bi-amplifiée 10"" 1100 W•YAMAHA";52;52;400;;0;FAUX;FAUX;
DXR10;FAUX;"Enceinte bi-amplifiée 10"" 1100 W•YAMAHA";62;52;609;;0;FAUX;VRAI;
DXR12-;VRAI;"Enceinte bi-amplifiée 12"" 1100 W•YAMAHA";58;58;486,75;;10;FAUX;FAUX;
DXR12;FAUX;"Enceinte bi-amplifiée 12"" 1100 W•YAMAHA";68;58;730,75;;0;FAUX;VRAI;
DXR15-;FAUX;"Enceinte bi-amplifiée 15"" 1100 W•YAMAHA";70;70;561,75;;8;FAUX;FAUX;
DXR15;FAUX;"Enceinte bi-amplifiée 15"" 1100 W•YAMAHA";80;70;805,75;;0;FAUX;VRAI;
DXR8-;FAUX;"Enceinte bi-amplifiée 8"" 1100 W•YAMAHA";50;50;411,75;;4;FAUX;FAUX;
DXR8;FAUX;"Enceinte bi-amplifiée 8"" 1100 W•YAMAHA";60;50;655,75;;0;FAUX;VRAI;
DXR-;FAUX;"Enceinte bi-amplifiée 8"" 1100 W•YAMAHA03";50;50;411,75;;0;FAUX;FAUX;
115XTHIQ-115HIQ-;VRAI;"Enceinte coaxiale active 2 voies 15"" • L'ACOUSTICS";45;45;1921,92;HC;16;FAUX;FAUX;
X15 HIQ-;FAUX;"Enceinte coaxiale active 2 voies 15"" • L'ACOUSTICS";45;45;1760,54;;52;FAUX;FAUX;
12XT-;VRAI;"Enceinte coaxiale active/passive 12""  • L'ACOUSTICS";35;35;1910;;0;FAUX;FAUX;
X12-;FAUX;"Enceinte coaxiale passive 2 voies 12""  • L'ACOUSTICS";37;37;2650;;24;FAUX;FAUX;
5XT-;FAUX;"Enceinte coaxiale passive 2 voies 5"" • L'ACOUSTICS";20;20;620;;0;FAUX;FAUX;
X8-;FAUX;"Enceinte coaxiale passive 2 voies 8"" • L'ACOUSTICS";30;30;1690;;12;FAUX;FAUX;
8XT-;FAUX;"Enceinte coaxiale passive 2 voies 8"" • L'ACOUSTICS";25;25;976,5;;16;FAUX;FAUX;
V-DOSC;VRAI;"Enceinte large bande ""WST"" 3 voies active • L'ACOUSTICS";90;99;9200;;0;FAUX;FAUX;
K2-;FAUX;"Enceinte large bande ""WST"" 3 voies active • L'ACOUSTICS";132;110;10240;;24;FAUX;FAUX;
*FLEX6;FAUX;"Enceinte line source amplifiée 1300W - 2x 6,5""- 1x 1,4” • AED";50;50;0;;0;FAUX;FAUX;
LDRM102;FAUX;Enceinte portable sur batterie / CD / USB micro HF • LD SYSTEM;70;70;109;;0;FAUX;FAUX;
ANCHOR;FAUX;Enceinte sur batterie LIB7500 100 W • ANCHOR;36;36;0;;0;FAUX;FAUX;
ARC-;VRAI;Enceinte WST active 2 voies • L'ACOUSTICS;45;45;3099,59;;8;FAUX;FAUX;
DVDOSC;VRAI;Enceinte WST active 2 voies • L'ACOUSTICS;32;32;2886;;6;FAUX;FAUX;
ARCS II-;FAUX;Enceinte WST active 2 voies • L'ACOUSTICS;50;50;4990;;0;FAUX;FAUX;
KARA-;FAUX;Enceinte WST Modulaire 2 voies • L'ACOUSTICS;66;40;4744,79;;72;FAUX;FAUX;
KIVA-;VRAI;Enceinte WST passive 2 voies • L'ACOUSTICS;30;30;2300;HC;14;FAUX;FAUX;
VITALIZER;FAUX;Enhancer à Tubes • SPL;50;55;609,24;;2;FAUX;FAUX;
KARA12;FAUX;Ensemble 12 Enceintes KARA complet • L'ACOUSTICS;1607;1295;129085,18;;0;FAUX;VRAI;
KARA18;FAUX;Ensemble 18 Enceintes KARA complet • L'ACOUSTICS02;2508;2040;207417,92;;0;FAUX;VRAI;
KARA24;FAUX;Ensemble 24 Enceintes KARA complet • L'ACOUSTICS;3409;2785;285750,66;;0;FAUX;VRAI;
HF SR2050 IEM;FAUX;Ensemble IN-EAR monitor double liaison plan Bw;200;200;4051,6;;0;FAUX;VRAI;
HF PSM1000;FAUX;Ensemble IN-EAR monitor double liaison SHURE;200;200;2853;;0;FAUX;VRAI;
HF PSM900;FAUX;Ensemble IN-EAR monitor simple liaison SHURE;80;80;752,85;;0;FAUX;VRAI;
SPK8-ECLATE2;FAUX;Epanoui 1x speakon 8 -> 2x speakon 4;2;2;0;;8;FAUX;FAUX;
SPK8-ECLATE4;FAUX;Epanoui 1x speakon 8 -> 4x speakon 4;2;2;531,81;;3;FAUX;FAUX;
WIELAND/EP;FAUX;Epanoui Harting WIELAND;0;0;290;;1;FAUX;FAUX;
224GS;FAUX;Eq ASHLY 2x31 bandes numerique (esclaves) 2 canaux;30;30;0;PLUS EN STOCK (CF INVENTAIRE MICHEL);0;FAUX;FAUX;
424G;FAUX;Eq ASHLY 2x31 bandes numerique (maitre) 4 canaux;60;60;1488;;0;FAUX;FAUX;
*ESCALIERSSAMIA;FAUX;Escalier modulaire pour praticable;25;25;442,4;;0;FAUX;VRAI;
ESCALIERSSAMIA;FAUX;Escalier modulaire•STAGE82;6;6;110,6;;48;FAUX;FAUX;
ESCALIER;VRAI;Escalier pour scène traditionnelle +main courante;35;35;775;;3;FAUX;FAUX;
LAY.ETG1M;FAUX;Etage hauteur 1m pour tour 2,57 x 2,57 m • LAYHER;76;76;560,28;;0;FAUX;VRAI;
LAY.ETG2M;FAUX;Etage hauteur 2m pour tour 2,57 x 2,57 m • LAYHER;84;84;631,4;;0;FAUX;VRAI;
LUSTR3;FAUX;ETC • Découpe source four LED 8 couleurs;85;85;0;;0;FAUX;FAUX;
OPT25-50;FAUX;ETC • Optique Zoom 25/50° S4;10;10;0;;0;FAUX;FAUX;
PAR ETC S4;FAUX;ETC•PAR source IV 575W HPL + volets;36;36;200;;24;FAUX;FAUX;
ARAKNO;FAUX;"EUROMET•Support ""pieuvre"" VP pour tube diam 50 - max 2";50;50;53,35;;3;FAUX;FAUX;
DOFILL-LA8;FAUX;Extension de câble HP pour enceintes actives 2 voies : CA-COM > 2 x NL-4;5;5;174;;29;FAUX;FAUX;
DOFILL;FAUX;Extension de câble HP pour enceintes actives 2 voies : CA-COM > 2 x NL-4;5;5;235;;4;FAUX;FAUX;
DOSUB-LA8;FAUX;Extension de câble HP pour enceintes passives : CA-COM > 4 x NL-2 longue;5;5;196;;20;FAUX;FAUX;
DOSUB;FAUX;Extension de câble HP pour enceintes passives : CA-COM > 4 x NL-2 longue;5;5;196;;11;FAUX;FAUX;
WTEX-EXT;FAUX;Extension structure d'occultation WENTEX avec rideau noir 3m x 3m;55;55;469,17;;0;FAUX;VRAI;
FERMETOIT;FAUX;Ferme pour bâche toit lg 2,57 m;0;0;0;;15;FAUX;FAUX;
FERME1,22;VRAI;Ferme STACCO 1,22 M;4;4;100;EVALUATION;12;FAUX;FAUX;
FERME2,44;VRAI;Ferme STACCO 2.44 M;5;5;100;EVAULATION;65;FAUX;FAUX;
OPTICAL-2MU-150;FAUX;Fibre Optique OpticalCon Duo Multimode 150m;90;90;2210,3;;6;FAUX;FAUX;
SMART-2MU-150;FAUX;Fibre Optique Smartbeam Duo Multimode 150m;90;90;2370,15;;6;FAUX;FAUX;
ICE FILTRE42;FAUX;Filtre 42° pour IceColor 250/500 • AYRTON;1;1;66;;32;FAUX;FAUX;
A56D;FAUX;Fixation pour fût de batterie universelle•SHURE;2;2;43,89;;2;FAUX;FAUX;
FLMOTEURSCHAIN;FAUX;Flight 2 moteurs CHAINMASTER 500Kg D8+;0;0;517;;2;FAUX;FAUX;
FLMOTEURS;FAUX;Flight 2 moteurs Liftket 1 T;0;0;378;;0;FAUX;FAUX;
AVANTIS-FLIGHT;FAUX;Flight case AVANTIS;0;0;1125;;2;FAUX;FAUX;
FSE LA BPKARA.2;FAUX;Flight case pour 2 BUMP KARA et 2MBAR et accessoires;0;0;855,6;;1;FAUX;FAUX;
FCRAVEN;FAUX;Flight case pour 2 Mac AURA;0;0;1540;;12;FAUX;FAUX;
FCVIPERXIP;FAUX;Flight case pour 2 Viper XP;0;0;1365;;18;FAUX;FAUX;
FSE LA KARA.3;FAUX;Flight case pour 3 enceintes KARA/KARA II;0;0;898;;8;FAUX;FAUX;
DLIVE-FLIGHT;FAUX;Flight case pour DLIVE•ALLEN & HEATH;0;0;2674;;2;FAUX;FAUX;
BOXKOLOR FLIGHT;FAUX;Flight-case 12 BoxKolor;0;0;350;;2;FAUX;FAUX;
AMFC41152;FAUX;Flight-case pour 2 bumps A15+câbles;0;0;583,7;;2;FAUX;FAUX;
FSE LA A15.G2;FAUX;Flight-case pour 2 enceintes A15 Focus/Wide en grappe;0;0;1127;;4;FAUX;FAUX;
FSE LA X15HIQ.2;FAUX;Flight-case pour 2 enceintes X15 HIQ-Mousse dec.;0;0;462,6;;5;FAUX;FAUX;
FSE LA X8.2;FAUX;Flight-case pour 2 enceintes X8-Mousse;0;0;334,2;;1;FAUX;FAUX;
AMFC36861;FAUX;Flight-case pour 2 moteurs CHAIN MASTER 1T+Crochet+sac;0;0;319;;1;FAUX;FAUX;
FLYDW;FAUX;Flight-case pour 6 fûts DW;0;0;0;;1;FAUX;FAUX;
FLYPERCU;FAUX;Flight-case pour accessoires PERCUS;0;0;0;;0;FAUX;FAUX;
MDGFLIGHT-;FAUX;Flight-case pour ATMMe-Me1-Me2-Me3-Me3e;0;0;338,96;;5;FAUX;FAUX;
FLYSVT410;FAUX;Flight-case pour baffle AMPEG SVT 410;0;0;582;;0;FAUX;FAUX;
FLYMARSHAL;FAUX;Flight-case pour baffle MARSHALL;0;0;579;;0;FAUX;FAUX;
FLIGHT-BAF100-;FAUX;Flight-case pour boule à facette diam 100cm•SHOWGEAR;0;0;793,07;;1;FAUX;FAUX;
FLYHOTROD1;FAUX;Flight-case pour FENDER HOT ROD;0;0;0;;0;FAUX;FAUX;
FLYHOTROD2;FAUX;Flight-case pour FENDER HOT ROD III;0;0;0;;0;FAUX;FAUX;
FLYTWIN;FAUX;Flight-case pour FENDER Twin reverb ;0;0;510;;0;FAUX;FAUX;
FLYGCDW;FAUX;Flight-case pour grosse caisse DW;0;0;230;;1;FAUX;FAUX;
FLYNORD;FAUX;Flight-case pour piano NORD STAGE 2;0;0;563;;0;FAUX;FAUX;
FLYRD800;FAUX;Flight-case pour piano RD800;0;0;590;;0;FAUX;FAUX;
FLYPIEDSDW;FAUX;Flight-case pour pieds  DW;0;0;385,44;;1;FAUX;FAUX;
FLYSTAND;FAUX;Flight-case pour Stands + Pupitres;0;0;0;;0;FAUX;FAUX;
FLYNORDELECT;FAUX;Flight-case pour synthé NORD ELECTRO;0;0;347;;0;FAUX;FAUX;
FLYTRITON;FAUX;Flight-case pour synthé TRITON;0;0;543;;0;FAUX;FAUX;
FLYMOTIF6;FAUX;Flight-case pour synthé YAMAHA MOTIF6;0;0;519;;0;FAUX;FAUX;
FLYSVTAMP;FAUX;Flight-case pour tête AMPEG SVT ;0;0;0;;0;FAUX;FAUX;
FLYMARSHALTETE;FAUX;Flight-case pour tête MARSHALL;0;0;290;;0;FAUX;FAUX;
FLYVOX;FAUX;Flight-case pour VOX AC30;0;0;452;;0;FAUX;FAUX;
FST YA DM7+H;FAUX;Flight-case tournée DM7-EX+BAC arrière;0;0;1827;;4;FAUX;FAUX;
FLOODLITE;FAUX;FLOODLITE HD BLINDER +VOLET1 RGBW 200W•STARWAY;20;20;530;;32;FAUX;FAUX;
4010502/FC;FAUX;Flyght-case à roulette pour grandMA3 Light;0;0;828;;6;FAUX;FAUX;
*FONDGM;FAUX;Fond de scène velour noir 12,00x8,00m;79;79;0;;0;FAUX;FAUX;
DM1;FAUX;Footswitch splitter radial DM1 • RADIAL;10;10;81,26;;20;FAUX;FAUX;
FORFAIT ECLAI;FAUX;Forfait éclairage;0;0;0;;0;FAUX;FAUX;
FORFAIT SON;FAUX;Forfait sonorisation;0;0;0;;0;FAUX;FAUX;
FORFAIT STRUCTURE;FAUX;Forfait structure;0;0;0;;0;FAUX;FAUX;
FORFAIT TRANS;FAUX;Forfait transport;0;0;0;;0;FAUX;FAUX;
FOUET F;FAUX;Fouet femelle 8 circuits;1;1;252,35;;49;FAUX;FAUX;
RS-DECALE/F;FAUX;Fouet femelle décalé 4 x RS Moteur;5;5;0;;10;FAUX;FAUX;
FOUET DECALE;FAUX;fouet femelle décalé 8 circuits;1;1;302,5;;33;FAUX;FAUX;
RS-SOCA/F;FAUX;Fouet femelle Socapex 4 x RS Moteur;3;3;84;;8;FAUX;FAUX;
E20F;FAUX;Fouet Harting 20 paires femelle;10;10;308,7;;19;FAUX;FAUX;
E20M;FAUX;Fouet Harting 20 paires mâles;10;10;299,52;;44;FAUX;FAUX;
E16 JACKS;FAUX;Fouet Klotz 16 jacks;10;10;0;;0;FAUX;FAUX;
FOUET M;FAUX;Fouet mâle 8 circuit;1;1;200,24;;55;FAUX;FAUX;
RS-SOCA/M;FAUX;Fouet mâle Socapex 4 x RS Moteur;3;3;77;;8;FAUX;FAUX;
E16M;FAUX;Fouet RMP 16 paires mâles;8;8;589;;4;FAUX;FAUX;
E8F;FAUX;Fouet RMP 8 paires Femelles;8;8;0;;0;FAUX;FAUX;
E8M;FAUX;Fouet RMP 8 paires Male;10;10;0;;0;FAUX;FAUX;
FRAIKIN1;FAUX;FRAIKIN BACHÉ 19 T;0;0;0;;0;FAUX;FAUX;
FRAIKIN2;FAUX;FRAIKIN FOURGON 12T;0;0;0;;0;FAUX;FAUX;
FRAIKIN3;FAUX;FRAIKIN FOURGON 12T;0;0;0;;0;FAUX;FAUX;
FRAIKIN4;FAUX;FRAIKIN TRACTEUR 1;0;0;0;;0;FAUX;FAUX;
FRAIKIN5;FAUX;FRAIKIN TRACTEUR 2;0;0;0;;0;FAUX;FAUX;
FRESN500W;FAUX;Fresnal 500w 10 à 64° GX9,5 • SCENA;10;10;141;;60;FAUX;FAUX;
FRISE 8/0.7;FAUX;Frise noire longueur 12m / hauteur 0,70m;15;15;163,2818258;;6;FAUX;FAUX;
FRISE 12/1,5;FAUX;Frise noire longueur 12m / hauteur 1,50m;28;28;156;;1;FAUX;FAUX;
FRISE 15/0.5;FAUX;Frise noire longueur 15m / hauteur 0,50m;10;10;156;;2;FAUX;FAUX;
FRISE 6/1.5;FAUX;Frise noire longueur 6m / hauteur 1,50m;15;15;182,58;;9;FAUX;FAUX;
FRISE 6/2,5;FAUX;Frise noire longueur 6m / hauteur 2,50m;20;20;150;;7;FAUX;FAUX;
GUIRLANDE;FAUX;Gaine lumineuse de signalisation 5,00m;10;10;0;;0;FAUX;FAUX;
GARDECORPS SAMIA;FAUX;Garde corps pour praticables Samia Px/m;5;5;50,4;;34;FAUX;FAUX;
GARDECORPS122;VRAI;Garde corps pour scène traditionnelle lg 1,22 Px/m•STACCO02;7;7;87,36;;2;FAUX;FAUX;
GARDECORPS244;VRAI;Garde corps pour scène traditionnelle lg 2,44 Px/m•STACCO;7;7;87,36;;3;FAUX;FAUX;
GO29;FAUX;Goupille conique pour structure 300;0;0;0;;300;FAUX;FAUX;
GOUPILLERABATABLE;FAUX;Goupille rabattable diam 12 mm • LAYHER;1;1;2,59;;242;FAUX;FAUX;
GCDW22;FAUX;"Grosse caisse DW Collector 22""•DW";48;48;777;;1;FAUX;FAUX;
GCPEARL18;FAUX;"Grosse Caisse PEARL MASTERS JAZZ 18""";45;45;648,96;;1;FAUX;FAUX;
GCPEARL20;FAUX;"Grosse Caisse PEARL MASTERS JAZZ 20""";46;46;648,2;;1;FAUX;FAUX;
GCPEARL22;FAUX;"Grosse caisse Pearl Référence 22""•PEARL";42;42;777;;1;FAUX;FAUX;
GUIVERTE;FAUX;Guirlande verte 220v 3 douilles, au mètre;2;2;0;;0;FAUX;FAUX;
STRATOCASTER;FAUX;Guitare Fender American Performer Stratocaster+ etui;110;110;1196,25;;1;FAUX;FAUX;
HAZER;FAUX;HAZER Machine à fumée;0;0;1471;;0;FAUX;FAUX;
NANOCLOCKS;FAUX;Horloge synchro • ROSENDAHL;25;30;750;;3;FAUX;FAUX;
KS28-COV;FAUX;Housse de protection pour 1 KS28;0;0;428,7;;6;FAUX;FAUX;
KS21-CHARIOTCOV;FAUX;Housse de protection pour 2 ou 3 KS21 sur KS21-chariot;0;0;1030;;2;FAUX;FAUX;
KS28-CHARIOTCOV;FAUX;Housse de protection pour 3 ou 4 KS28 sur KS28-chariot;0;0;1280;;2;FAUX;FAUX;
DXR12HOUSSE-;FAUX;Housse de protection pour enceinte DXR12;0;0;35;;10;FAUX;FAUX;
DXR15HOUSSE-;FAUX;Housse de protection pour enceinte DXR15;0;0;35;;8;FAUX;FAUX;
DXR8HOUSSE-;FAUX;Housse de protection pour enceinte DXR8;0;0;35;;4;FAUX;FAUX;
BOSES1PRO+HOUSSE-;FAUX;Housse pour enceinte S1PRO+•BOSE;0;0;18,33;;2;FAUX;FAUX;
IN-EAR FISCH;FAUX;In-ear monitor filaire • FISCHER AMPS;60;60;291;;5;FAUX;FAUX;
INCLINOMETRE;FAUX;Inclinomètre LAP-TEQ PLUS•TEQSAS;100;10;1520;;2;FAUX;FAUX;
APOLLOX16D;FAUX;Interface audio Apollo x16D Ultimate•UNIVERSAL AUDIO;50;50;3640,88;;2;FAUX;FAUX;
AIRBOX;FAUX;Interface DMX WIFI BOXCOLOR • STARWAY;10;10;190;;2;FAUX;FAUX;
MADIBRIDGE;VRAI;Interface MADIBRIDGE • RME;50;55;1555;MADIBRIDGE;0;FAUX;FAUX;
SCARLETT18i20;FAUX;Interface Scarlett 18i20 4th gen•FOCUSRITE02;10;10;576,67;;1;FAUX;FAUX;
SCARLETT4;FAUX;Interface Scarlett solo 2 in 2 out USB•FOCUSRITE;10;10;111,59;;1;FAUX;FAUX;
IPAD;FAUX;IPAD APPLE 10;100;100;333;;2;FAUX;FAUX;
IPNLAYER;FAUX;IPN de levage pour tour layher  • LAYHER;20;20;0;;24;FAUX;FAUX;
IRISDEC;FAUX;Iris pour découpes • JULIAT;4;4;103,8;;9;FAUX;FAUX;
JACK6;FAUX;Jack instruments (coupe son) 6m•NEUTRICK;4;4;38,4;;10;FAUX;FAUX;
JACK10;FAUX;Jack instruments 10m•NEUTRICK;3;3;30,06;;10;FAUX;FAUX;
JACK3;FAUX;Jack instruments 3m•NEUTRICK;2;2;24,83;;10;FAUX;FAUX;
JACK5;FAUX;Jack instruments 5m•NEUTRICK;2;2;26,57;;10;FAUX;FAUX;
JOINTSECU;FAUX;Joint de sécurité pour support plancher 2.57 • LAYHER;5;5;54,04;;14;FAUX;FAUX;
DIGIFLUO6X3KW;FAUX;JULIAT • bloc de puissance numérique DIGI 6X3KW FLUO;45;45;1471;;1;FAUX;FAUX;
AG00000002408;FAUX;K AG00000002408;74;74;904,63;;0;FAUX;VRAI;
AG00000002409;FAUX;K AG00000002409;87;87;1034,79;;0;FAUX;VRAI;
PIEDENC;FAUX;K&M•Pied enceinte à cremalliere 2,00m / 40 kg;10;10;209;;69;FAUX;FAUX;
PIEDENCROND;FAUX;K&M•Pied enceinte embase ronde 1,8m / 20 kg;10;10;60,48;;28;FAUX;FAUX;
PIEDENCDROIT;FAUX;K&M•pied enceinte liaison tête-sub à crémaillère 1,6m;10;10;163;;9;FAUX;FAUX;
PIEDENC-2;FAUX;K&M•Pied enceinte sans crémaillère 2,00m / 40 Kg;7;7;60;;12;FAUX;FAUX;
KABOUKIELEC;FAUX;Kabouki magnetique PX/M;25;25;0;;0;FAUX;FAUX;
KABOUKIMAN;FAUX;Kabouki manuel PX/M;12;12;0;;0;FAUX;FAUX;
KEMPERPROFILER;FAUX;KEMPER PROFILER STAGE MK1;120;120;1549;;1;FAUX;FAUX;
X15KIT2;FAUX;Kit 2 enceintes X15 +2 SB18 + 2 LA4X + Pieds;460;460;22005,08;;0;FAUX;VRAI;
DW;FAUX;Kit 5 fûts DW Collector + Cymbales + Accessoires;155;275,3;5233,44;;0;FAUX;VRAI;
PEARLJAZZ;FAUX;"Kit 5 fûts PEARL MASTERS JAZZ - Grosse Caisse 18"" ou 20"" + Cymbal+ Acces";150;254,3;4159,86;;0;FAUX;VRAI;
PEARL;FAUX;Kit 5 fûts PEARL Référence + cymbales + accessoires;131;245,3;4359,9;;0;FAUX;VRAI;
BOXKOLOR KIT;FAUX;Kit de 12 BoxKolor en Flight-case;310;310;3186;;0;FAUX;VRAI;
PROTENTEPAROI3*3-;FAUX;"Kit de 4 Paroies ""BLANC""•SINOTEC";0;0;38;;35;FAUX;FAUX;
MARS400S;FAUX;Kit de transmission HF MARS400S PRO•HOLLYLAND;180;180;700;;1;FAUX;FAUX;
KITCABDMX3P;FAUX;Kit DMX 3p(30x3m / 30x5m / 20x10m / 10x20m / 3 xDMX3-4ways)02;130;130;2047,5;;0;FAUX;VRAI;
KITCABDMX5P;FAUX;Kit DMX 5p(30x3m / 30x5m / 20x10m / 10x20m / 3 xDMX5-4ways);130;130;2833,5;;0;FAUX;VRAI;
KITEXTMOV60M2;FAUX;Kit extension Layher MOV160+ (10,28m x 6m) 60m2;0;0;0;;0;FAUX;VRAI;
KITEXTMOV45M2;FAUX;Kit extension Layher MOV160+ (7,71m x 6m) 45m2;0;0;0;;0;FAUX;VRAI;
KITEXTMOV18M2;FAUX;Kit extension Layher MOV60+ (6m x 3m) 18m2;450;450;912,8;;0;FAUX;VRAI;
HITOWERS500;FAUX;Kit HI-TOWER (embase/stabilo/tête) serie 500;54;54;2450;;8;FAUX;FAUX;
HITOWERS400;FAUX;Kit HI-TOWER S400 (embase /chariot 4D/tête);78;78;3408;;6;FAUX;FAUX;
*KITMICROS;FAUX;Kit Micros standard (hors HF);200;256;2979,64;KITMICROS;0;FAUX;VRAI;
KITMICROS;FAUX;Kit Micros standard (hors HF);200;200;0;;10;FAUX;FAUX;
PERCUS;FAUX;Kit Percussions LP + accessoires;220;330;3516,8;;0;FAUX;VRAI;
KITPROLON16A;FAUX;KIT PROLONGATEURS 16A (10x3m / 10 x5m / 10 x10m / 10 x20m / 20 triplette;150;150;896,2;;0;FAUX;VRAI;
KITQUAI/RAMPE;FAUX;Kit Quai+ Rampe Layher MOV160+ (15,42m x 2,57m) 40m2;0;0;0;;0;FAUX;VRAI;
KITSOCCA8C;FAUX;Kit Socca 8 c (5 x20m / 5 x 10m/ 5 x5xm /5 x fouetm / 5 x fouet F);175;175;6767,3;;0;FAUX;VRAI;
REGIEFACE/1;FAUX;Kit Tour Régie Bâchée 2 étages Layher  (2,57m x 2,57mx6 m);500;0;0;;0;FAUX;VRAI;
REGIEFACE/2;FAUX;Kit Tour Régie Bâchée 2 étages Layher  (5,14m x 2,57mx6 m);0;0;0;;0;FAUX;VRAI;
TALK MS101;FAUX;Kit valise enceinte TALK Yamaha MS101;34;36;150,28;;0;FAUX;VRAI;
TALK B205D;FAUX;Kit valise TALK BEHRINGHER B205D;24;26;54,28;;0;FAUX;VRAI;
KITVIDEO-HF;FAUX;Kit vidéo HF SDI/HDMI Hollyland;0;0;0;;0;VRAI;FAUX;
LAMPEPUP;FAUX;Lampe col de cygne pour pupitre•MIGHTYBRIGHT;6;6;25;;14;FAUX;FAUX;
900SNX;FAUX;Lanterne pour decoupe HMI2500 • JULIAT;160;160;0;;2;FAUX;FAUX;
CDAUTO;FAUX;Lecteur CD autopause;40;40;388,8;;0;FAUX;FAUX;
CDPRO;FAUX;Lecteur CD USB MP3•LINEAR SOUND;40;40;420;;2;FAUX;FAUX;
CD-01U;FAUX;Lecteur de CD rackable 1U•TASCAM;40;40;465,6;;2;FAUX;FAUX;
DVD;FAUX;Lecteur de DVD SONY BDP-S1700;45;45;87,2;prix via sony france ;0;FAUX;FAUX;
DVDPRO;FAUX;Lecteur de DVD V7300D;90;90;487,5;;1;FAUX;FAUX;
CDJ2000 NXS;FAUX;Lecteur multi-sources : CD, DVD, USB, Cartes SD et DD • PIONEER;70;70;1762,17;;0;FAUX;FAUX;
CDJ2000 NXSII;FAUX;Lecteur multi-sources : CD, DVD, USB, Cartes SD et DD • PIONEER;100;100;2471,14;;3;FAUX;FAUX;
CDMP1;FAUX;Lecteur multimédia : CD, USB, carte SD, compatible MP3•LD SYSTEMS;40;40;298;;1;FAUX;FAUX;
CDMD;FAUX;Lecteur/enregistreur combi CD/MD autopause;50;50;748,44;CDMD;1;FAUX;FAUX;
TOURKOLOR;FAUX;LED PAR 64 RGB+BLANC 48x3w • STARWAY;25;25;890;;46;FAUX;FAUX;
LESTE1000KG;FAUX;Leste béton 1000Kg (100x100x50cm);50;50;210;;8;FAUX;FAUX;
LESTE250KG;FAUX;Leste béton 250kg;25;25;91;;12;FAUX;FAUX;
LESTE500KG;FAUX;Leste béton 500Kg;40;40;180;;28;FAUX;FAUX;
LESTE015KG;FAUX;Leste fonte 15kg;5;5;31,83;;60;FAUX;FAUX;
LESTE020KG;FAUX;Leste fonte 20kg;5;5;47;;182;FAUX;FAUX;
KARA DOWN K2;FAUX;Levage KARA sous K2;50;50;1070;;2;FAUX;FAUX;
HF AXIENT MAIN;FAUX;liaison UHF numérique SHURE double micro main AD2;170;170;5768,08;;0;FAUX;VRAI;
HF ULX-D MAIN;FAUX;liaison UHF numérique SHURE double micro main UL2;170;170;5201,08;;0;FAUX;VRAI;
HF AXIENT MAIN -POCK;FAUX;liaison UHF SHURE double main AD2 et pocket AD1;170;170;5360;;0;FAUX;VRAI;
HF ULX-D MAIN-POCKET;FAUX;liaison UHF SHURE double main UL2 et pocket UL1;170;170;4679;;0;FAUX;VRAI;
HF UR4D MAIN-POCKET;FAUX;liaison UHF SHURE double main UR2 et pocket UR1;170;170;4775;;0;FAUX;VRAI;
HF UR4D MAIN;FAUX;liaison UHF SHURE double micro main UR2;170;170;4785;;0;FAUX;VRAI;
HF AXIENT POCKET;FAUX;liaison UHF SHURE double pocket AD1;170;170;5220;;0;FAUX;VRAI;
HF ULX-D POCKET;FAUX;liaison UHF SHURE double pocket UL1;170;170;4425;;0;FAUX;VRAI;
HF UR4D POCKET;FAUX;liaison UHF SHURE double pocket UR1;170;170;4765;;0;FAUX;VRAI;
HF UR4S MAIN;FAUX;Liaison UHF SHURE simple micro main UR2;85;85;2830;;0;FAUX;VRAI;
HF UR4S POCKET;FAUX;liaison UHF SHURE simple pocket UR1;85;85;2820;;0;FAUX;VRAI;
***;FAUX;libre;0;0;0;;10000;FAUX;FAUX;
LDD123;FAUX;LINEAR•Bloc de puissance 12x3 kw;50;50;2390;;10;FAUX;FAUX;
LDD123 24x3;FAUX;LINEAR•Bloc de puissance 24x3;100;100;4780;;0;FAUX;VRAI;
ZRHUILE2;FAUX;Liquide pour MARTIN ZR22 à dispertion lente le litre;8;8;0;;0;FAUX;FAUX;
ZRHUILE;FAUX;Liquide pour MARTIN ZR22 le litre;4;4;0;;0;FAUX;FAUX;
MDGHUILE;FAUX;Liquide pour MDG le litre;20;20;17,37;;0;FAUX;FAUX;
TECHNOPAR T4;FAUX;Lot de 3 pieds de buffet Technopar T4 noir sur batterie;300;300;2616;;4;FAUX;FAUX;
AURORA;FAUX;LUMEN RADIO • émetteur - récepteur DMX HF 1 univers Wi-Fi / Bluetooth;70;70;696;;2;FAUX;FAUX;
LUMI-12;FAUX;LUMINEX • Node ethernet DMX512 / 12 sorties DMX5;125;125;2165;;5;FAUX;FAUX;
LUMI-8;FAUX;LUMINEX • Node ethernet DMX512 / 8 sorties MKII;100;100;2470;;2;FAUX;FAUX;
MAC2000PERF;FAUX;Lyre à effets MAC2000 performance • MARTIN;180;180;1834,3;PRIX VIA GEAR SOURCE;0;FAUX;FAUX;
MAC2000PRO;FAUX;Lyre à effets MAC2000 profile • MARTIN;180;180;3400;PRIX VIA GEAR SOURCE;0;FAUX;FAUX;
VL3000;FAUX;Lyre à effets VL3000 • VARI-LIGHT;180;180;1258;PRIX VIA AUDIOFANZINE;0;FAUX;FAUX;
AXCOR300 SPOT;FAUX;Lyre à led profile, 180W, zoom 8 - 40°, 7000°K • CLAYPAKY;150;150;3784,15;;18;FAUX;FAUX;
MACQUANTUMPRO;VRAI;Lyre à led profile, 475W, zoom 12-39°, 6500°K • MARTIN;150;150;4482,4;;0;FAUX;FAUX;
LEDBEAM350;FAUX;Lyre à led wash Robin LEDBeam 350•ROBE;150;150;2074;;24;FAUX;FAUX;
MACAURA;VRAI;Lyre à led wash, 260W, zoom 11-58° • MARTIN;85;85;4300;;14;FAUX;FAUX;
MINI-B;FAUX;Lyre à led wash, 7 x 40W, zoom 4-55° • CLAYPAKY;100;100;1417,5;;54;FAUX;FAUX;
MACQUANTUM;FAUX;Lyre à led wash, 750W, zoom 11-59°• MARTIN;150;150;6895;;24;FAUX;FAUX;
RAVEN XIP;FAUX;Lyre à led wash, zoom 6-50° 39000 lumens • MARTIN;200;200;7347;;24;FAUX;FAUX;
MAC700WASH;FAUX;Lyre asservie  700W Wash • MARTIN;150;150;5650;;0;FAUX;FAUX;
MYTHOS;FAUX;Lyre asservie 470 MSD zoom 4 à 50°, beam 2,5° • CLAY PAKY;130;130;1614,1;PRIX VIA AUDIOFANZINE;0;FAUX;FAUX;
ALPHA 1500;FAUX;Lyre asservie ALPHA PROFILE 1500 • CLAY PAKY;225;225;0;;0;FAUX;FAUX;
VL3500Q;FAUX;Lyre asservie QSPOT MSR 1200W • VARI-LIGHT;225;225;1409,79;PRIX VIA GEAR SOURCE;0;FAUX;FAUX;
SHARPY;FAUX;Lyre Beam 190W, zoom 0-3,8°• CLAY PAKY;110;110;2748,18;PRIX VIA AUDIOFANZINE;0;FAUX;FAUX;
SERVOBEAM;FAUX;Lyre Beam 5R - 4° - 200W • STARWAY;110;110;1072,8;;20;FAUX;FAUX;
POINTE;FAUX;Lyre Beam/Spot 280 W  2,5 à 20°•ROBE;130;130;2220;PRIX VIA AUDIOFANZINE;0;FAUX;FAUX;
MEGAPOINTE;FAUX;Lyre Beam/Spot 470 W  1,8 à 42°•ROBE;200;200;5717,1;;24;FAUX;FAUX;
LYRE115XT;VRAI;Lyre d'accroche pour 115HIQ • L'ACOUSTICS;10;10;340;;2;FAUX;FAUX;
LYRE112XT;FAUX;Lyre d'accroche pour 12xt-112p-112xt • L'ACOUSTICS;10;10;340;;7;FAUX;FAUX;
LYREX8;FAUX;Lyre d'accroche pour 8L'ACOUSTICS;10;10;0;;0;FAUX;FAUX;
LYRE8XT;FAUX;Lyre d'accroche pour 8XT - MTD108 • L'ACOUSTICS;10;10;130;;9;FAUX;FAUX;
LYRE-X12;FAUX;Lyre d'accroche pour X12 • L'ACOUSTICS;10;10;305;;6;FAUX;FAUX;
LYRE-X15;FAUX;Lyre d'accroche pour X15 • L'ACOUSTICS;10;10;215;;10;FAUX;FAUX;
VIPER XIP;FAUX;Lyre Led étanche 760W, 5.7° - 54.0°, 28,000 lumens • MARTIN;250;250;6000;;36;FAUX;FAUX;
SOLA-S1500;FAUX;Lyre Led solaspot, 440W, zoom 11-35° • HIGH END;245;245;0;;0;FAUX;FAUX;
SOLA-S2000;FAUX;Lyre Led solaspot, 600W, zoom 5-45° • HIGH END;245;245;4811,42;;0;FAUX;FAUX;
SOLA-W2000;FAUX;Lyre Led solawash, 600W, zoom 5-51° • HIGH END;245;245;4218,55;prix via gear source;0;FAUX;FAUX;
K10BEYE;FAUX;Lyre led wash, 19 x 15W, zoom 4-60° • CLAY PAKY;110;110;1690;PRIX VIA JSF;0;FAUX;FAUX;
K20BEYE;FAUX;Lyre led wash, 37 x 15W, zoom 4-60° • CLAY PAKY;180;180;5238;;16;FAUX;FAUX;
*YOKE;FAUX;Lyre pour 2 x FLEX6 ou 1 x SOLID15 • AED;10;10;0;;0;FAUX;FAUX;
VIPER PERF;FAUX;Lyre profile à couteaux, 1000W, zoom 10-44°, 6000°K • MARTIN;200;200;8000;;0;FAUX;FAUX;
VIPER;FAUX;Lyre profile, 1000W, zoom 10-44°, 6000°K • MARTIN;180;200;11500;;18;FAUX;FAUX;
MAC700PRO;VRAI;Lyre profile, 700W, zoom 16-30° • MARTIN;150;150;6780;;0;FAUX;FAUX;
PAINTE;FAUX;LYRE spot à couteaux, 310 W, zoom 8-48°•ROBE;180;180;4961;;30;FAUX;FAUX;
MAC2000W;VRAI;Lyre Wash MAC2000 • MARTIN;150;150;7080;;0;FAUX;FAUX;
MAC300;FAUX;Lyre wash MAC300 • MARTIN;70;70;494,7;PRIX VIA GEAR SOURCE;0;FAUX;FAUX;
VIPER WASH;FAUX;Lyre wash, 1000W, zoom 14-59°, 6000°K • MARTIN;180;180;0;;0;FAUX;FAUX;
VL3000 WASH;FAUX;Lyres wash VL 3500 • VARI-LIGHT;200;200;800;PRIX VIA AUDIOFANZINE ;0;FAUX;FAUX;
MAONPC;FAUX;MA on pc commande Wing • MA LIGHTING;100;100;0;;0;FAUX;FAUX;
MDGME1-;FAUX;Machine à brouillard  CO2 ME1 • MDG;115;115;3812,92;;1;FAUX;FAUX;
HZ500;FAUX;Machine à brouillard • ANTARI;55;55;786,88;;4;FAUX;FAUX;
MDGATMe-;FAUX;Machine à brouillard CO2 ATMe • MDG;115;115;5380;;1;FAUX;FAUX;
MDGATMe;FAUX;Machine à brouillard CO2 ATMe • MDG;213,5;115;5891,48;;0;FAUX;VRAI;
MDGATMO-;FAUX;Machine à brouillard CO2 Atmosphere • MDG;100;100;3090,36;;1;FAUX;FAUX;
MDGATMO;FAUX;Machine à brouillard CO2 Atmosphere • MDG;198,5;100;3601,84;;0;FAUX;VRAI;
MDG5000;FAUX;Machine à brouillard CO2 double corps • MDG;120;120;0;;0;FAUX;FAUX;
MDGME1;FAUX;Machine à brouillard CO2 ME1;213,5;115;4324,4;;0;FAUX;VRAI;
MDG3000;FAUX;Machine à brouillard CO2 simple corps • MDG;70;70;3293,8;;2;FAUX;FAUX;
UNIQUE;FAUX;Machine à brouillard UNIQUE dmx512;55;55;720,49;;4;FAUX;FAUX;
MAB;FAUX;Machine à Bulles;60;60;0;;0;FAUX;FAUX;
UNIQUEFUMEE;FAUX;Machine à fumée UNIQUE DMX 512;55;55;720,49;;3;FAUX;FAUX;
ZR22;FAUX;Machine à fumée ZR 22•MARTIN;55;55;0;;1;FAUX;FAUX;
HD24;FAUX;Magneto 24 pistes;80;80;1098,5;PRIX VIA GEAR SOURCE;0;FAUX;FAUX;
DA88;FAUX;Magneto 8 pistes DA88;60;60;260;PRIX VIA AUDIOFANZINE;0;FAUX;FAUX;
MAIN STAGEDEX;FAUX;Main courante 3-4 marches pour escalier modulaire STAGEDEX;12;12;146,3;;8;FAUX;FAUX;
MAINVIDEO;FAUX;Main de singe pour dalle led ;3;3;62;;18;FAUX;FAUX;
ORM 1244 64;FAUX;Malle 1200x400x400 HEXA NOIR;0;0;191,4;;3;FAUX;FAUX;
FNP 1266 BLU;FAUX;Malle 1200x600x600 HEXA BLEU +Cuvette+Cloison+capitonnage+bac0202;0;0;418,8;;3;FAUX;FAUX;
FNH 1266 BLK;FAUX;Malle 1200x600x600 HEXA NOIR+Cuvette+Cloison+capitonnage+bac02;0;0;558,6;;3;FAUX;FAUX;
FNH 0644 BLK;FAUX;Malle 600x400x400 HEXA NOIR+Cuvette+Cloison+capitonnage;0;0;479;;2;FAUX;FAUX;
FNS 0644 63;FAUX;Malle 600x400x400+kit de cloisonnage;0;0;479;;4;FAUX;FAUX;
FNH 0666 BLK;FAUX;Malle 600x600x600 HEXA NOIR+Cuvette+Cloison+capitonnage+bac;0;0;508,8;;4;FAUX;FAUX;
FNS 0844 63;FAUX;Malle 800x400x400 HEXA NOIR+Cuvette+Cloison+capitonnage+bac;0;0;244,2;;6;FAUX;FAUX;
FNH 0866;FAUX;Malle 800x600x600;0;0;354;;35;FAUX;FAUX;
ARM 1244 64;FAUX;Malle open road 1200 x 400 x 400;0;0;319;;0;FAUX;FAUX;
WTEX-MANCHON;FAUX;Manchon ''Pin'' moyen WENTEX Pipes and Drapes pour embase lourde Longueu;2;2;7,82;;31;FAUX;FAUX;
MANCH-F/F;FAUX;Manchon femelle-femelle 10cm pour structure série 300;1,5;1,5;0;;24;FAUX;FAUX;
MANGEDEBOUTN;FAUX;Mange Debout housse noire;9;9;0;;0;FAUX;FAUX;
MANILLE 3.25 T;FAUX;Manille lyre à visser acier CMU 3.25 Tonnes;1;1;7,5;;789;FAUX;FAUX;
MDGMANO-;FAUX;Mano détendeur pour générateur;0;0;172,52;;5;FAUX;FAUX;
MARCHE STAGEDEX;FAUX;Marche d'escalier modulaire 1 unité;8,5;8,5;94;;44;FAUX;FAUX;
MARQUEURLASER-;FAUX;Marqueur Laser à Fibre;0;0;3164,42;;1;FAUX;FAUX;
PATCH-20;FAUX;Master patch Klotz, 1 baies de 20 XLR  M/F;20;20;0;;0;FAUX;FAUX;
MASTER PATCH-40;FAUX;Master patch Klotz, 2 baies de 20 XLR  M/F;18;18;0;;0;FAUX;FAUX;
MASTER PATCH-1;FAUX;Master patch Klotz, 3 baies de 20 XLR  M/F et 3  harting 20P;20;20;1760;;4;FAUX;FAUX;
MASTER PATCH-60;FAUX;Master patch Klotz, 3 baies de 20 XLR  M/F et 3  harting 20P;20;20;0;;0;FAUX;FAUX;
OC001T;FAUX;MAX001•VEXI;0;0;9,07;;10;FAUX;FAUX;
HIPPOCRITTER;FAUX;MEDIA SERVEUR;150;150;6220,8;;1;FAUX;FAUX;
MEGAPHONE;FAUX;Mégaphone avec sirène+lecteur MP3+enregistreur-12V•EUROPSONIC;10;10;112,61;;1;FAUX;FAUX;
V-1SDI;FAUX;MELANGEUR IN 3x SDI 2x HDMI - 2 x SDI HDMI/OUT Full HD 1080p • ROLAND;150;150;1595;;1;FAUX;FAUX;
KMS105;FAUX;Micro  voix cardioide KMS105 • NEUMANN;30;30;386;;4;FAUX;FAUX;
SCX25;FAUX;Micro à condensateur • AUDIX;20;20;1429;;2;FAUX;FAUX;
MKH40;FAUX;Micro à condensateur • SENNHEISER;25;25;0;;0;FAUX;FAUX;
ATM350;FAUX;micro à condensateur instrument • AUDIO TECHNICA;20;20;350;;2;FAUX;FAUX;
C414;FAUX;Micro à condensateur large membrane • AKG;30;30;711,67;;7;FAUX;FAUX;
C214;FAUX;Micro à condensateur large membrane • AKG;30;30;385;;4;FAUX;FAUX;
NT1;FAUX;Micro à condensateur large membrane cardioïde • RODE;25;25;161,2;;2;FAUX;FAUX;
AT835B;FAUX;Micro à condensateur ligne+gradient AUDIO TECHNICA;10;10;235;;2;FAUX;FAUX;
MICRO INTER;FAUX;Micro avec interrupteur;8;10;37;MICRO INTER;14;FAUX;FAUX;
AT8035;FAUX;Micro canon • AUDIO TECHNICA;10;15;235;MICROCANON;7;FAUX;FAUX;
DPA 4088;FAUX;Micro casque DPA d:fine 4088 chair;25;25;534,52;;0;FAUX;FAUX;
DPA 4488;FAUX;Micro casque DPA d:fine 4488 chair Cardio;35;35;0;;0;FAUX;FAUX;
DPA4066;FAUX;Micro casque DPA4066 chair;25;25;703,2;;11;FAUX;FAUX;
DPA4466;FAUX;Micro casque DPA4466 Omnidirectionnel Core  Beige MicroLock;25;25;705;;2;FAUX;FAUX;
DPA2012;FAUX;Micro compact cardioïde•DPA;40;40;670;;1;FAUX;FAUX;
MK2 CRAVATTE;FAUX;Micro Cravatte Sennheiser;25;25;0;;0;FAUX;FAUX;
BETA91;VRAI;micro de surface à condensateur • SHURE;15;15;190;;2;FAUX;FAUX;
BETA91A;FAUX;micro de surface à condensateur • SHURE;15;20;188,42;;10;FAUX;FAUX;
E912;FAUX;micro de surface à condensateur SENNHEISER;10;10;0;;0;FAUX;FAUX;
MICROTALKY;FAUX;Micro déporté pour talky walky;8;8;0;;18;FAUX;FAUX;
AE2500;FAUX;Micro double capsules • AUDIO TECHNICA;30;30;355;;1;FAUX;FAUX;
RE20;FAUX;Micro dymamique • ELECTROVOICE;10;10;438;;1;FAUX;FAUX;
BETA52;FAUX;Micro dynamique  BETA52 • SHURE;10;10;119;;8;FAUX;FAUX;
D4;FAUX;Micro dynamique • AUDIX;20;20;198;;1;FAUX;FAUX;
D2;FAUX;Micro dynamique • AUDIX;20;20;189,9;;2;FAUX;FAUX;
TGX80;FAUX;Micro dynamique • BEYERDYNAMIC;20;20;175;;1;FAUX;FAUX;
E604;FAUX;Micro dynamique • SENNHEISER;10;10;129;;3;FAUX;FAUX;
E904;FAUX;Micro dynamique • SENNHEISER;10;10;123;;22;FAUX;FAUX;
BETA56;FAUX;Micro dynamique BETA56 • SHURE;10;10;170;;3;FAUX;FAUX;
BETA57;FAUX;Micro dynamique BETA57 • SHURE;10;10;95;;4;FAUX;FAUX;
BETA58;FAUX;Micro dynamique BETA58A • SHURE;10;10;141;;24;FAUX;FAUX;
I5;FAUX;Micro dynamique cadioïde instruments • AUDIX;15;15;115;;1;FAUX;FAUX;
M201;FAUX;Micro dynamique hypercardioïde polyvalent • BEYERDYNAMIC;20;20;0;;2;FAUX;FAUX;
D6;FAUX;Micro dynamique large membrane • AUDIX;20;25;198;D6;3;FAUX;FAUX;
M88;FAUX;Micro dynamique M88 TG • BEYERDYNAMIC;20;20;287,82;;6;FAUX;FAUX;
MD421;FAUX;Micro dynamique MD421 • SENNHEISER;10;10;270;;7;FAUX;FAUX;
E906;FAUX;Micro Dynamique pour Guitare • SENNHEISER;20;20;126;;9;FAUX;FAUX;
E609;FAUX;Micro Dynamique pour Guitare • SENNHEISER;20;20;97;;0;FAUX;FAUX;
SM57;FAUX;Micro dynamique SM57 • SHURE +pince;10;10;80;;44;FAUX;FAUX;
SM58;VRAI;Micro dynamique SM58 • SHURE + pince;10;10;76,16;;51;FAUX;FAUX;
OPUS 88;FAUX;Micro électrostatique BEYER DYNAMIQUE;20;25;174;;7;FAUX;FAUX;
BETA87;FAUX;Micro hypercardioide BETA87 • SHURE;15;15;218;;7;FAUX;FAUX;
DPA4099;FAUX;Micro instrument DPA 4099 d:vote;25;25;382,8;;14;FAUX;FAUX;
DPA4099 XTREM;FAUX;Micro instrument DPA 4099 d:vote XTREM SPL;35;35;318,72;;9;FAUX;FAUX;
D FACTO 4018;FAUX;Micro main à condensateur supercardioïde • DPA;30;30;920;;2;FAUX;FAUX;
M80;FAUX;Micro main dynamique supercardioide • TELEFUNKEN;20;20;309;;2;FAUX;FAUX;
BETA98H/C;FAUX;Micro miniature à condensateur monté sur col de cygne • SHURE;20;23;250,38;;2;FAUX;FAUX;
DPA4060 NOIR;VRAI;Micro miniature omni 4060 noir Hi-sens;25;25;362;DPA4060;1;FAUX;FAUX;
DPA4061 CHAIR;FAUX;Micro miniature omni 4061 chair Lo-sens;25;25;362;;8;FAUX;FAUX;
DPA4061 NOIR;FAUX;Micro miniature omni 4061 noir Lo-sens;25;25;362;;2;FAUX;FAUX;
DPA 4055;FAUX;Micro open cardioïde à condensateur pour grosse caisse • DPA;25;25;468;;1;FAUX;FAUX;
COLDECYGNE-A;FAUX;Micro shure R185B col de cygne 30cm MX412 • SHURE;20;20;190;;2;FAUX;FAUX;
KSM137;FAUX;Micro statique à condensateur • SHURE;30;30;336,02;;24;FAUX;FAUX;
ATM33;FAUX;Micro statique AMT33 • AUDIO TECHNICA;10;10;140,25;;0;FAUX;FAUX;
C535;FAUX;Micro statique C535 • AKG;20;20;216;;5;FAUX;FAUX;
KM184;FAUX;Micro statique KM184 • NEUMANN;30;30;506,4;;24;FAUX;FAUX;
SM81;FAUX;Micro statique SM81 • SHURE;20;20;340;;3;FAUX;FAUX;
DPA 2028;FAUX;Micro Statique Supercardioide DPA;30;30;0;;0;FAUX;FAUX;
MM1;FAUX;Microphone de mesure à condensateur•BEYERDYNAMIC;20;20;229;;3;FAUX;FAUX;
M32LIVE;FAUX;MIDAS • Table de mixage numérique 32/16;170;170;2700;;1;FAUX;FAUX;
MIDLUM12T;FAUX;MIDLUM 12T / BT-323-DW;0;0;0;;0;FAUX;FAUX;
BETA98;FAUX;MIicro mini statique BETA98+acc • SHURE;20;23;177;;10;FAUX;FAUX;
EZ-CON 24W;FAUX;Mini console DMX 24 circuits sur batterie wireless solution;18;18;110;;3;FAUX;FAUX;
BOTEX SC6;FAUX;Mini console DMX 6 circuits / 1 master SC6;15;15;65;;2;FAUX;FAUX;
UR1M;FAUX;Mini émmetteur pocket • SHURE;40;40;830;;2;FAUX;FAUX;
MINIKOLOR;FAUX;Mini PAR led 7x3w RGB 16° IP65 strobe 560 lumens • STARWAY;15;15;290;;46;FAUX;FAUX;
EP-220PR;FAUX;Mixeur 4 entrées ST + lecteur BT / SD / USB / FM EP-220PR Omnitronic;15;15;122,84;;4;FAUX;FAUX;
GX48;FAUX;Mixracks 48 entrées, 16 sorties • ALLEN & HEATH;150;150;3065,34;;2;FAUX;FAUX;
DM48;FAUX;Mixracks 48 entrées, 24 sorties • ALLEN & HEATH;350;350;10305,75;;2;FAUX;FAUX;
DM64;FAUX;Mixracks 64 entrées, 32 sorties, UltraFX • ALLEN & HEATH;390;390;0;;1;FAUX;FAUX;
MOISE039;FAUX;Moise 0,39 M • LAYHER;2;2;19,55;;6;FAUX;FAUX;
MOISE086;FAUX;Moise 0,86 M • LAYHER;5;5;28,7;;14;FAUX;FAUX;
MOISE157;FAUX;Moise 1,57 M • LAYHER;1;1;30,45;;3;FAUX;FAUX;
MOISE257;FAUX;Moise 2,57 M • LAYHER;5;5;40,32;;445;FAUX;FAUX;
MOISE207;FAUX;Moise 2.07 M • LAYHER;5;5;33,2;;38;FAUX;FAUX;
MOISE307;FAUX;Moise 3,07 M • LAYHER;5;5;40,95;;4;FAUX;FAUX;
MOISEDIAG;FAUX;Moise diagonale horizontale 2.57 • LAYHER;8;8;69,79;;11;FAUX;FAUX;
MOISELW157;FAUX;Moise LW 1,57 M • LAYHER;5;5;30,45;;0;FAUX;FAUX;
MOISEPAL257;FAUX;Moise palière 2,07 • LAYHER;20;20;196,68;;2;FAUX;FAUX;
MONITEURSV;FAUX;"Moniteur video 20"" PVM20M4";70;70;0;;0;FAUX;FAUX;
MONTANTSG050;FAUX;Montant vertical sans goujon • LAYHER;3;3;21,35;;16;FAUX;FAUX;
MONTANTSG1;FAUX;Montant vertical sans goujon 1 M • LAYHER;3;3;28,35;;10;FAUX;FAUX;
MONTANTSG2;FAUX;Montant vertical sans goujon 2 M • LAYHER;3;3;46,88;;4;FAUX;FAUX;
MOT CHAINMSTR 1T;FAUX;Moteur 1 T 4m/mn 21m de chaine;50;50;2275;;9;FAUX;FAUX;
MOT LIFTKET 1T;FAUX;Moteur 1 T 5m/mn 19m de chaine;50;50;2275;;25;FAUX;FAUX;
MOT250KG;FAUX;Moteur 250Kg 6m/mn 20,00m de chaine;43;43;141,84;;7;FAUX;FAUX;
MOT500KG;FAUX;Moteur 500Kg 6m/mn 20,00m de chaine;46;46;152;EVALUATION;3;FAUX;FAUX;
MOT CM1000;FAUX;Moteur ChainMaster RiggingLift D8 1000 KG - 20m de chaine - 4m/min;50;50;3250;;20;FAUX;FAUX;
MOT CM-320;FAUX;Moteur ChainMaster RiggingLift D8 320 KG - 20m de chaine - 4m/min;45;45;1895;;20;FAUX;FAUX;
MOT 500 D8+;FAUX;Moteur D8+ 500 KG - 20m de chaine - 4m/min2 freins•CHAINMASTER;80;80;2675;;4;FAUX;FAUX;
MOTEUR-100-;FAUX;Moteur pour boille à facette diamètre 100 cm•SHOWGEAR;0;0;93,71;;1;FAUX;FAUX;
MULTI2P/15M;FAUX;MULTI 2P XLRM/XLRF 15M;4;4;45,5;;1;FAUX;FAUX;
MULTI2P/02M;FAUX;MULTI 2P XLRM/XLRF 2M;2;2;15;;2;FAUX;FAUX;
MULTI2P/30M;FAUX;MULTI 2P XLRM/XLRF 30M;5;5;72;;6;FAUX;FAUX;
MULTI2P/05M;FAUX;MULTI 2P XLRM/XLRF 5M;3;3;36,04;;28;FAUX;FAUX;
MULTI2P/07M;FAUX;MULTI 2P XLRM/XLRF 7M;3;3;26;;12;FAUX;FAUX;
MULTI4P/10M;FAUX;MULTI 4P XLRM/XLRF Long 10M;4;4;122,59;;15;FAUX;FAUX;
MULTI4P/20M;FAUX;MULTI 4P XLRM/XLRF Long 20M;7;7;150;;4;FAUX;FAUX;
MULTI4P/02M;FAUX;MULTI 4P XLRM/XLRF Long 2M;2;2;105,17;;4;FAUX;FAUX;
MULTI4P/30M;FAUX;MULTI 4P XLRM/XLRF Long 30M;10;10;180;;1;FAUX;FAUX;
MULTI4P/05M;FAUX;MULTI 4P XLRM/XLRF Long 5M;3;3;110,98;;22;FAUX;FAUX;
MULTI4P/07M;FAUX;MULTI 4P XLRM/XLRF Long 7M;3;3;116,5;;6;FAUX;FAUX;
MULTI8P/20M;FAUX;MULTI 8P XLRM/XLRF Long 20 m;6;6;260,88;;2;FAUX;FAUX;
MULTI8P/50M;FAUX;MULTI 8P XLRM/XLRF Long 50M;15;15;550;;2;FAUX;FAUX;
MULTI8P/05M;FAUX;MULTI 8P XLRM/XLRF Long 5m;4;4;219,44;;4;FAUX;FAUX;
MULTI8P/07M;FAUX;MULTI 8P XLRM/XLRF Long 7m;5;5;230;;5;FAUX;FAUX;
MULTI8P/10M;FAUX;MULTI 8P XLRM/XLRF Long10 m;4;4;240,16;;6;FAUX;FAUX;
M-ONE;FAUX;Multi effets • TC ELECTRONIC;25;25;0;PLUS EN STOCK (CF INVENTAIRE MICHEL);0;FAUX;FAUX;
M2000;FAUX;multi effets M2000 • TC ELECTRONIC;40;40;997,25;;1;FAUX;FAUX;
M3000;FAUX;Multi effets M3000 • TC ELECTRONIC;50;50;960;;1;FAUX;FAUX;
SPX2000;FAUX;multi effets SPX2000 • YAMAHA;25;25;750,92;;4;FAUX;FAUX;
SPX990;FAUX;Multi effets SPX990 • YAMAHA;25;25;779,31;;2;FAUX;FAUX;
PCM92;FAUX;Multi-effets PCM92 • LEXICON;50;50;1340;;2;FAUX;FAUX;
PCM70;FAUX;Multieffet numérique PCM70 • LEXICON;50;50;911,23;;1;FAUX;FAUX;
PCM96;FAUX;Multieffet numérique PCM96 • LEXICON;50;50;2220;;1;FAUX;FAUX;
MULTITD20;FAUX;Multipaire 20 paires 50,00m;40;40;789,89;;1;FAUX;FAUX;
MULTI24/8;FAUX;Multipaire 24E/8S 50,00m;50;50;0;;0;FAUX;FAUX;
MULTI32/16;FAUX;Multipaire 32E/16S 50,00m;70;80;0;;0;FAUX;FAUX;
MULTI 4 RJ45 20M;FAUX;Multipaire 4 x RJ45 CAT.6a 20M;80;80;1140;;1;FAUX;FAUX;
MULTI 4 RJ45 40M;FAUX;Multipaire 4 x RJ45 CAT.6a 40M;80;80;1140;;1;FAUX;FAUX;
MULTI 4 RJ45 50M;FAUX;Multipaire 4 x RJ45 CAT.6a 50M;90;90;1500;;1;FAUX;FAUX;
MULTI 4 RJ45 70M;FAUX;Multipaire 4 x RJ45 CAT.6a 70M;100;100;1600;;1;FAUX;FAUX;
MULTI 4 RJ45 94M;FAUX;Multipaire 4 x RJ45 CAT.6a 94M;110;110;1900;;1;FAUX;FAUX;
MULTI-4SPK/15M;FAUX;Multipaire 4 x speakons 4 (mâle/femelle) + PC16A 15m;7;7;0;;3;FAUX;FAUX;
MULTI40/20 100M;FAUX;Multipaire 40E / 20S 100m;130;145;0;;1;FAUX;FAUX;
MULTI40/20 50M;FAUX;Multipaire 40E / 20S 50m;130;130;0;;1;FAUX;FAUX;
MULTI40/16 70M;FAUX;Multipaire 40E/16S 70,00m;130;130;7500;;0;FAUX;FAUX;
MULTI80;FAUX;Multipaire 80 paires 100,00m;180;180;5000;;1;FAUX;FAUX;
8H10;FAUX;Multipaire 8P 10m;12;12;0;;0;FAUX;FAUX;
8H20;FAUX;Multipaire 8P 20m;12;12;0;;0;FAUX;FAUX;
MULTIMADI;FAUX;multipaire audio numérique BNCx4 / RJ45x2 / AESx2 / 32 mono;80;80;0;;2;FAUX;FAUX;
MULTIECL10;FAUX;Multipaire lumière 8 circ.1,5mm2 M&F 10,00m;10;10;289,9;;37;FAUX;FAUX;
MULTIECL15;FAUX;Multipaire lumière 8 circ.1,5mm2 M&F 15,00m;13;13;321;;25;FAUX;FAUX;
MULTIECL05;FAUX;Multipaire lumière 8 circ.1,5mm2 M&F 5,00m;8;8;258,72;;25;FAUX;FAUX;
MULTIECL20;FAUX;Multipaire lumière 8 circuits 1,5mm2 M&F 20,00m;15;15;352,25;;47;FAUX;FAUX;
MULTIECL30;FAUX;Multipaire lumière 8 circuits 1,5mm2 M&F 30,00m;18;18;383,43;;25;FAUX;FAUX;
MULTI RJ45 100M;FAUX;Multipaire numérique RJ45x2 / AESx2 /  PC16Ax1;80;80;1123,2;;8;FAUX;FAUX;
MULTI RJ45 50M;FAUX;Multipaire numérique RJ45x2 / AESx2 /  PC16Ax1 50M;80;80;0;;1;FAUX;FAUX;
MURLED3x2SOL;FAUX;Mur d'image Indoor/Outdoor/Sol 3m x 2m;2338;2338;21497,5;;0;FAUX;VRAI;
MURLED4x3SOL;FAUX;Mur d'image Indoor/Outdoor/Sol 4m x 3m;3945;3945;37859,44;;0;FAUX;VRAI;
MURLED5X3SOL;FAUX;Mur d'image Indoor/Outdoor/Sol 5m x 3m;4762;4762;46309,9;;0;FAUX;VRAI;
MURLED7x3SOL;FAUX;Mur d'image Indoor/Outdoor/Sol 7m x 3m;6432;6432;65011,62;;0;FAUX;VRAI;
MURLED3x2SUS;FAUX;Mur d'image Indoor/Outdoor/Suspendu 3m x 2m;2322;2322;20399,88;;0;FAUX;VRAI;
MURLED4x3SUS;FAUX;Mur d'image Indoor/Outdoor/Suspendu 4m x 3m;3886;3886;35962,72;;0;FAUX;VRAI;
MURLED5X3SUS;FAUX;Mur d'image Indoor/Outdoor/Suspendu 5m x 3m;4680;4680;43842,6;;0;FAUX;VRAI;
MURLED7x3SUS;FAUX;Mur d'image Indoor/Outdoor/Suspendu 7m x 3m;6393;6393;62453,87;;0;FAUX;VRAI;
HDMI/RJ45;FAUX;MUXLAB•Kit Extender hdmi/rj45 100m émetteur + récepteur;80;80;353,25;;1;FAUX;FAUX;
SELEC500435;FAUX;MUXLAB•sélecteur vidéo 5->1 sortie HDMI / entrée VGA et HDMI;150;150;1235;;1;FAUX;FAUX;
SHUTTER DMX;FAUX;Obturateur shutteur Wahlberg pour video projecteur;100;100;350;;1;FAUX;FAUX;
OPTVIDEOPROJ;FAUX;Optique pour videoprojecteur;150;150;0;;0;FAUX;FAUX;
OREILTALKY;FAUX;Oreillette pour TK-3101E;8;8;45,02;;20;FAUX;FAUX;
AUTAN;FAUX;OXO • bloc de puissance 4 X 5A - PC16FR 10/16;30;30;156;;6;FAUX;FAUX;
SIMOUN2;FAUX;OXO•bloc de puissance 1 x 10A / PC16 / DMX 3pts;15;15;80;;7;FAUX;FAUX;
P500TRI2800ACCROCHES;FAUX;P500TRI2800ACCROCHESON;24;24;0;;0;FAUX;FAUX;
SOLIDCOM M1 8B;FAUX;Pack intercom 8 beltpacks -Solidcom - M1 - 8B•HOLLYLAND;220;220;5848,5;;1;FAUX;FAUX;
PALANS 1T;FAUX;Palan manuel à chaines 1000 Kg;25;25;1576;;0;FAUX;FAUX;
PALAN 0,5T-6M;FAUX;Palan manuel à chaines 500 Kg / 6M de chaîne;15;15;161;;2;FAUX;FAUX;
PALETTE;FAUX;Palette 0,8m 5 x1,25m • LAYHER;25;25;204,33;;15;FAUX;FAUX;
PT-MZ880;FAUX;PANASONIC • Videoprojecteur Laser - Noir WUXGA (1920x1200) 8 000lm;950;950;5188,8;;1;FAUX;FAUX;
PAR64 COURT;FAUX;PAR 64 COUR SIMPLE LYRE;8;8;24;;16;FAUX;FAUX;
PAR110V;FAUX;PAR 64 lampe 110V;8;8;0;;9;FAUX;FAUX;
RUSH PAR2;FAUX;PAR led zoom 10-60° / 12x12W • MARTIN;25;25;750;;47;FAUX;FAUX;
FLATPAR;FAUX;PAR plat à LED TGB 7X3W Boitier noir • CAMEO;12;12;65;;9;FAUX;FAUX;
PAROIBLANC3X3;FAUX;Paroi Blanche avec porte 3m•SINOTEC;5;5;41,8;;15;FAUX;FAUX;
PAROINOIR3X3;FAUX;Paroi noire avec porte 3m•SINOTEC;5;5;44;;7;FAUX;FAUX;
PARTNER;FAUX;PARTNER / EL-720-CX;0;0;0;;0;FAUX;FAUX;
PASSAGECABLE;FAUX;Passage de cable 1m Kappa;23;23;162;;140;FAUX;FAUX;
PASSCABLE;FAUX;Passage de cables 1m X 0,29m / 3 canaux petit modèle;18;18;140;;208;FAUX;FAUX;
PASSCABLE-NOIR;FAUX;Passage de cables NOIR 1m X 0,29m / 3 canaux petit modèle;18;18;84,91;;41;FAUX;FAUX;
P20;FAUX;"Patch 19"" 3U 20jacks";0;0;690;;3;FAUX;FAUX;
PATCH SOCCA;FAUX;PATCHSOCCA;50;50;0;;2;FAUX;FAUX;
PATIENCE;FAUX;Patience manuelle BLAKOUT PX/M;15;15;96;;14;FAUX;FAUX;
PCKOLOR DW;FAUX;PC led 180W blanc chaud / blanc froid 30°•COB;25;25;318;;17;FAUX;FAUX;
ASUS X1404VA;FAUX;PC portable ASUS X1404VA-EB277W CORE 5;0;0;438,3;;1;FAUX;FAUX;
PCPEARL;FAUX;Pédale de charleston H2000•PEARL;12;12;289;;2;FAUX;FAUX;
PEDSUS;FAUX;Pédale de sustain•YAMAHA/KORG;10;10;0;;4;FAUX;FAUX;
XVP-20;FAUX;Pédale de volume/d'expression•KORG;10;10;107,2;;0;FAUX;FAUX;
PGCPEARL;FAUX;Pédale grosse caisse 2000C-E•PEARL;9,6;9,6;187,9;;2;FAUX;FAUX;
PGCDW;FAUX;Pédale grosse caisse DW5000•DW;9,6;9,6;233;;1;FAUX;FAUX;
PEND3X2.8;FAUX;Pendrillon 3mx2.80m;20;20;0;;0;FAUX;FAUX;
PEND6X2;FAUX;Pendrillon 6mx2m;25;25;148,63;;2;FAUX;FAUX;
PEND6X5;FAUX;Pendrillon 6mx5m;40;40;0;;0;FAUX;FAUX;
PEND7X2.8;FAUX;Pendrillon 7mx2.80m;32;32;155;;0;FAUX;FAUX;
PEND7X8;FAUX;Pendrillon 7mx8m pour patience;55;55;499;EVALUATION;2;FAUX;FAUX;
PEND9X2.40-V;FAUX;Pendrillon 9mX2.40m Velour;35;35;211;;0;FAUX;FAUX;
PEND9X2.80;FAUX;Pendrillon 9mx2.80m;35;35;195;;32;FAUX;FAUX;
PEND9X3.00-V;FAUX;Pendrillon 9mx3,00m Velour;45;45;250;;0;FAUX;FAUX;
PEND9X4.40-V;FAUX;Pendrillon 9mx4,00m Velour;45;45;0;;0;FAUX;FAUX;
PEND9X4.20;FAUX;Pendrillon 9mX4.20m;45;45;0;;0;FAUX;FAUX;
PEND9X6;FAUX;Pendrillons 9mx6m;55;55;428;;19;FAUX;FAUX;
NORD2;FAUX;Piano Nord Stage 2 EX 88•CLAVIA;155,6;155,6;2540,9;;0;FAUX;VRAI;
NORD2-;FAUX;Piano Nord Stage 2 EX 88•NORD;132;132;2462;;1;FAUX;FAUX;
NORD4-;FAUX;Piano Nord Stage 4 88•NORD;180;180;4649;;1;FAUX;FAUX;
NORD4;FAUX;Piano Nord Stage 4 EX 88•CLAVIA02;155,6;155,6;4727,9;;0;FAUX;VRAI;
RD800;FAUX;Piano RD-800•ROLAND;155,6;155,6;2177,9;;0;FAUX;VRAI;
RD800-;FAUX;Piano RD-800•ROLAND;132;132;2099;;1;FAUX;FAUX;
ANG T003;FAUX;Pièce d'angle triangulaire 2D /90°;25;25;120;;4;FAUX;FAUX;
ANG T007;FAUX;Pièce d'angle triangulaire 2D /90° pour arche pointe bas;25;25;120;;6;FAUX;FAUX;
ANG T018;FAUX;Pièce d'angle triangulaire 2D + pied;25;25;229;;4;FAUX;FAUX;
ANG T012;FAUX;Pièce d'angle triangulaire 3D /90° horiz./pied droit;25;25;134;;3;FAUX;FAUX;
ANG T013;FAUX;Pièce d'angle triangulaire 3D /90° horiz./pied gauche;25;25;134;;2;FAUX;FAUX;
ANG T017;FAUX;Pièce d'angle triangulaire 3D /T horiz;25;25;134;;9;FAUX;FAUX;
ANG T020;FAUX;Pièce d'angle triangulaire 3D + pied;25;25;134;;2;FAUX;FAUX;
FT7045;FAUX;Pied à Fourches LINE ARRAY Noir-7m / 450-515 kg avec support 1 point•FAN;120;120;4195;;2;FAUX;FAUX;
PIED AJUST 20;FAUX;Pied ajustable 20 cm pour praticable STAGE DEX;1,1;1,1;18,49;;16;FAUX;FAUX;
PIED AJUST 40;FAUX;Pied ajustable 40 cm pour praticable STAGE DEX;1,3;1,3;18,5;;15;FAUX;FAUX;
PIED AJUST 60;FAUX;Pied ajustable 60 cm pour praticable STAGE DEX;1,4;1,4;20,39;;16;FAUX;FAUX;
PIED AJUST 80;FAUX;Pied ajustable 80 cm pour praticable STAGE DEX;1,6;1,6;22,05;;16;FAUX;FAUX;
EASYTILT;FAUX;Pied basculant pour console ;10;10;670,14;;3;FAUX;FAUX;
PIEDSCENE;VRAI;Pied complet + verin Ht 0,80;5;5;122;;32;FAUX;FAUX;
PCCPEARL;FAUX;Pied de caisse claire•PEARL;6;6;139;;4;FAUX;FAUX;
LW150;FAUX;Pied de levage LW150 charge 100 KG Ht 5,00m;25;25;350,63;;0;FAUX;FAUX;
LW265R;FAUX;Pied de levage LW265R charge 220 KG Ht 6,50m;40;40;915;;3;FAUX;FAUX;
MT470;FAUX;Pied de levage MAT UP 4,7m-150Kg-Treuil;30;30;818,4;;2;FAUX;FAUX;
MT550;FAUX;Pied de levage MT 550 charge 225KG Ht 5,50m;40;40;990;;2;FAUX;FAUX;
ST25;FAUX;Pied de levage ST25 charge 295 KG Ht 7,00m;70;80;2820;;4;FAUX;FAUX;
TE034;FAUX;Pied de levage TE034 charge 125Kg Ht 3,8m;25;25;453;;2;FAUX;FAUX;
TE074;FAUX;Pied de levage TE074 charge 200KG Ht 5,30m;35;35;1342;;2;FAUX;FAUX;
TL056;FAUX;Pied de levage TL056 charge 200KG Ht 6,50m;40;40;2899;;8;FAUX;FAUX;
TL075MAGNUM;FAUX;Pied de levage TL075 charge 300Kg Ht 7m;70;70;2820;;1;FAUX;FAUX;
1004BAC;FAUX;Pied de lumière en aluminium Master 1004BAC à air•MANFROTTO;10;10;106,02;;3;FAUX;FAUX;
PIEDPERCHPM;FAUX;Pied de micro bas noir avec perche;4;4;40;;100;FAUX;FAUX;
PIEDEMB.RONDE;FAUX;Pied de micro noir embase ronde;4;4;60;;5;FAUX;FAUX;
PIEDEMB.RONDE 2;FAUX;Pied de micro noir embase ronde emboitable ;4;4;94,15;;16;FAUX;FAUX;
PIEDPERCHGM;FAUX;Pied de micro noir Grand modèle ;4;4;39;;173;FAUX;FAUX;
PIEDTABLE;FAUX;Pied de micro pour table ;3;3;39,93;;28;FAUX;FAUX;
PIEDGIRAFE;FAUX;Pied de mirco type girafe;10;10;0;;0;FAUX;FAUX;
PIED0.80;FAUX;Pied de scène réglable•LAYHER;5;5;0;;0;FAUX;FAUX;
PIEDECRAN;FAUX;PIED DE SOL REGLABLE POUR ECRAN DE 32 A 55';80;80;622;;6;FAUX;FAUX;
PIEDSTAGEDEX100;FAUX;Pied fixe 100 cm pour praticable STAGE DEX;2;2;12,97;;295;FAUX;FAUX;
PIEDSTAGEDEX20;FAUX;Pied fixe 20 cm pour praticable STAGE DEX;1;1;4,31;;224;FAUX;FAUX;
PIEDSTAGEDEX40;FAUX;Pied fixe 40 cm pour praticable STAGE DEX;1;1;6,6;;308;FAUX;FAUX;
PIEDSTAGEDEX60;FAUX;Pied fixe 60 cm pour praticable STAGE DEX;2;2;8,8;;331;FAUX;FAUX;
PIEDSTAGEDEX80;FAUX;Pied fixe 80 cm pour praticable STAGE DEX;2;2;10,79;;287;FAUX;FAUX;
PPCPEARL;FAUX;Pied perche cymbales•PEARL;6;6;129;;10;FAUX;FAUX;
PIED TELESCO 45/60;FAUX;Pied téléscopique H-45/60cm STAGE DEX;2;2;20,7;;146;FAUX;FAUX;
PIED TELESCO 60/90;FAUX;Pied téléscopique H-60/90cm STAGE DEX;3;3;34,5;;12;FAUX;FAUX;
PIED TELESCO 90/140;FAUX;Pied téléscopique H-90/140cm STAGE DEX;4;4;62,87;;120;FAUX;FAUX;
WINDUP-2;FAUX;Pied WIND-UP 1,67 à 3,33m ch 40kg;12;12;191;;16;FAUX;FAUX;
WINDUP;FAUX;Pied WIND-UP 1,67 à 3,70m ch 30kg;16;16;552,96;;9;FAUX;FAUX;
PINCEIPN;FAUX;Pince de levage pour IPN 1T;10;10;61,19;;6;FAUX;FAUX;
CLAMP;FAUX;Pince micro - clamp 592A • LP;5;5;0;;2;FAUX;FAUX;
PIQTERRE;FAUX;Piquet de terre 1,20m;4;4;0;;0;FAUX;FAUX;
PLANCHERSCENE;VRAI;Plancher 21mm 1,22X1,22 antidérapant;10;10;71;;80;FAUX;FAUX;
PLANCHCOMECH257;FAUX;Plancher à trappe Combi avec échelle 2.57 • LAYHER;35;35;287,5;;4;FAUX;FAUX;
LAY.PLA-LESTE;FAUX;Plancher acier de lestage pour tour 2,57 x 2,57 m  . LAYHER;80;80;651;;0;FAUX;VRAI;
COMBI207;FAUX;Plancher Combi 2,07 m • LAYHER;15;15;103;;6;FAUX;FAUX;
COMBI257;FAUX;Plancher Combi 2,57 m • LAYHER;15;15;130;;50;FAUX;FAUX;
LAY.PLA-COMBI;FAUX;Plancher combi pour tour 2,57 x 2,57 m avec garde corps • LAYHER;100;100;873,22;;0;FAUX;VRAI;
PLANFER207;FAUX;Plancher fer 2,07 m • LAYHER;5;5;0;;0;FAUX;FAUX;
PLANFER257/019;FAUX;Plancher fer 2,57 m x 0,19 m • LAYHER;7;7;64,12;;10;FAUX;FAUX;
PLANFER257/032;FAUX;Plancher fer 2,57 m x 0,32 m • LAYHER;10;10;76,51;;105;FAUX;FAUX;
PLANFER307;FAUX;Plancher fer 3,07 x 0,32 • LAYHER;12;12;0;;36;FAUX;FAUX;
PLANCHTRIBT16;FAUX;Plancher tribune T16 0.86m x 2,57 m • LAYHER;45;45;416,57;;82;FAUX;FAUX;
PLATMULTICAM;FAUX;Plateau Multicaméras;0;0;0;;0;FAUX;FAUX;
KS28-PLA;FAUX;Plateau pour 1 KS28;0;0;295,1;;6;FAUX;FAUX;
SL1200;FAUX;Platine  SL1200 MKII • TECHNICS;45;45;0;(PLUS EN STOCK CF :INVENTAIRE MICHEL);0;FAUX;FAUX;
PLATINE;FAUX;Platine grand modèle pour découpes;2;2;25;;81;FAUX;FAUX;
SL1210;FAUX;Platine SL1210• TECHNICS;45;45;0;;0;FAUX;FAUX;
PORTEGOBO;FAUX;Porte gobo pour découpes • JULIAT;2;2;18,05;;37;FAUX;FAUX;
P1 RETRO;FAUX;PORTMAN P1 rétro lamp;100;100;900;;8;FAUX;FAUX;
POSTE INTERCOM;FAUX;Poste intercom;20;20;197,6;;0;FAUX;FAUX;
POTEAUGC;VRAI;Poteau garde-corps•STACCO;0;0;36,4;;6;FAUX;FAUX;
POTEAU050;FAUX;Poteau montant 0,50 M • LAYHER;3;3;21,35;;19;FAUX;FAUX;
POTEAU100;FAUX;Poteau montant 1,00 M • LAYHER;3;3;27,37;;43;FAUX;FAUX;
POTEAU150;FAUX;Poteau montant 1,50 M • LAYHER;5;5;38,2;;8;FAUX;FAUX;
POTEAU200;FAUX;Poteau montant 2,00 M • LAYHER;5;5;45,15;;215;FAUX;FAUX;
POTEAUSANSGOUJON050;FAUX;Poteau montant sans goujon 0,50 M • LAYHER;2;2;21,35;;6;FAUX;FAUX;
POTEAUSANSGOUJON100;FAUX;Poteau montant sans goujon 1,00M • LAYHER;3;3;26,46;;2;FAUX;FAUX;
POTEAUSANSGOUJON150;FAUX;Poteau montant sans goujon 1,50M • LAYHER;2;2;19,98;;50;FAUX;FAUX;
POURSLEDARTHUR;FAUX;Poursuite 1014 Arthur LED 800W avec trépied-filtre•JULIAT;250;250;10813,6;;1;FAUX;FAUX;
POURS2500;FAUX;Poursuite ARAMIS 2500 HMI 4,5/8° • JULIAT;185;185;10335,6;;2;FAUX;FAUX;
POURS1200;FAUX;Poursuite KORRIGAN 1200 HMI 5/9° • JULIAT;100;110;5614,8;;1;FAUX;FAUX;
POURS575;FAUX;Poursuite PIXIE 575 HMI 8/13° • JULIAT;68;68;0;;0;FAUX;FAUX;
P300CARREPRO290;FAUX;Poutre 300 carré alu  0,29 m•PROLYTE;7;7;77,22;;30;FAUX;FAUX;
P300CARREPRO500;FAUX;Poutre 300 carré alu  0,5 m•PROLYTE;7;7;84,24;;35;FAUX;FAUX;
P300CARREPRO710;FAUX;Poutre 300 carré alu  0,71 m•PROLYTE;9;9;106;;10;FAUX;FAUX;
P300CARREPRO1000;VRAI;Poutre 300 carré alu  1 m•PROLYTE;11;11;109,2;;45;FAUX;FAUX;
P300CARREPRO2000;FAUX;Poutre 300 carré alu  2 m•PROLYTE;14;14;156;;65;FAUX;FAUX;
P300CARREPRO3000;VRAI;Poutre 300 carré alu  3 m•PROLYTE;21;21;208,26;;93;FAUX;FAUX;
P300C-NOIR500;FAUX;Poutre 300 carré noir  0,5 m • PROLYTE;7;7;129;;12;FAUX;FAUX;
P300C-NOIR1000;FAUX;Poutre 300 carré noir  1 m • PROLYTE;11;11;161;;6;FAUX;FAUX;
P300C-NOIR2000;FAUX;Poutre 300 carré noir  2 m • PROLYTE;14;14;267;;12;FAUX;FAUX;
P300C-NOIR3000;FAUX;Poutre 300 carré noir  3 m • PROLYTE;21;21;369;;24;FAUX;FAUX;
P300TRI290;FAUX;Poutre 300 Triangulaire 0,29 m•PROLYTE;4;4;0;;0;FAUX;FAUX;
P300TRI500;FAUX;Poutre 300 Triangulaire 0,5 m•PROLYTE;4;4;84,2;;12;FAUX;FAUX;
P300TRI710;FAUX;Poutre 300 Triangulaire 0,71 m•PROLYTE;5;5;106;;4;FAUX;FAUX;
P300TRI1000;FAUX;Poutre 300 Triangulaire 1 m•PROLYTE;6;6;139;;7;FAUX;FAUX;
P300TRI2000;VRAI;Poutre 300 Triangulaire 2 m•PROLYTE;12;12;101,4;;5;FAUX;FAUX;
P300TRI3000;FAUX;Poutre 300 Triangulaire 3 m•PROLYTE;15;15;169;;20;FAUX;FAUX;
P500TRI1400OUV.NOIRE;FAUX;Poutre alu Noire S500 ouvert triangulaire 1,4m;18;18;250;;6;FAUX;FAUX;
P500TRI2800OUV.NOIRE;FAUX;Poutre alu Noire S500 ouvert triangulaire 2,8m;24;24;542,88;;24;FAUX;FAUX;
P500CARRE700;FAUX;Poutre alu S500 carrée 0,7m;32;32;0;;0;FAUX;FAUX;
P500CARRE1400;FAUX;Poutre alu S500 carrée 1,4m;41;41;385,84;;0;FAUX;FAUX;
P500CARRE2800;FAUX;Poutre alu S500 carrée 2,8m;54;54;436;;2;FAUX;FAUX;
P500TRI1400OUV.;FAUX;Poutre alu S500 ouvert triangulaire 1,4m;18;18;0;;0;FAUX;FAUX;
P500TRI2800OUV.;FAUX;Poutre alu S500 ouvert triangulaire 2,8m;24;24;417,6;;0;FAUX;FAUX;
P500TRI700;FAUX;Poutre alu S500 triangulaire 0,7m;15;15;350;;1;FAUX;FAUX;
P500TRI1400;FAUX;Poutre alu S500 triangulaire 1,4m;18;18;355;;7;FAUX;FAUX;
P500TRI2100;FAUX;Poutre alu S500 triangulaire 2,1m;21;21;580;;4;FAUX;FAUX;
P500TRI2800;FAUX;Poutre alu S500 triangulaire 2,8m;24;24;687;;62;FAUX;FAUX;
P400CARRE700;FAUX;Poutre alu série S400 0,7m;36;36;462,28;;6;FAUX;FAUX;
P400CARRE1400;FAUX;Poutre alu série S400 1,4m;39;39;720;PRIX POUR SERIE 500 CAR N'EXHISTE PAS EN SERIE 400 SUR CATALOGUE;6;FAUX;FAUX;
P400CARRE2800;FAUX;Poutre alu série S400 2,8m;42;42;1034;PRIX POUR SERIE 500 CAR N'EXHISTE PAS EN SERIE 400 SUR CATALOGUE;12;FAUX;FAUX;
LAY.ACC;FAUX;Poutre d'accroche terminale en haut de tour;44;44;878,94;;0;FAUX;VRAI;
ECHELFRANCH514;FAUX;Poutre de franchissement Universel Lg 5,14m -2 mâchoires • LAYHER;35;35;294,42;;7;FAUX;FAUX;
ECHELFRANCH771;FAUX;Poutre de franchissement Universel Lg 7,71m -2 mâchoires02 • LAYHER;50;50;463,89;;2;FAUX;FAUX;
P300PLAT2000;FAUX;Poutre plate 300 long 2m;10;10;91;;4;FAUX;FAUX;
POUTRELLE157;FAUX;Poutrelle Profil U 1.57 m • LAYHER;10;10;70,14;;3;FAUX;FAUX;
POUTRELLE207;FAUX;Poutrelle Profil U 2.07 m • LAYHER;10;10;59,5;;6;FAUX;FAUX;
POUTRELLE257;FAUX;Poutrelle Profil U 2.57m • LAYHER;10;10;95,97;;53;FAUX;FAUX;
POUTRELLE307;FAUX;Poutrelle Profil U 3.07 m • LAYHER;15;15;126,2;;6;FAUX;FAUX;
POUTRELLETRIBUNE087;FAUX;Poutrelle tribune lg 0,875 m • LAYHER;10;10;96,25;;12;FAUX;FAUX;
POUTRELLETRIBUNE257;FAUX;Poutrelle tribune lg 2,57m • LAYHER;25;25;199,5;;28;FAUX;FAUX;
PACKSAMIA2;FAUX;Praticable à hauteur variable 1x1m;20;20;155;;2;FAUX;FAUX;
PACKSAMIA;VRAI;Praticable à hauteur variable 2x1m;34;34;486,52;;4;FAUX;FAUX;
PRATISTAGEDEX 0,5X2;FAUX;Praticable rectangulaire 2m x0,5m à hauteur fixe;20;20;198;;6;FAUX;FAUX;
PRATISTAGEDEX;FAUX;Praticable rectangulaire 2m x1m à hauteur fixe;34;34;289,3;;101;FAUX;FAUX;
TLA Ivory;FAUX;Préampli 4 cannaux • TLA;60;70;480,8;;0;FAUX;FAUX;
AD8HR;FAUX;Préampli de micros 8 entrées • YAMAHA;70;70;1282,5;;2;FAUX;FAUX;
VT737;FAUX;Préampli/comp/eq mono à lampes • AVALON;60;66;2059;;1;FAUX;FAUX;
VT747;FAUX;Préampli/eq  stéréo à lampes • AVALON;60;60;2138;;1;FAUX;FAUX;
XL42;FAUX;Préampli/EQ 2 canaux • MIDAS;70;70;2064;;3;FAUX;FAUX;
8803;FAUX;Préampli/EQ 2 canaux • NEVE;70;70;1580;;1;FAUX;FAUX;
ISA220;FAUX;Préampli/eq/comp • FOCUSRITE;60;60;1767,6;;1;FAUX;FAUX;
P1;FAUX;Processeur AVB et plateforme de mesure • L'ACOUSTICS;95;95;8000;;3;FAUX;FAUX;
M7;FAUX;Processeur de Réverbération Numérique Stéréo • BRICASTI;50;50;0;;2;FAUX;FAUX;
DISTRESSOR;FAUX;Processeur dynamique mono • EMPIRICAL LAB;60;60;1551;;2;FAUX;FAUX;
LAKECONTOUR;VRAI;Processeur LAKE 2E/6S • DOLBY;65;70;2200;;0;FAUX;FAUX;
DOLBYLAKE;FAUX;Processeur LP4D12 • DOLBY;90;95;5918,4;;1;FAUX;FAUX;
PROFILBACHE130;FAUX;Profil rail alu 1,30 m • LAYHER;5;5;34,65;;12;FAUX;FAUX;
PROFILBACHE250;FAUX;Profil rail alu 2,50 m • LAYHER;8;8;53,76;;24;FAUX;FAUX;
PROFILBACHE600;FAUX;Profil rail alu 6 m • LAYHER;16,5;16,5;150;;14;FAUX;FAUX;
PROFILBACHE300;FAUX;Profil rail alu LG 3 m • LAYHER;16,5;16,5;150;;0;FAUX;FAUX;
PROFILEBACHE;FAUX;Profilé bâche lg 2m;0;0;38;;40;FAUX;FAUX;
BLONDES2000;FAUX;Projecteur 2000W;19;19;0;;0;FAUX;FAUX;
PAR36;FAUX;"Projecteur 36""F1""30w/6v";4;4;15;;11;FAUX;FAUX;
MANDARINES;FAUX;Projecteur 800W;11;11;0;;0;FAUX;FAUX;
SVOBODA;FAUX;Projecteur 9x250w,2250w/220v;32;32;0;;0;FAUX;FAUX;
ROLLAPIX;FAUX;Projecteur à Lecd RGB sur Lyre • AYRTON;40;40;216,62;PRIX VIAGEAR SOURCE;0;FAUX;FAUX;
CENTURY2500;FAUX;Projecteur architecturale 60°x 45°, 2800W;180;180;1908;;4;FAUX;FAUX;
JARAG5;FAUX;Projecteur asservi 25 PAR30-JARAG-5 • CHROMLECH;55;55;500;;12;FAUX;FAUX;
VLX;FAUX;Projecteur asservie • VARI-LITE;150;150;7000;;0;FAUX;FAUX;
CYCL500;FAUX;Projecteur assymétrique 500W;6;6;0;;0;FAUX;FAUX;
CYCL1000;FAUX;Projecteur assymétrique ACP1001 1000W • ADB;8;8;299;;35;FAUX;FAUX;
BT250;FAUX;Projecteur basse tension 250W;10;10;597;;4;FAUX;FAUX;
BT500;FAUX;Projecteur basse tension 500W;20;20;814,8;;2;FAUX;FAUX;
PROJSON;FAUX;Projecteur de son 100v 20W;5;5;53,04;;53;FAUX;FAUX;
VERSATILE;FAUX;Projecteur effets 800W;38;38;150;;8;FAUX;FAUX;
ICECOLOR250;FAUX;Projecteur fixe à LED RGBW 11° IP 65 200W • AYRTON;60;60;2160;;0;FAUX;FAUX;
ICECOLOR500;FAUX;Projecteur fixe à LED RGBW 11° IP 65 400W • AYRTON;100;100;3500;;8;FAUX;FAUX;
FL650;FAUX;Projecteur FL 650 1X650W;5;5;36;;14;FAUX;FAUX;
FL1300-LED;FAUX;Projecteur FL1300 2X100W blanc chaud / froid •PROLIGHT;18;18;402;;8;FAUX;FAUX;
FL1300;FAUX;Projecteur FL1300 2X650W;9;9;55,8;;23;FAUX;FAUX;
FRESN1KW;FAUX;Projecteur Fresnel 1000W avec volets • STRAND;10;10;0;;0;FAUX;FAUX;
FRESN2KW;FAUX;Projecteur Fresnel 2000W avec volets • STRAND;20;20;190;PRIX VIA JSF;20;FAUX;FAUX;
FRESN5KW;FAUX;Projecteur Fresnel 5000W avec volets • STRAND;30;30;843,75;;6;FAUX;FAUX;
HQI400;FAUX;Projecteur HQI 400 Watt;12;12;138;;32;FAUX;FAUX;
EKSPOLED 200;FAUX;Projecteur HQI led 200W / 120° / 5000K IP65 • NICOLS;25;25;223;;39;FAUX;FAUX;
AC56;FAUX;Projecteur lentille PC, 500W/220V • ADB;6;6;6;;0;FAUX;FAUX;
PAR16;FAUX;Projecteur Par 16 50w/12v;4;4;9,55;;0;FAUX;FAUX;
PAR30;FAUX;"Projecteur PAR 30 Noir ""F1"" 30w/6v";4;4;29,6;;0;FAUX;FAUX;
PAR56 LONG;FAUX;Projecteur PAR 56 (CP60-CP61-CP62) long;5;5;31;;18;FAUX;FAUX;
PAR56 COURT;FAUX;Projecteur PAR 56 court (CP60-CP61-CP62);5;5;22,8;;8;FAUX;FAUX;
PAR64;VRAI;Projecteur PAR 64 (CP60-CP61-CP62);8;8;19,68;;97;FAUX;FAUX;
306 LPC;FAUX;"Projecteur plan convexe ""Lutin"" 1000W • JULIAT";5;5;356;PRIX VIA JSF;0;FAUX;FAUX;
C101;FAUX;Projecteur plan convexe 1000/12000W 10/65° • ADB;6;6;380;;40;FAUX;FAUX;
310HPC;FAUX;Projecteur plan convexe 1000/1200W • JULIAT;6;6;202,8;;36;FAUX;FAUX;
329 HPC;FAUX;Projecteur plan convexe 2000/2500W • JULIAT;15;15;750;PRIX VIA AUDIOFANZINE;0;FAUX;FAUX;
C201;FAUX;Projecteur plan convexe 2000W 10/60° • ADB;15;15;510;;20;FAUX;FAUX;
RSMOTEUR10M;FAUX;prolong moteur P17 16A TRI 4x2,5mm2 H07RNF 10m;2;2;64,47;;58;FAUX;FAUX;
RSMOTEUR01M;FAUX;prolong moteur P17 16A TRI 4x2,5mm2 H07RNF 1m;0;0;30,25;;6;FAUX;FAUX;
RSMOTEUR20M;FAUX;prolong moteur P17 16A TRI 4x2,5mm2 H07RNF 20m;3;3;79,46;;74;FAUX;FAUX;
RSMOTEUR25M;FAUX;prolong moteur P17 16A TRI 4x2,5mm2 H07RNF 25m;4;4;86,96;;14;FAUX;FAUX;
RSMOTEUR05M;FAUX;prolong moteur P17 16A TRI 4x2,5mm2 H07RNF 5m;1;1;56,98;;2;FAUX;FAUX;
PROLONG20-PC16/TRUE;FAUX;Prolong PC16A vers TrueOne 20m;4;4;0;;0;FAUX;FAUX;
PROLONG30-PC16/TRUE;FAUX;Prolong PC16A vers TrueOne 30m;5;5;0;;0;FAUX;FAUX;
PROLONG40-PC16/TRUE;FAUX;Prolong PC16A vers TrueOne 40m;6;6;0;;0;FAUX;FAUX;
PROLONG01;FAUX;Prolongateur 3G1,5 HO7RNF 16A 1,00m;1;1;5,25;;36;FAUX;FAUX;
PROLONG10;FAUX;Prolongateur 3G1,5 HO7RNF 16A 10,00m;2;2;15,36;;273;FAUX;FAUX;
PROLONG15;FAUX;Prolongateur 3G1,5 HO7RNF 16A 15,00m;3;3;19,83;;76;FAUX;FAUX;
PROLONG20;FAUX;Prolongateur 3G1,5 HO7RNF 16A 20m;4;4;27,3;;199;FAUX;FAUX;
PROLONG03;FAUX;Prolongateur 3G1,5 HO7RNF 16A 3,00m;1;1;5,8;;364;FAUX;FAUX;
PROLONG05;FAUX;Prolongateur 3G1,5 HO7RNF 16A 5,00m;2;2;9,06;;342;FAUX;FAUX;
PROLONG203G25;FAUX;Prolongateur 3G2,5 HO7RNF 16A 20m;4;4;77,15;;26;FAUX;FAUX;
PROLONG25;FAUX;Prolongateur 3G2,5 HO7RNF 16A 25m;4;4;54,47;;30;FAUX;FAUX;
PROLONG10PT17/PC16;FAUX;Prolongateur 3G2,5 HO7RNF P17-->PC 16A 10m;4;4;40,9;;2;FAUX;FAUX;
PROLONG30PT17/PC16;FAUX;Prolongateur 3G2,5 HO7RNF P17-->PC 16A 30m;4;4;59,24;;2;FAUX;FAUX;
PROLONG40PT17/PC16;FAUX;Prolongateur 3G2,5 HO7RNF P17-->PC 16A 40m;4;4;68,41;;2;FAUX;FAUX;
PROLONG05PT17/PC16;FAUX;Prolongateur 3G2,5 HO7RNF P17-->PC 16A 5m;4;4;31,7;;6;FAUX;FAUX;
P300SUPPORT;FAUX;PROLYTE•Support de levage série 300 caré CMU 500KG;10;10;160;;14;FAUX;FAUX;
PROTENTE2,4*2,4;FAUX;Protente 2,4x2,4m avec paroies 4 côtés;69;69;780,5;;1;FAUX;FAUX;
PROTENTE3*3-;FAUX;Protente 3x3m avec paroies 4 côtés blanc;92;92;452;;51;FAUX;FAUX;
PROTENTE3*3;FAUX;Protente 3x3m avec paroies 4 côtés blanc.;112;92;678;;0;FAUX;VRAI;
PROTENTE4,5*3;FAUX;Protente 4,5x3m avec paroies 4 côtés;100;100;907;;2;FAUX;FAUX;
PROTENTE5*5;FAUX;Protente 5x5 m avec paroies blanches;200;200;1050;;0;FAUX;FAUX;
PROTENTE6*3;FAUX;Protente 6x3m avec paroies 4 côtés;138;138;912,8;;4;FAUX;FAUX;
*PRESTO;FAUX;PUPITRE AVAB PRESTO 120 CIRCUITS;0;0;0;;0;FAUX;FAUX;
PUPITREORC;FAUX;Pupitre chef orchestre;25;25;0;;0;FAUX;FAUX;
PUPITRECONF;FAUX;Pupitre conférence transparent + fronton 57x13 cm;100;100;1139,85;;1;FAUX;FAUX;
CONGOKID;FAUX;Pupitre lumière CongoKid • ETC;180;180;6457;;1;FAUX;FAUX;
PUPITREMUS;FAUX;Pupitre pour musicien•RTX;10;10;42;;30;FAUX;FAUX;
DL441;FAUX;Quadruple compresseur/gate • DRAWMER;35;35;576;;3;FAUX;FAUX;
DPR404;FAUX;Quadruple compresseur• BSS;35;35;1356;;3;FAUX;FAUX;
DS404;FAUX;Quadruple Noisegate • DRAWMER;35;35;576;;1;FAUX;FAUX;
MULTIPRISE;FAUX;Quadruplette noire 10/16A;2;2;5,2;;75;FAUX;FAUX;
MULTIPRISE-I;FAUX;Quadruplette noire 10/16A02 avec inter;2;2;5,2;;151;FAUX;FAUX;
QUARTZALED35;FAUX;QUARTZ A LED 35 W IP 65;8;8;70;;20;FAUX;FAUX;
QUARTZALED50;FAUX;QUARTZ A LED 50 W IP 65;12;12;105;;32;FAUX;FAUX;
QUARTZ150;FAUX;QUARTZ Halogène 150W;0;0;0;;3;FAUX;FAUX;
QUARTZ1000;FAUX;QUARTZ Halogène IP65 1000W;8;8;0;;20;FAUX;FAUX;
QUARTZ500;FAUX;QUARTZ Halogène IP65 500W;5;5;0;;4;FAUX;FAUX;
PELLEATARTE;FAUX;Quartz sur bras 50cm LED 35 W IP 65;8;8;70;;13;FAUX;FAUX;
QUINTO;FAUX;"Quinto Matador 11""•LP";42;42;327;;1;FAUX;FAUX;
BOUCHON-RJ45;FAUX;Raccord RJ45 fem-fem;2;2;14,05;;30;FAUX;FAUX;
BOUCHON-SPK4;FAUX;RACCORD SPEAKON 4Pts;1;1;4,78;;60;FAUX;FAUX;
BOUCHON-SPK8;FAUX;RACCORD SPEAKON 8Pts;1,5;1,5;16,13;;9;FAUX;FAUX;
LS10RAKSHELF;FAUX;"Rack 19"" 1U pour 2 LS10•L-ACOUSTICS";0;0;40,95;;6;FAUX;FAUX;
RK9U;FAUX;Rack 9 U;55;55;590;;15;FAUX;FAUX;
LARAK-II;FAUX;Rack de tournée 3 x LA12X • L'ACOUSTICS;350,01;345;39900;;0;FAUX;VRAI;
LARAK;FAUX;Rack de tournée 3 x LA8 • L'ACOUSTICS;250;250;15566;;0;FAUX;VRAI;
ORR105464;FAUX;Rack Open Road 10U Prof 540;0;0;167,4;;0;FAUX;FAUX;
ORR0654;FAUX;Rack Open Road 6U Prof 540;0;0;131,7;;0;FAUX;FAUX;
ORRTS16U70;FAUX;rack open Top suspendu 16U prof700-Couvercles rabattants;0;0;816;;6;FAUX;FAUX;
ORRTS02U54;FAUX;Rack open Top suspendu 2U prof530-Couvercles rabattants;0;0;283,2;;8;FAUX;FAUX;
TOOL;FAUX;Rack outillage;0;0;0;;0;FAUX;FAUX;
RACKSCAN12;FAUX;RACK SCANN 12 x10A;35;35;399;;19;FAUX;FAUX;
RACKMX30;FAUX;Rack vidéo MX30 MAIN/SPARE + Rackscan;535;535;399;;0;FAUX;VRAI;
ORR16530;FAUX;"Rack19""  Open Road 16U Prof 530";0;0;274,08;;2;FAUX;FAUX;
PRO-D8;FAUX;"RADIAL•Boîtier de direct 8 canaux - 1U 19"" -";45;45;999,6;;4;FAUX;FAUX;
CABSPEAKON4/RAL;FAUX;RALLONGE SPEAKON 4 M/F 10M;2;2;70,63;;10;FAUX;FAUX;
CABSPEAKON4/RAL5;FAUX;RALLONGE SPEAKON 4 M/F 5m;1;1;0;;0;FAUX;FAUX;
CS4;FAUX;Rampe ACL motorisée;80;80;1440,6;;8;FAUX;FAUX;
RAMPEALU380;FAUX;Rampe aluminium de chargement Lg 3,8m X 0,8m;50;50;733,95;;4;FAUX;FAUX;
RAMPEALU300;FAUX;Rampe aluminium de chargement Lg 3m;50;50;1247;;1;FAUX;FAUX;
RAMPEALU150;FAUX;Rampe aluminum de chargement Lg 1,5 m;50;50;220;;1;FAUX;FAUX;
T8;FAUX;Rampe dichroïque 8x90w (x2);32;32;0;;2;FAUX;FAUX;
T9;FAUX;Rampe dichroïque 9x85w(x2);32;32;0;;3;FAUX;FAUX;
SUNSTRIP;FAUX;Rampe DMX 10 Lampes;25;25;220;;30;FAUX;FAUX;
REGLETTES FLUO;FAUX;Rampe fluorescente graduable • JULIAT;8;8;420;;6;FAUX;FAUX;
EW 100;FAUX;Récépteur SENNHEISER EW100;0;0;0;;0;FAUX;FAUX;
EW G3;FAUX;Récépteur SENNHEISER EWG3;0;0;0;;0;FAUX;FAUX;
UR4D;VRAI;Récépteur shure double • SHURE;90;90;3125;;7;FAUX;FAUX;
ULX-D;FAUX;Récépteur shure double numérique bande H51• SHURE;90;90;3325;;10;FAUX;FAUX;
AD4D;FAUX;Récépteur shure double numérique série AXIENT • SHURE;90;90;3500;;12;FAUX;FAUX;
UR4S;VRAI;Récepteur shure simple • SHURE;45;45;2000;;1;FAUX;FAUX;
REMORQUE1;FAUX;REMORQUE 1 / DX-121-VE;0;0;0;;0;FAUX;FAUX;
REMORQUE 2;FAUX;REMORQUE 2 / DX-631-VE PAS DISPONIBLE;0;0;0;;0;FAUX;FAUX;
REMORQUECODER;FAUX;REMORQUE CODER BLANCHE / BK-376-DP;0;0;0;;0;FAUX;FAUX;
REMORQUECOL;FAUX;REMORQUE COL DE CYGNE TRAILOR / CX-640-SE;0;0;0;;0;FAUX;FAUX;
KILO-;FAUX;"Renfort de grave 1 x 12"" • L'ACOUSTICS";30;30;1221;;4;FAUX;FAUX;
SB18-118-;FAUX;"Renfort de grave 1 x 18"" • L'ACOUSTICS";40;40;2920;;8;FAUX;FAUX;
SUB146S;FAUX;"Renfort de grave 1X18""";30;30;0;;0;FAUX;FAUX;
SB28-;VRAI;"Renfort de grave 2x18"" • L'ACOUSTICS";55;55;3144,7;HC;22;FAUX;FAUX;
KS28-;FAUX;Renfort de grave accrochable 2 x 18'' • L'ACOUSTICS;80;80;4982;;18;FAUX;FAUX;
SB15M-;FAUX;"Renfort de grave compact 1 x 15"" • L'ACOUSTICS";30;30;1965;;0;FAUX;FAUX;
K1SB-;FAUX;renfort de grave pour K1 ou K2 • L'ACOUSTICS;240;240;4990;;0;FAUX;FAUX;
DVSUB;VRAI;"Renfort de graves 3 X 15"" • L'ACOUSTICS";28;28;1860;;0;FAUX;FAUX;
RENFPLANC257;FAUX;Renfort plancher Combi 2.57 • LAYHER;0;0;0;;16;FAUX;FAUX;
M15A;VRAI;"Retour de scène actif 15""-4"" • ADAMSON";45;45;2079;;14;FAUX;FAUX;
REVERB4000;FAUX;Réverb 4000 •TC ELECTRONIC;50;50;1199;;2;FAUX;FAUX;
480L;FAUX;Reverb numérique • LEXICON;90;90;3800;PRIX VIA AUDIOFANZINE;0;FAUX;FAUX;
960L;FAUX;Réverb numérique • LEXICON;120;130;10946;;0;FAUX;FAUX;
PCM91;FAUX;Reverbe numérique PCM91 • LEXICON;50;50;2220;;1;FAUX;FAUX;
WTEX-RIDEAU;FAUX;Rideau WENTEX P&D Molton CSS 300g/m2 noir - Dim. (LxH) : 3 x 3m Plissé;25;25;229,69;;30;FAUX;FAUX;
ESPRITE;FAUX;ROBE•Lyre profile LED à couteaux, 650W, zoom 5,5-50°;245;245;10950;;29;FAUX;FAUX;
LIFT WHEEL;FAUX;Roulette débrayable pour pied STAGEDEX;5;5;0;;8;FAUX;FAUX;
WIFIROUTEUR;FAUX;Routeur WIFI;5;5;71;;4;FAUX;FAUX;
HDI 24X3;FAUX;RVE• Blocs de puissance HDI 24x3Kw;100;110;4344;;0;FAUX;VRAI;
HDL 24X3;FAUX;RVE• Blocs de puissance HDL 24x3Kw;100;100;4042,96;;0;FAUX;VRAI;
DIMKIT12X3;FAUX;RVE•Bloc de puissance DIMKIT 12x3Kw;50;50;2119;;3;FAUX;FAUX;
DIMKIT 24X3;FAUX;RVE•Bloc de puissance DIMKIT 24x3Kw;100;100;4238;;0;FAUX;VRAI;
HDIRVE12;FAUX;RVE•Bloc de puissance HDI 12X3KW;50;50;2172;;2;FAUX;FAUX;
HDIRVE5KW;FAUX;RVE•Bloc de puissance HDI 6X5kw;50;50;2090;;3;FAUX;FAUX;
STAGER6;FAUX;RVE•Bloc de puissance STAGER 6X2KW;28;28;600;;4;FAUX;FAUX;
HDL6 x 3KW;FAUX;RVE•Bloc puissance HDL 6 X 3KW;25;25;1010,74;;2;FAUX;FAUX;
32A-4;FAUX;Sabot de distribution 32A T-> 2 x PC16A / 2 x P17 32AM;25;25;361,32;;1;FAUX;FAUX;
32A-3;FAUX;Sabot de distribution 32A T-> 6 x PC16A;25;25;299,55;;2;FAUX;FAUX;
32A-6;FAUX;Sabot de distribution 32A T-> 9 x PC16A02 + Recopie 32T;25;25;670;;0;FAUX;FAUX;
SANG-CLI-8M;FAUX;Sangle à cliquet largeur 50mm / longueur 8m;0;0;0;;0;FAUX;FAUX;
STEELFLEX-1T/1M;FAUX;Sangle tubulaire noire âme acier LG 1m / CMU 1T;7;7;6,78;;201;FAUX;FAUX;
STEELFLEX-1T/2M;FAUX;Sangle tubulaire noire âme acier LG 2M / CMU 1T;10;10;24,01;;275;FAUX;FAUX;
STEELFLEX-1T/1,5M;FAUX;Sangle tubulaire noire âme acierLG 1,5m/ CMU 1T;8,5;8,5;11,18;;50;FAUX;FAUX;
STEELFLEX-1T/0,50M;FAUX;Sangletubulaire noire âme acier LG 0,50m/CMU 1T;5;5;5,46;;20;FAUX;FAUX;
STAGECAR3;FAUX;Scène couverte sur remorque 48M2;2500;2500;0;;0;FAUX;FAUX;
SCEN40-80;FAUX;Scène haut 0,4/0,8m 2,44x2,44 PX/M2 500Kg/m2;11;11;0;;0;FAUX;FAUX;
SCEN100-180;FAUX;Scène haut 1/1,8m  2,44x2,44 PX/M2 500Kg/m2;12;12;145;;120;FAUX;FAUX;
MOV' IN 60;FAUX;Scene mobile 9x6,7 HYDRAU IV • EUROPODIUM;3200;3000;58453,5;;2;FAUX;FAUX;
MOV'IN 80+;FAUX;Scène remorque couverte 11,3x7•MOVING STAGE;8000;8000;319954;;1;FAUX;FAUX;
MOV'IN 160+;FAUX;Scène remorque couverte 13,5x11,5 Accroche10T•GUILLET;10000;10000;352000;;1;FAUX;FAUX;
MOV'IN 60;FAUX;Scène remorque couverte 9X6,7•MOVING STAGE;3200;3200;64000;;1;FAUX;FAUX;
HD25;FAUX;SENNHEISER • Casque fermé;8;8;142,17;;0;FAUX;FAUX;
IE4;FAUX;SENNHEISER• casque intra-auriculaire;5;5;69;;4;FAUX;FAUX;
ACL250;FAUX;Série d'acl 8x250W (2 barres);45;45;430;;7;FAUX;FAUX;
ACL600;FAUX;Série d'acl 8x600W (2 barres);90;90;0;;0;FAUX;FAUX;
BONGO;FAUX;"Set 2 bongos Matador 7 1/4"" et 8 5/8""•LP";36;36;130,8;;1;FAUX;FAUX;
TIMBAL;FAUX;"Set 2 timbales Tito Puente 14"", 15"" + pied•LP";48;48;511;;1;FAUX;FAUX;
SETCABLE MC12;FAUX;Set cables pour MC12 2xPowerccon+2xNC4MXX•LIFTKET;0;0;108;;1;FAUX;FAUX;
BLOCKPERCUS;FAUX;Set de 2 jam Block+tambourin+support•LP;9,6;9,6;200;;1;FAUX;FAUX;
SHAKER;FAUX;Set de 2 shakers twist plastic/2 rock/acier•LP;9,6;9,6;100;;1;FAUX;FAUX;
PPCPEARLSET;FAUX;Set de 3 pieds perche cymbales•PEARL;14,4;14,4;350;;1;FAUX;FAUX;
CLOCHE;FAUX;Set de 4 cloches salsa/chacha (acier)•LP;14,4;14,4;50;;1;FAUX;FAUX;
PA421B;FAUX;SHURE • Combiner d'antenne 4 entrées;45;45;0;;0;FAUX;FAUX;
PA821;FAUX;SHURE • Combiner d'antenne 8 entrées;60;60;2079;;0;FAUX;FAUX;
PA821B;FAUX;SHURE • Combineur d'antennes 8 entrées;55;55;2186;;7;FAUX;FAUX;
P10TE-G10E;FAUX;SHURE • Emetteur double PSM1000 470 - 542 Mhz;140;140;1745;;19;FAUX;FAUX;
P9TE-K1E;FAUX;SHURE • Emetteur simple PSM900 596 - 632 Mhz;60;60;387,45;;4;FAUX;FAUX;
AD600;FAUX;SHURE • Manageur de spectre numérique ;120;120;3742,2;;1;FAUX;FAUX;
P10RPLUS-G10E;FAUX;SHURE • Récepteur PSM1000 470 - 542 Mhz;30;30;554;;38;FAUX;FAUX;
P9RAPLUS-K1E;FAUX;SHURE • Récepteur PSM900 596 - 632 Mhz;20;20;365,4;;6;FAUX;FAUX;
KSM32;FAUX;Shure micro statique cardio large membrane • SHURE;30;30;480;;1;FAUX;FAUX;
PA805SWB;FAUX;SHURE•Antenne - Directive 470 à 952 MHz;15;15;214,2;;8;FAUX;FAUX;
UA874E;FAUX;SHURE•Antenne - Directive amplifiée 470 à 790 MHz;15;15;429,9;;4;FAUX;FAUX;
UA870WB;FAUX;SHURE•Antenne - Directive amplifiée 470 à 900 MHz;15;15;314,89;;3;FAUX;FAUX;
UA870A;FAUX;SHURE•Antenne - Directive amplifiée 782 à 810 MHz;15;15;350;;2;FAUX;FAUX;
HA8089;FAUX;SHURE•Antenne hélicoîdale large bande 460 à 900 Mhz;15;15;650;;6;FAUX;FAUX;
UA845;FAUX;SHURE•Distributeur 2x5 antennes A/B large bande;30;30;886,14;;5;FAUX;FAUX;
SE215;FAUX;SHURE•Ecouteur intra-auriculaire;7;7;81,78;;25;FAUX;FAUX;
DT100;FAUX;SONY • Casque fermé ;8;8;0;;0;FAUX;FAUX;
DT250;FAUX;SONY • Casque fermé 80 Ohms;20;20;109,92;;0;FAUX;FAUX;
SOUSPERCHE05;FAUX;Sous-perche 0,5;1;1;0;;1;FAUX;FAUX;
SOUSPERCHE1M;FAUX;Sous-perche 1m;2;2;0;;2;FAUX;FAUX;
SOUSPERCHE1M50;FAUX;Sous-perche 1m50;6;6;0;;2;FAUX;FAUX;
SOUSPERCHE2M;FAUX;Sous-perche 2m;4;4;0;;2;FAUX;FAUX;
CABSPEAKON4/10;FAUX;SPEAKON 4P 10,00m;2;2;60,63;;137;FAUX;FAUX;
CABSPEAKON4/15;FAUX;SPEAKON 4P 15,00m;2;2;75,16;;44;FAUX;FAUX;
CABSPEAKON4/20;FAUX;SPEAKON 4P 20,00m;3;3;92,66;;53;FAUX;FAUX;
CABSPEAKON4/3;FAUX;SPEAKON 4P 3,00m;1;1;38,83;;42;FAUX;FAUX;
CABSPEAKON4/30;FAUX;SPEAKON 4P 30,00m;5;5;127,66;;16;FAUX;FAUX;
CABSPEAKON4/5;FAUX;SPEAKON 4P 5,00m;1;1;46,1;;62;FAUX;FAUX;
CABSPEAKON8/10;FAUX;SPEAKON 8P 10,00m;3;3;143,69;;2;FAUX;FAUX;
CABSPEAKON8/20;FAUX;SPEAKON 8P 20,00m;4;4;182,46;;1;FAUX;FAUX;
CABSPEAKON8/5;FAUX;SPEAKON 8P 5,00m;2;2;104,92;;4;FAUX;FAUX;
ASA1;FAUX;SPLITTER ANTENNE EW;50;50;0;;0;FAUX;FAUX;
SPLITTER DMX 6;FAUX;Splitter DMX 6 lignes;30;30;185,43;;41;FAUX;FAUX;
CRASHALU;FAUX;STACCO•crash barrière aluminium 1m;40;40;750;;41;FAUX;FAUX;
CRASHALU-PC-;FAUX;STACCO•crash barrière passage de câble 1m;40;40;750;;1;FAUX;FAUX;
CRASHALU/ANG;FAUX;STACCO•panneau d'angle pour crash barrière;40;40;194,6;;2;FAUX;FAUX;
RIO16/08;VRAI;Stagerack 16in / 8 out • YAMAHA;100;100;5652;;6;FAUX;FAUX;
RIO32/24;VRAI;Stagerack 32 in / 16 out / 4 AES out • YAMAHA;180;180;9747;;11;FAUX;FAUX;
STANDCLAVIER;FAUX;Stand clavier KS-1010•RTX;6;6;17,6;;5;FAUX;FAUX;
STANDCB;FAUX;Stand congas basket M294•LP;10,8;10,8;126;;3;FAUX;FAUX;
STANDCR;FAUX;Stand congas roulettes LP636•LP;12;12;189;;3;FAUX;FAUX;
STANDGUIT;FAUX;Stand guitare•HERCULE;7,2;7,2;42;;10;FAUX;FAUX;
GTR-STD4;FAUX;Stand pliable pour 4 guitares•GATOR;0;0;340;;1;FAUX;FAUX;
STANDPIANO;FAUX;Stand table piano 18953•K&M;12;12;98;;1;FAUX;FAUX;
VEGA;FAUX;STARWAY•projecteur d'effet / déco vintage led et tungstene;100;100;1183;;6;FAUX;FAUX;
STOPCHUTE250;FAUX;Stop-Chute 250 Kg;20;20;323,55;;3;FAUX;FAUX;
STOPCHUTE500;FAUX;Stop-chute 500 Kg;25;25;1044;;20;FAUX;FAUX;
STRAPSPEAKON;FAUX;STRAP SPEAKON 4PTS Long1M;1;1;34,47;;92;FAUX;FAUX;
STORMLITE HD;FAUX;Stroboscope / Wallwash RGBW Led 800W;70;70;938,7;;24;FAUX;FAUX;
STROMBO;FAUX;Stromboscope Atomic 3000W • MARTIN;45;45;454,8;;7;FAUX;FAUX;
K2-BUMP;FAUX;strucrure de levage du K2 • L'ACOUSTICS;100;100;3198;;4;FAUX;FAUX;
WTEX-DEPART;FAUX;Structure d'occultation WENTEX avec rideau noir 3m x 3m;75;75;622,65;;0;FAUX;VRAI;
*SOLID15;FAUX;Subwoofer amplifié 1x15” - 1.800W RMS • AED;65;65;0;;0;FAUX;FAUX;
*SOLID28;FAUX;Subwoofer amplifié 2x18” - 3.000W RMS • AED;70;70;0;;0;FAUX;FAUX;
KS21-;FAUX;Subwoofer compact haute puissance : 1x21'' • L'ACOUSTICS;50;50;4620;deja renseigné + verifié via jsf;6;FAUX;FAUX;
MA635;FAUX;Super clamp 13-55mm•MANFROTTO;2;2;37,35;;4;FAUX;FAUX;
FAS-01;FAUX;Support 55 cm pour Line Array,;0;0;77;;4;FAUX;FAUX;
COUPELLE AURA;FAUX;Support coupelle MAC AURA pour pied 35mm;10;10;0;;23;FAUX;FAUX;
GRAVITY;FAUX;Support d'écran, montage sur table,;10;10;62,17;;1;FAUX;FAUX;
FVE RS40;FAUX;"Support d'écrans plats 32"" a 40""";0;0;174;;0;FAUX;FAUX;
PPC500ALU-;FAUX;Support de cable Alu 3 niveaux;5;5;23,8;;0;FAUX;FAUX;
19685B;FAUX;Support de moniteur LCD pour trépied micro•K&M;2;2;16,04;;2;FAUX;FAUX;
JOMOTILT;FAUX;Support incliner pour Lyre Clay-Paky K10 / K20;15;15;70;;8;FAUX;FAUX;
WTEX-SUPP180-300;FAUX;Support télescopique de rideaux WENTEX Pipes and Drapes 180 à 300cm Alum;10;10;86;;30;FAUX;FAUX;
S5000 SURFACE;FAUX;Surface de contrôle 28 faders DLIVE • ALLEN & HEATH;450;450;20039,25;;3;FAUX;FAUX;
SWITCHDANTE8P;FAUX;Switch 8 ports Gigabit;20;20;62,46;;0;FAUX;FAUX;
TL-SG108PE;FAUX;Switch 8 ports Gigabit•TP-LINK;0;0;63,9;;2;FAUX;FAUX;
SG108PE;FAUX;Switch 8 ports TP-LING;0;0;20;;2;FAUX;FAUX;
LS10;FAUX;Switch AVB•L-ACOUSTICS;20;0;1620;;6;FAUX;FAUX;
CISCO SG300;FAUX;Switch SG300-20 20 ports;20;20;333,25;;0;FAUX;FAUX;
CISCO SG30002;FAUX;Switch SG300-8 8 ports02;20;20;333,25;;0;FAUX;FAUX;
SWITCHDANTE16P;FAUX;Switch stage 16 ports (8 en façade-8 à l'arrière)•SWISSONIC;25;25;277,5;;8;FAUX;FAUX;
MOTIF6;FAUX;Synthé Motif XF 7•YAMAHA;143,6;143,6;2511,9;;0;FAUX;VRAI;
MOTIF6-;FAUX;Synthé Motif XF 7•YAMAHA;120;120;2433;;1;FAUX;FAUX;
NORDELEC;FAUX;Synthé Nord Electro 5D 61•CLAVIA;119,6;119,6;1877,9;;0;FAUX;VRAI;
NORDELEC-;FAUX;Synthé Nord Electro 5D 61•CLAVIA;96;96;1799;;1;FAUX;FAUX;
TRITON;FAUX;Synthé Triton Pro 76•KORG;131,6;131,6;778,9;;0;FAUX;VRAI;
TRITON-;FAUX;Synthé Triton Pro 76•KORG;108;108;700;;1;FAUX;FAUX;
INTERCOM;FAUX;Système 5 postes + centrale 1 circuit;100;100;1554,47;;2;FAUX;FAUX;
ENCAUTONOM;FAUX;Système d’enceintes Bluetooth® portable Bose S1 Pro+;75;75;498;;0;FAUX;FAUX;
ROBOSPOT-;FAUX;Système de poursuite asservi (pied + caméra) • ROBE;500;500;13800;;2;FAUX;FAUX;
ROBOSPOT;FAUX;Système de poursuite asservi • ROBE;819;819;25880;;0;FAUX;VRAI;
BOSES1PRO+-;FAUX;Système de sonorisation autonome Noire•BOSE;80;0;581;;2;FAUX;FAUX;
BOSES1PRO+;FAUX;Système de sonorisation autonome Noire+kit HF micro•BOSE;102;22;952,33;;0;FAUX;VRAI;
BOSES1PRO+MICRO-;FAUX;Système sans fil 2,4 GHz pour microphone•BOSE;15;15;179;;2;FAUX;FAUX;
DJM900 NXS;FAUX;Table 4 voies audio (in : 5xCD/line, 3xPhono, 4xDigital) • PIONEER;70;70;1900,88;;0;FAUX;FAUX;
DJM900 NXS2;FAUX;Table 4 voies audio (in : 5xCD/line, 3xPhono, 4xDigital) • PIONEER;100;100;2471,14;;1;FAUX;FAUX;
TABLEPERCU;FAUX;Table percus LP521•LP;12;12;177;;1;FAUX;FAUX;
TAB180076;FAUX;Table pliante 180 x 0,76 (cm);12;12;0;;0;FAUX;FAUX;
TABGIB1;FAUX;Tabouret batterie motorisé•GIBRALTAR;10,8;10,8;150;;1;FAUX;FAUX;
TABGIB2;FAUX;Tabouret batterie•GIBRALTAR;9,6;9,6;169;;3;FAUX;FAUX;
TABOURET;FAUX;Tabouret haut plateau bois avec embase ronde;10,8;10,8;50;;3;FAUX;FAUX;
PROTALK;FAUX;Talkie Walkie Hybride, analogique et numérique TK-3601DE•KENWOOD;34;34;199,95;;6;FAUX;FAUX;
G11V;FAUX;Talkie Walkie•MIDLAND;34;34;105;;16;FAUX;FAUX;
TAPISDEDANSE;FAUX;Tapis de danse Noir;4;4;595;;12;FAUX;FAUX;
MD-350;FAUX;TASCAM‚ Lecteur / enregistreur Mini Disc;25;25;371;;0;FAUX;FAUX;
CDR-250N;FAUX;TASCAM•Lecteur / enregistreur CD - USb - SD auto-pause;50;50;770;;1;FAUX;FAUX;
TELECO16P;FAUX;Télécommande moteurs 16 postes;120;120;3000;;1;FAUX;FAUX;
TELECO02P;FAUX;Télécommande moteurs 2 postes;35;35;1103;EVALUATION;1;FAUX;FAUX;
TELECO04P;FAUX;Télécommande moteurs 4 postes;60;60;1239;;4;FAUX;FAUX;
TELECO06P;FAUX;Télécommande moteurs 6 postes;64;64;1240;;1;FAUX;FAUX;
TELECO08P;FAUX;Télécommande moteurs 8 postes;88;88;1932;;1;FAUX;FAUX;
REMOTETELECO12PRADIO;FAUX;Télécommande pour controleur MC12•LFTKET;0;0;3094;;1;FAUX;FAUX;
MARSDSL100H;FAUX;Tête Ampli DSL100H•MARSHALL;72;72;849;;0;FAUX;FAUX;
MARSJCM900;FAUX;Tête Ampli JCM900•MARSHALL;60;60;1119;;1;FAUX;FAUX;
SVTT;FAUX;Tête ampli SVT Classic • AMPEG;72;72;1799;;0;FAUX;FAUX;
PF-800;FAUX;Tête ampli transistor • AMPEG;35;35;555;EVALUATION;1;FAUX;FAUX;
CYCLOGM;FAUX;Toile cyclo blanc/gris 12,00x8,00;600;600;2762,9;;1;FAUX;FAUX;
CYCLOPM;FAUX;Toile cyclo blanc/gris 8,00x6,00;420;420;1341,6;;1;FAUX;FAUX;
TOITNOIR3X3;FAUX;Toit noir 3mx3m•SINOTEC;5;5;44;;2;FAUX;FAUX;
TBDW14;FAUX;"Tom basse DW Collector 14""•DW";30;30;400;;1;FAUX;FAUX;
TBDW16;FAUX;"Tom basse DW Collector 16""•DW";30;30;450;;1;FAUX;FAUX;
TBPEARLJAZZ14;FAUX;"Tom Basse PEARL MASTERS JAZZ 14""";28;28;250;;1;FAUX;FAUX;
TBPEARLJAZZ16;FAUX;"Tom Basse PEARL MASTERS JAZZ 16""";28;28;328;;1;FAUX;FAUX;
TBPEARL14;FAUX;"Tom basse Pearl Référence 14""•PEARL";26,4;26,4;350;;1;FAUX;FAUX;
TBPEARL16;FAUX;"Tom basse Pearl Référence 16""•PEARL";26,4;26,4;400;;1;FAUX;FAUX;
TDW10;FAUX;"Tom DW Collector 10""•DW";24;24;200;;1;FAUX;FAUX;
TDW12;FAUX;"Tom DW Collector 12""•DW";24;24;350;;1;FAUX;FAUX;
TPEARLJAZZ10;FAUX;"Tom PEARL MASTERS JAZZ 10""";23;23;250;;1;FAUX;FAUX;
TPEARLJAZZ12;FAUX;"Tom PEARL MASTERS JAZZ 12""";23;23;250;;1;FAUX;FAUX;
TPEARL10;FAUX;"Tom Pearl Référence 10""•PEARL";21,6;21,6;200;;1;FAUX;FAUX;
TPEARL12;FAUX;"Tom Pearl Référence 12""•PEARL";21,6;21,6;200;;1;FAUX;FAUX;
STM650;FAUX;Tour d'accroche line array h=6,5m / 450 kg+Chariot • ASD;300;300;0;;4;FAUX;FAUX;
TOUR2M207;FAUX;Tour d'échafaudage 2,07x2,07 Ht 2,00m  • LAYHER;40;40;0;;0;FAUX;FAUX;
TOUR4M207;FAUX;Tour d'échafaudage 2,07x2,07 Ht 4,00m  • LAYHER;80;80;0;;0;FAUX;FAUX;
TOUR6M207;FAUX;Tour d'échafaudage 2,07x2,07 Ht 6,00m  • LAYHER;120;120;0;;0;FAUX;FAUX;
TOUR8M207;FAUX;Tour d'échafaudage 2,07x2,07 Ht 8,00m  • LAYHER;160;160;0;;0;FAUX;FAUX;
TOUR10M;FAUX;Tour d'échafaudage 2,57x2,57 Ht 10,00m • LAYHER;250;250;0;;0;FAUX;FAUX;
TOUR2M-;FAUX;Tour d'échafaudage 2,57x2,57 Ht 2,00m  • LAYHER;50;50;0;;0;FAUX;FAUX;
TOUR4M;FAUX;Tour d'échafaudage 2,57x2,57 Ht 4,00m  • LAYHER;100;100;1450;;0;FAUX;FAUX;
TOUR06M;FAUX;Tour d'échafaudage 2,57x2,57 Ht 6,00m • LAYHER;150;150;1850;;2;FAUX;FAUX;
TOUR08M;FAUX;Tour d'échafaudage 2,57x2,57 Ht 8,00m • LAYHER;200;200;2900;;0;FAUX;FAUX;
RJ45CAT5/100;FAUX;Touret de câble RJ45 100 m catégorie 5E-DANTE;60;60;192,27;;11;FAUX;FAUX;
TRACTEURPREMIUM;FAUX;TRACTEUR PREMIUM / CX-713-SE;0;0;0;;0;FAUX;FAUX;
VOXBOX;FAUX;Tranche de console à lampe VOXBOX•MANLEY;0;0;4799;;0;FAUX;FAUX;
TRANS38T;FAUX;Transport tracteur+semi 38T (fourgon/plateau) PX/KM;1,2;1,2;0;;0;FAUX;FAUX;
TRAVERSE;VRAI;Traverse 2,44 m•STACCO;3;3;53;;28;FAUX;FAUX;
TRAVERS/SON;FAUX;Traversée de scène 40m / 2x32TRI / 2xRJ45 / 8 Paires AES;20;20;20;;4;FAUX;FAUX;
CABTERRE;FAUX;Tresse de terre 16/25/35mm PX/m;1;1;0;;0;FAUX;FAUX;
SUSPENSION;FAUX;Triangle de suspension 300 triangulaire;5;5;53,6;;12;FAUX;FAUX;
TRIPLITE;FAUX;Triplite 2P+T 10/16A+ éclipse noir;1;1;2,4;;217;FAUX;FAUX;
TRIPODE 6M;FAUX;Tripode de levage alu 300 carré 6m;350;350;0;;0;FAUX;FAUX;
TUBE1;FAUX;Tube Alu diam 50 long 1m;2;2;0;;0;FAUX;FAUX;
TUBE2;FAUX;Tube Alu diam 50 long 2m;4;4;0;;18;FAUX;FAUX;
TUBE2MAN;FAUX;Tube Alu diam 50 long 2m manchonnable;5;5;0;;2;FAUX;FAUX;
TUBE3;FAUX;Tube Alu diam 50 long 3m;7;7;127;;17;FAUX;FAUX;
TUBE3MAN;FAUX;Tube Alu diam 50 long 3m manchonnable;8;8;8;;7;FAUX;FAUX;
TUBE4;FAUX;Tube Alu diam 50 long 4m;8;8;0;;3;FAUX;FAUX;
LUMNOIR;FAUX;Tube de lumière noire 1,20m;6;6;0;;0;FAUX;FAUX;
TUBEWELLSTX360;FAUX;Tube LED autonome, 512 LED•CHAUVET;80;80;0;;0;FAUX;FAUX;
WTEX-T180-300;FAUX;Tube télescopique réglable pour WENTEX Pipes and Drapes - 180 à 300cm Al;10;10;79,01;;32;FAUX;FAUX;
TULLE7X2.57;FAUX;Tulle noir 7,00x2.57m;120;120;192;;0;FAUX;FAUX;
TULLEGM;FAUX;Tulle noir/blanc 12,00x8,00m;179;179;1200;;0;FAUX;FAUX;
TULLEPM;FAUX;Tulle noir/blanc 8,00x6,00m;120;120;1200;;0;FAUX;FAUX;
TULLE;FAUX;Tullle Coton15MX9;200;200;0;;0;FAUX;FAUX;
TUMBA;FAUX;"Tumba Matador 12"" 1/2•LP";42;42;521;;1;FAUX;FAUX;
TUNERFMYAM;FAUX;Tuner FM;40;40;0;;2;FAUX;FAUX;
TURBINE;FAUX;Turbine haut debit;30;30;0;;0;FAUX;FAUX;
TUTELLO 4X5;FAUX;TUTELLO •DMPX105 gradateur 4x5A / DMX512 XLR 3pts;30;30;132,6;;0;FAUX;FAUX;
OXFORD;FAUX;Universal Audio Sonnox Oxford Dynamic EQ ;0;0;124;;0;FAUX;FAUX;
OC201S;FAUX;Valise MAX200;0;0;26,99;;4;FAUX;FAUX;
OC231S;FAUX;Valise MAX235 H105;0;0;53,52;;3;FAUX;FAUX;
OC231SA;FAUX;Valise MAX235 H105 sa ns logo•VEXI;0;0;34,16;;6;FAUX;FAUX;
OC232SA;FAUX;Valise MAX235 H155 sans logo•VEXI;0;0;37,02;;6;FAUX;FAUX;
OC301K;FAUX;Valise MAX300•VEXI;0;0;44,24;;5;FAUX;FAUX;
OC301S;FAUX;Valise MAX300•VEXI02;0;0;45,52;;5;FAUX;FAUX;
OC381S;FAUX;Valise MAX380 H115•VEXI;0;0;53,52;;8;FAUX;FAUX;
OC401S;FAUX;Valise MAX400 logo•VEXI;0;0;71,06;;4;FAUX;FAUX;
OC401;FAUX;Valise MAX400•VEXI;0;0;52,76;;3;FAUX;FAUX;
OC431A;FAUX;Valise MAX430•sans logo•WEXI;0;0;60,92;;10;FAUX;FAUX;
OC431K;FAUX;Valise MAX430•WEXI;0;0;60,92;;10;FAUX;FAUX;
OC502S;FAUX;Valise MAX505 H280•VEXI;0;0;114;;4;FAUX;FAUX;
OC501A;FAUX;Valise MAX505 sans logo•VEXI;0;0;90,48;;6;FAUX;FAUX;
OC5015;FAUX;Valise MAX505-Valise VEXI;0;0;169,06;;7;FAUX;FAUX;
OC541STR;FAUX;Valise MAX540 H190•VEXI;0;0;169,06;;1;FAUX;FAUX;
AF-1;FAUX;Ventilateur AIRFORCE1;23;23;582;;3;FAUX;FAUX;
VENTILATEUR;FAUX;Ventilateur non asservi;10;10;0;;4;FAUX;FAUX;
VIBREUR;FAUX;Vibreur 50W;15;15;0;PLUS EN STOCK (CFINVENTAIRE MICHEL);0;FAUX;FAUX;
VIDEOPROJ5000;FAUX;Videoproj. 5000Lms;450;450;3216;;1;FAUX;FAUX;
VIDEOPROJ10000;FAUX;Videoprojecteur 10000Lms;1900;1900;0;;0;FAUX;FAUX;
VIDEOPROJ12000;FAUX;Videoprojecteur 12000lms;2500;2500;41000;;0;FAUX;FAUX;
VIDEOPROJ14000;FAUX;Videoprojecteur 14000Lms;3000;3000;0;;0;FAUX;FAUX;
VIDEOPROJ1500;FAUX;Videoprojecteur 1500Lms;270;270;0;;0;FAUX;FAUX;
VIDEOPROJ20000;FAUX;Videoprojecteur 20000Lms;3500;3500;0;;0;FAUX;FAUX;
VIDEOPROJ2000;FAUX;Videoprojecteur 2000Lms;300;300;0;;0;FAUX;FAUX;
VIDEOPROJ3000;FAUX;Videoprojecteur 3000Lms;360;360;0;;0;FAUX;FAUX;
VIDEOPROJ6000;FAUX;Videoprojecteur 6000Lms;700;700;0;;0;FAUX;FAUX;
VIDEOPROJ7000;FAUX;Videoprojecteur 7000Lms;800;800;0;;0;FAUX;FAUX;
VL1000TS;FAUX;VL1000 TS 1000W XLR5Pts • VARI-LIGHT;110;110;0;;0;FAUX;FAUX;
DS1312;FAUX;VMB•Bloc de puissance 12 x 3Kw;50;50;1724,4;;3;FAUX;FAUX;
TLA500;FAUX;VMB•Pied line array h=7m / 500kg;120;120;4845;;2;FAUX;FAUX;
VL;FAUX;Voiture de tourisme;0;0;0;;0;FAUX;FAUX;
VOLET-PAR64;FAUX;Volet 4 faces pour PAR64;4;4;19,79;;0;FAUX;FAUX;
VOLET-310HPC;FAUX;Volet 4 faces pour PC 310HPC 1 Kw • JULIAT;5;5;46,2;;15;FAUX;FAUX;
VOLET-329HPC;FAUX;Volet 4 faces pour PC 329HPC 2 Kw • JULIAT;5;5;0;;0;FAUX;FAUX;
VOLET-C101;FAUX;Volet 4 faces pour PC C101 1 Kw • ADB;5;5;50,05;;10;FAUX;FAUX;
VOLET-PC2KW;FAUX;Volet 4 faces pour PC C201 2 Kw • ADB;5;5;57,33;;16;FAUX;FAUX;
SSLXLOGIC;FAUX;X Logic G series compresseur stereo • SSL;80;80;2800;;1;FAUX;FAUX;
CAB-AES05 4P 10M;FAUX;XLR AES-EBU M/F 4 Paires Long 10;15;15;0;;0;FAUX;FAUX;
CAB-AES05 4P 5M;FAUX;XLR AES-EBU M/F 4 Paires Long 5;10;10;0;;0;FAUX;FAUX;
CAB-AES10;FAUX;XLR AES-EBU M/F Long 10M;3;3;38,16;;16;FAUX;FAUX;
CAB-AES05;FAUX;XLR AES-EBU M/F Long 5M;2;2;30,08;;13;FAUX;FAUX;
CABMICRO-STRAP;FAUX;XLR M/F Long 0,5M;1;1;4,2;;0;FAUX;FAUX;
CABMICRO100M;FAUX;XLR M/F Long 100M sur Touret;11;11;130;;1;FAUX;FAUX;
CABMICRO10;FAUX;XLR M/F Long 10M;2;2;12,52;;257;FAUX;FAUX;
CABMICRO15;FAUX;XLR M/F Long 15M;2;2;14,98;;11;FAUX;FAUX;
CABMICRO01;FAUX;XLR M/F Long 1M;1;1;0;;72;FAUX;FAUX;
CABMICRO20;FAUX;XLR M/F Long 20M;2;2;20,98;;18;FAUX;FAUX;
CABMICRO30;FAUX;XLR M/F Long 30M;2;2;31,5;;0;FAUX;FAUX;
CABMICRO03;FAUX;XLR M/F Long 3M;1;1;6,11;;78;FAUX;FAUX;
CABMICRO05;FAUX;XLR M/F Long 5M;1;1;8,42;;188;FAUX;FAUX;
CABMICRO07;FAUX;XLR M/F Long 7M;1;1;9,42;;171;FAUX;FAUX;
Y-SPK4;FAUX;Y speakon 4 -> 2 x speakon 2;1;1;96,51;;12;FAUX;FAUX;
MY16-AUD2;FAUX;YAMAHA•Carte d'extension Dante • YAMAHA;25;25;658;;1;FAUX;FAUX;
ZM933;FAUX;Zoom pour 933SNX 29 a 50 degree • JULIAT;60;60;375;;2;FAUX;FAUX;
ZM934;FAUX;Zoom pour 934SNX 16 à 38 degree • JULIAT;60;60;375,7;;2;FAUX;FAUX;