Code libre générique;Nom;Marque;Numéro de série;L;C;
12XT-;;;;FAUX;FAUX;
LS9/32;** Console YAMAHA numérique 16/8/2;;;FAUX;FAUX;
DXS15 SUB;"***Caisson de basse amplifié 15"" YAMAHA";YAMAHA;WV09460;FAUX;FAUX;
PLM10000Q;**Ampli 4 X 2300 W+ Dolby Lake LAB;LAB GRUPPEN;180571;FAUX;FAUX;
PLM10000Q;**Ampli 4 X 2300 W+ Dolby Lake LAB;LAB GRUPPEN;180245;FAUX;FAUX;
PLM10000Q;**Ampli 4 X 2300 W+ Dolby Lake LAB;LAB GRUPPEN;181373;FAUX;FAUX;
PLM10000Q;**Ampli 4 X 2300 W+ Dolby Lake LAB;LAB GRUPPEN;181049;FAUX;FAUX;
PLM10000Q;**Ampli 4 X 2300 W+ Dolby Lake LAB;LAB GRUPPEN;179917;FAUX;FAUX;
PLM10000Q;**Ampli 4 X 2300 W+ Dolby Lake LAB;LAB GRUPPEN;181376;FAUX;FAUX;
PLM10000Q;**Ampli 4 X 2300 W+ Dolby Lake LAB;LAB GRUPPEN;181380;FAUX;FAUX;
PLM10000Q;**Ampli 4 X 2300 W+ Dolby Lake LAB;LAB GRUPPEN;180254;FAUX;FAUX;
PLM10000Q;**Ampli 4 X 2300 W+ Dolby Lake LAB;LAB GRUPPEN;179918;FAUX;FAUX;
PLM10000Q;**Ampli 4 X 2300 W+ Dolby Lake LAB;LAB GRUPPEN;180256;FAUX;FAUX;
PLM10000Q;**Ampli 4 X 2300 W+ Dolby Lake LAB;LAB GRUPPEN;181375;FAUX;FAUX;
PLM10000Q;**Ampli 4 X 2300 W+ Dolby Lake LAB;LAB GRUPPEN;180253;FAUX;FAUX;
M15A;"**Retour de scène actif 15""-4""ADAMSON";ADAMSON;79109;FAUX;FAUX;
MULTIDATA3;2 x dmx 5 pts / 2 x rj45 / pc16;;EMAG-02809;FAUX;FAUX;
MULTIDATA3;2 x dmx 5 pts / 2 x rj45 / pc16;;EMAG-02810;FAUX;FAUX;
SPL-REC-DP2;Afficheur/Enregistreur-live- valise • Audiopole;AUDIOPOLE;104409;FAUX;FAUX;
SPL-REC-DP2;Afficheur/Enregistreur-live- valise • Audiopole;AUDIOPOLE;104415;FAUX;FAUX;
SPL-REC-DP2;Afficheur/Enregistreur-live- valise • Audiopole;AUDIOPOLE;98565;FAUX;FAUX;
SPL-REC-DP2;Afficheur/Enregistreur-live- valise • Audiopole;AUDIOPOLE;100739;FAUX;FAUX;
PLM10000Q;Ampli 4 X 2500 W+ Dolby Lake LAB;;;VRAI;FAUX;
PLM10000Q;Ampli 4 X 2500 W+ Dolby Lake LAB;;;FAUX;FAUX;
BLUESJUNIORIV;Ampli Blues Junio IV• FENDER;FENDER;B884971;FAUX;FAUX;
AMP100V;Ampli de ligne 100v;;240PA305037;FAUX;FAUX;
LA4;Amplificateur numérique ;L-ACOUSTICS;5102552;FAUX;FAUX;
LA4;Amplificateur numérique ;L-ACOUSTICS;*5100114;FAUX;FAUX;
LA4;Amplificateur numérique ;L-ACOUSTICS;5102704;FAUX;FAUX;
LA4;Amplificateur numérique ;;5102553;FAUX;FAUX;
LA4;Amplificateur numérique ;;5100436;FAUX;FAUX;
LA4;Amplificateur numérique ;;5102682;FAUX;FAUX;
LA4;Amplificateur numérique ;;5100112;FAUX;FAUX;
LA4;Amplificateur numérique ;;5102151;FAUX;FAUX;
LA4;Amplificateur numérique ;;5100019;FAUX;FAUX;
LA4;Amplificateur numérique ;;5102557;FAUX;FAUX;
LA4X;Amplificateur processé 4x1000W • L'ACOUSTICS;L-ACOUSTICS;1180042637;FAUX;FAUX;
LA4X;Amplificateur processé 4x1000W • L'ACOUSTICS;L-ACOUSTICS;1180056610;FAUX;FAUX;
LA4X;Amplificateur processé 4x1000W • L'ACOUSTICS;L-ACOUSTICS;1180056617;FAUX;FAUX;
LA4X;Amplificateur processé 4x1000W • L'ACOUSTICS;L-ACOUSTICS;1180056611;FAUX;FAUX;
LA4X;Amplificateur processé 4x1000W • L'ACOUSTICS;L-ACOUSTICS;1180056614;FAUX;FAUX;
LA4X;Amplificateur processé 4x1000W • L'ACOUSTICS;L-ACOUSTICS;1180055510;FAUX;FAUX;
LA4X;Amplificateur processé 4x1000W • L'ACOUSTICS;L-ACOUSTICS;1180056608;FAUX;FAUX;
LA4X;Amplificateur processé 4x1000W • L'ACOUSTICS;L-ACOUSTICS;1180056612;FAUX;FAUX;
LA4X;Amplificateur processé 4x1000W • L'ACOUSTICS;L-ACOUSTICS;1180056613;FAUX;FAUX;
LA4X;Amplificateur processé 4x1000W • L'ACOUSTICS;L-ACOUSTICS;1180042635;FAUX;FAUX;
LA4X;Amplificateur processé 4x1000W • L'ACOUSTICS;L-ACOUSTICS;1180042647;FAUX;FAUX;
LA4X;Amplificateur processé 4x1000W • L'ACOUSTICS;L-ACOUSTICS;1180042649;FAUX;FAUX;
LA4X;Amplificateur processé 4x1000W • L'ACOUSTICS;L-ACOUSTICS;1180042631;FAUX;FAUX;
LA4X;Amplificateur processé 4x1000W • L'ACOUSTICS;L-ACOUSTICS;1180042633;FAUX;FAUX;
LA4X;Amplificateur processé 4x1000W • L'ACOUSTICS;L-ACOUSTICS;1180056625;FAUX;FAUX;
LA4X;Amplificateur processé 4x1000W • L'ACOUSTICS;L-ACOUSTICS;1180055352;FAUX;FAUX;
LA4X;Amplificateur processé 4x1000W • L'ACOUSTICS;L-ACOUSTICS;1180056274;FAUX;FAUX;
LA4X;Amplificateur processé 4x1000W • L'ACOUSTICS;L-ACOUSTICS;1180055853;FAUX;FAUX;
LA4X;Amplificateur processé 4x1000W • L'ACOUSTICS;L-ACOUSTICS;1180056501;FAUX;FAUX;
LA4X;Amplificateur processé 4x1000W • L'ACOUSTICS;L-ACOUSTICS;1180056616;FAUX;FAUX;
LA4X;Amplificateur processé 4x1000W • L'ACOUSTICS;L-ACOUSTICS;1180056609;FAUX;FAUX;
LA4X;Amplificateur processé 4x1000W • L'ACOUSTICS;L-ACOUSTICS;1180065606;FAUX;FAUX;
LA12X;Amplificateur processé 4x2600W • L'ACOUSTICS;L-ACOUSTICS;1140049229;FAUX;FAUX;
LA12X;Amplificateur processé 4x2600W • L'ACOUSTICS;L-ACOUSTICS;1140048980;FAUX;FAUX;
LA12X;Amplificateur processé 4x2600W • L'ACOUSTICS;L-ACOUSTICS;1140049264;FAUX;FAUX;
LA12X;Amplificateur processé 4x2600W • L'ACOUSTICS;L-ACOUSTICS;1140049228;FAUX;FAUX;
LA12X;Amplificateur processé 4x2600W • L'ACOUSTICS;L-ACOUSTICS;1140049263;FAUX;FAUX;
LA12X;Amplificateur processé 4x2600W • L'ACOUSTICS;L-ACOUSTICS;1140049227;FAUX;FAUX;
LA12X;Amplificateur processé 4x2600W • L'ACOUSTICS;;1140049126;FAUX;FAUX;
LA12X;Amplificateur processé 4x2600W • L'ACOUSTICS;;1140049077;FAUX;FAUX;
LA12X;Amplificateur processé 4x2600W • L'ACOUSTICS;;1140049076;FAUX;FAUX;
LA12X;Amplificateur processé 4x2600W • L'ACOUSTICS;;1140049064;FAUX;FAUX;
LA12X;Amplificateur processé 4x2600W • L'ACOUSTICS;;1140049056;FAUX;FAUX;
LA12X;Amplificateur processé 4x2600W • L'ACOUSTICS;;1140049078;FAUX;FAUX;
LA12X;Amplificateur processé 4x2600W • L'ACOUSTICS;;1140049048;FAUX;FAUX;
LA12X;Amplificateur processé 4x2600W • L'ACOUSTICS;;1140049079;FAUX;FAUX;
LA12X;Amplificateur processé 4x2600W • L'ACOUSTICS;;1140049051;FAUX;FAUX;
LA12X;Amplificateur processé 4x2600W • L'ACOUSTICS;;1140049050;FAUX;FAUX;
LA12X;Amplificateur processé 4x2600W • L'ACOUSTICS;;1140049049;FAUX;FAUX;
LA12X;Amplificateur processé 4x2600W • L'ACOUSTICS;;1140049057;FAUX;FAUX;
LA12X;Amplificateur processé 4x2600W • L'ACOUSTICS;;1140049121;FAUX;FAUX;
LA12X;Amplificateur processé 4x2600W • L'ACOUSTICS;;1140049119;FAUX;FAUX;
LA12X;Amplificateur processé 4x2600W • L'ACOUSTICS;;1140049120;FAUX;FAUX;
LA12X;Amplificateur processé 4x2600W • L'ACOUSTICS;;1140049027;FAUX;FAUX;
LA12X;Amplificateur processé 4x2600W • L'ACOUSTICS;;1140049122;FAUX;FAUX;
LA12X;Amplificateur processé 4x2600W • L'ACOUSTICS;;1140049028;FAUX;FAUX;
LA12X;Amplificateur processé 4x2600W • L'ACOUSTICS;L-ACOUSTICS;1140013438;FAUX;FAUX;
LA12X;Amplificateur processé 4x2600W • L'ACOUSTICS;L-ACOUSTICS;1140013424;FAUX;FAUX;
LA12X;Amplificateur processé 4x2600W • L'ACOUSTICS;L-ACOUSTICS;1140013425;FAUX;FAUX;
LA12X;Amplificateur processé 4x2600W • L'ACOUSTICS;L-ACOUSTICS;1140013448;FAUX;FAUX;
LA12X;Amplificateur processé 4x2600W • L'ACOUSTICS;L-ACOUSTICS;1140013450;FAUX;FAUX;
LA12X;Amplificateur processé 4x2600W • L'ACOUSTICS;L-ACOUSTICS;1140013449;FAUX;FAUX;
LA12X;Amplificateur processé 4x2600W • L'ACOUSTICS;L-ACOUSTICS;1140013199;FAUX;FAUX;
LA12X;Amplificateur processé 4x2600W • L'ACOUSTICS;L-ACOUSTICS;1140013204;FAUX;FAUX;
LA12X;Amplificateur processé 4x2600W • L'ACOUSTICS;L-ACOUSTICS;1140013205;FAUX;FAUX;
LA12X;Amplificateur processé 4x2600W • L'ACOUSTICS;L-ACOUSTICS;1140013867;FAUX;FAUX;
LA12X;Amplificateur processé 4x2600W • L'ACOUSTICS;L-ACOUSTICS;1140013865;FAUX;FAUX;
LA12X;Amplificateur processé 4x2600W • L'ACOUSTICS;L-ACOUSTICS;1140013864;FAUX;FAUX;
LA12X;Amplificateur processé 4x2600W • L'ACOUSTICS;L-ACOUSTICS;1140013817;FAUX;FAUX;
LA12X;Amplificateur processé 4x2600W • L'ACOUSTICS;L-ACOUSTICS;1140013845;FAUX;FAUX;
LA12X;Amplificateur processé 4x2600W • L'ACOUSTICS;L-ACOUSTICS;1140013844;FAUX;FAUX;
LA12X;Amplificateur processé 4x2600W • L'ACOUSTICS;L-ACOUSTICS;1140044167;FAUX;FAUX;
LA12X;Amplificateur processé 4x2600W • L'ACOUSTICS;L-ACOUSTICS;1140044170;FAUX;FAUX;
LA12X;Amplificateur processé 4x2600W • L'ACOUSTICS;L-ACOUSTICS;1140044169;FAUX;FAUX;
LA12X;Amplificateur processé 4x2600W • L'ACOUSTICS;L-ACOUSTICS;1140044083;FAUX;FAUX;
LA12X;Amplificateur processé 4x2600W • L'ACOUSTICS;L-ACOUSTICS;1140044346;FAUX;FAUX;
LA12X;Amplificateur processé 4x2600W • L'ACOUSTICS;L-ACOUSTICS;1140044124;FAUX;FAUX;
LA12X;Amplificateur processé 4x2600W • L'ACOUSTICS;;1140040734;FAUX;FAUX;
LA12X;Amplificateur processé 4x2600W • L'ACOUSTICS;;LA12X_1_23;FAUX;FAUX;
LA12X;Amplificateur processé 4x2600W • L'ACOUSTICS;;LA12X_1_24;FAUX;FAUX;
LA12X;Amplificateur processé 4x2600W • L'ACOUSTICS;;LA12X_1_25;FAUX;FAUX;
LA12X;Amplificateur processé 4x2600W • L'ACOUSTICS;;LA12X_1_26;FAUX;FAUX;
LA12X;Amplificateur processé 4x2600W • L'ACOUSTICS;;LA12X_1_27;FAUX;FAUX;
LA12X;Amplificateur processé 4x2600W • L'ACOUSTICS;;LA12X_1_28;FAUX;FAUX;
LA12X;Amplificateur processé 4x2600W • L'ACOUSTICS;;LA12X_1_29;FAUX;FAUX;
LA12X;Amplificateur processé 4x2600W • L'ACOUSTICS;;LA12X_1_30;FAUX;FAUX;
LA8;Amplification LA8;L-ACOUSTICS;52010750;FAUX;FAUX;
LA8;Amplification LA8;L-ACOUSTICS;52010752;FAUX;FAUX;
LA8;Amplification LA8;L-ACOUSTICS;52010756;FAUX;FAUX;
LA8;Amplification LA8;L-ACOUSTICS;52010762;FAUX;FAUX;
LA8;Amplification LA8;L-ACOUSTICS;52010763;FAUX;FAUX;
LA8;Amplification LA8;L-ACOUSTICS;52010764;FAUX;FAUX;
LA8;Amplification LA8;L-ACOUSTICS;52010765;FAUX;FAUX;
LA8;Amplification LA8;L-ACOUSTICS;52010768;FAUX;FAUX;
LA8;Amplification LA8;L-ACOUSTICS;52010769;FAUX;FAUX;
LA8;Amplification LA8;;5203196;FAUX;FAUX;
LA8;Amplification LA8;;5206478;FAUX;FAUX;
LA8;Amplification LA8;;52011101;FAUX;FAUX;
LA8;Amplification LA8;;5202437;FAUX;FAUX;
LA8;Amplification LA8;;5201906;FAUX;FAUX;
LA8;Amplification LA8;;5201914;FAUX;FAUX;
LA8;Amplification LA8;;5206476;FAUX;FAUX;
LA8;Amplification LA8;;5202436;FAUX;FAUX;
LA8;Amplification LA8;;5206535;FAUX;FAUX;
LA8;Amplification LA8;;5202440;FAUX;FAUX;
LA8;Amplification LA8;;52011052;FAUX;FAUX;
LA8;Amplification LA8;;5206449;FAUX;FAUX;
AF-3;ANTARI•Ventilateur turbine DMX AF-3;ANTARI;AF-3_1_000001;FAUX;FAUX;
AF-3;ANTARI•Ventilateur turbine DMX AF-3;ANTARI;AF-3_1_000002;FAUX;FAUX;
AF-3;ANTARI•Ventilateur turbine DMX AF-3;ANTARI;AF-3_1_000003;FAUX;FAUX;
AF-3;ANTARI•Ventilateur turbine DMX AF-3;ANTARI;AF-3_1_000004;FAUX;FAUX;
AF-3;ANTARI•Ventilateur turbine DMX AF-3;ANTARI;AF-3_1_000005;FAUX;FAUX;
AF-3;ANTARI•Ventilateur turbine DMX AF-3;ANTARI;AF-3_1_000006;FAUX;FAUX;
AF-3;ANTARI•Ventilateur turbine DMX AF-3;ANTARI;AF-3_1_000007;FAUX;FAUX;
A2003-UHF;Antenne directionnelle passive 450-960 Mhz • SENNHEISER;;A2003-UHF_1_000001;FAUX;FAUX;
A2003-UHF;Antenne directionnelle passive 450-960 Mhz • SENNHEISER;;A2003-UHF_1_000002;FAUX;FAUX;
A2003-UHF;Antenne directionnelle passive 450-960 Mhz • SENNHEISER;;A2003-UHF_1_000003;FAUX;FAUX;
A5000;Antenne Directionnelle SENNHEISER;SENNHEISER;3788;FAUX;FAUX;
A5000;Antenne Directionnelle SENNHEISER;SENNHEISER;2;FAUX;FAUX;
A5000;Antenne Directionnelle SENNHEISER;SENNHEISER;3;FAUX;FAUX;
ARCALINE2;ARCALINE2;AYRTON;AR3248037-A;FAUX;FAUX;
ARCALINE2;ARCALINE2;AYRTON;AR3248052-A;FAUX;FAUX;
RACKSCAN24-1;armoire de distribution P17 125A -> 24x16A;;RACKSCAN24-1_1_000001;FAUX;FAUX;
RACKSCAN32-1;armoire de distribution P17 32A -> 9 x PC16A;LINEARTECH;RACKSCAN32-1_1_000001;FAUX;FAUX;
RACKSCAN32-1;armoire de distribution P17 32A -> 9 x PC16A;LINEARTECH;RACKSCAN32-1_1_000002;FAUX;FAUX;
RACKSCAN32-1;armoire de distribution P17 32A -> 9 x PC16A;LINEARTECH;RACKSCAN32-1_1_000003;FAUX;FAUX;
RACKSCAN32-1;armoire de distribution P17 32A -> 9 x PC16A;LINEARTECH;RACKSCAN32-1_1_000004;FAUX;FAUX;
RACKSCAN32-1;armoire de distribution P17 32A -> 9 x PC16A;LINEARTECH;RACKSCAN32-1_1_000005;FAUX;FAUX;
RACKSCAN32-1;armoire de distribution P17 32A -> 9 x PC16A;LINEARTECH;RACKSCAN32-1_1_000006;FAUX;FAUX;
RACKSCAN32-1;armoire de distribution P17 32A -> 9 x PC16A;LINEARTECH;RACKSCAN32-1_1_000007;FAUX;FAUX;
RACKSCAN32-1;armoire de distribution P17 32A -> 9 x PC16A;LINEARTECH;RACKSCAN32-1_1_000008;FAUX;FAUX;
RACKSCAN32-1;armoire de distribution P17 32A -> 9 x PC16A;LINEARTECH;RACKSCAN32-1_1_000009;FAUX;FAUX;
RACKSCAN32-1;armoire de distribution P17 32A -> 9 x PC16A;LINEARTECH;RACKSCAN32-1_1_000010;FAUX;FAUX;
RACKSCAN24-2;armoire de distribution P17 63A -> 24x10A;;RACKSCAN24-2_1_000001;FAUX;FAUX;
RACKSCAN24-2;armoire de distribution P17 63A -> 24x10A;;RACKSCAN24-2_1_000002;FAUX;FAUX;
RACKSCAN18-1;Armoire de distribution P17 63A -> x 18 PC16A;VALENTINI;EMAG-01967;FAUX;FAUX;
RACKSCAN18-1;Armoire de distribution P17 63A -> x 18 PC16A;VALENTINI;EMAG-02691;FAUX;FAUX;
RACKSCAN18-1;Armoire de distribution P17 63A -> x 18 PC16A;VALENTINI;EMAG-02692;FAUX;FAUX;
RACKSCAN18-1;Armoire de distribution P17 63A -> x 18 PC16A;VALENTINI;EMAG-02693;FAUX;FAUX;
RACKSCAN18-1;Armoire de distribution P17 63A -> x 18 PC16A;VALENTINI;EMAG-02694;FAUX;FAUX;
RACKSCAN18-1;Armoire de distribution P17 63A -> x 18 PC16A;VALENTINI;RACKSCAN18-1_1_000006;FAUX;FAUX;
RACKSCAN18-1;Armoire de distribution P17 63A -> x 18 PC16A;VALENTINI;RACKSCAN18-1_1_000007;FAUX;FAUX;
RACKSCAN18-1;Armoire de distribution P17 63A -> x 18 PC16A;VALENTINI;RACKSCAN18-1_1_000008;FAUX;FAUX;
RACKSCAN18-1;Armoire de distribution P17 63A -> x 18 PC16A;VALENTINI;RACKSCAN18-1_1_000009;FAUX;FAUX;
RACKSCAN18-1;Armoire de distribution P17 63A -> x 18 PC16A;VALENTINI;RACKSCAN18-1_1_000010;FAUX;FAUX;
DIV 125/63;Armoire divisionnaire 1 x P17 125A -> 2 x P17 63A;;DIV 125/63_1_000001;FAUX;FAUX;
DIV 125/63;Armoire divisionnaire 1 x P17 125A -> 2 x P17 63A;;DIV 125/63_1_000002;FAUX;FAUX;
DIV 125/63;Armoire divisionnaire 1 x P17 125A -> 2 x P17 63A;;DIV 125/63_1_000003;FAUX;FAUX;
DIV 63/32;Armoire divisionnaire 1 x P17 63A -> 2 x P17 32A;;DIV 63/32_1_000001;FAUX;FAUX;
DOUBLEUR32A;Armoire doubleur 32A/2X32ATRI;;DOUBLEUR32A_1_000001;FAUX;FAUX;
DOUBLEUR32A;Armoire doubleur 32A/2X32ATRI;;DOUBLEUR32A_1_000002;FAUX;FAUX;
DOUBLEUR32A;Armoire doubleur 32A/2X32ATRI;;DOUBLEUR32A_1_000003;FAUX;FAUX;
DOUBLEUR32A;Armoire doubleur 32A/2X32ATRI;;DOUBLEUR32A_1_000004;FAUX;FAUX;
DOUBLEUR32A;Armoire doubleur 32A/2X32ATRI;;DOUBLEUR32A_1_000005;FAUX;FAUX;
DOUBLEUR32A;Armoire doubleur 32A/2X32ATRI;;DOUBLEUR32A_1_000006;FAUX;FAUX;
DOUBLEUR32A;Armoire doubleur 32A/2X32ATRI;;DOUBLEUR32A_1_000007;FAUX;FAUX;
125A-2;Armoire P17 125A -> 2x63A / 3x32AT / 1x32AM / 1xPC16;;125A-2_1_000001;FAUX;FAUX;
125A-4;Armoire P17 125A -> 2x63A / 4x32AT / 12xPC16;;125A-4_1_000001;FAUX;FAUX;
125A-4;Armoire P17 125A -> 2x63A / 4x32AT / 12xPC16;;125A-4_1_000002;FAUX;FAUX;
125A-1;Armoire P17 125A -> 2x63A / 6x32AT / 1x32AM / 3xPC16;;125A-1_1_000001;FAUX;FAUX;
125A-3;Armoire P17 125A -> 3x63A / 1x32AT / 3x32AM / 3xPC16;;125A-3_1_000001;FAUX;FAUX;
125A-6;Armoire P17 125A -> 6x63A / 4x32AT / 3xPC16A;VALENTINI;125A-6_1_000001;FAUX;FAUX;
125A-6;Armoire P17 125A -> 6x63A / 4x32AT / 3xPC16A;VALENTINI;125A-6_1_000002;FAUX;FAUX;
125A-6;Armoire P17 125A -> 6x63A / 4x32AT / 3xPC16A;VALENTINI;125A-6_1_000003;FAUX;FAUX;
125A-5;Armoire P17 125A Tri+30mA -> 2x63A  Tri/ 4x32A Tri / 6xPC16;;125A-5_1_000001;FAUX;FAUX;
125A-5;Armoire P17 125A Tri+30mA -> 2x63A  Tri/ 4x32A Tri / 6xPC16;;125A-5_1_000002;FAUX;FAUX;
32A-2;Armoire P17 32A -> 1x 32AT / 3x32AM / 6xPC16;;32A-2_1_000001;FAUX;FAUX;
32A-1;Armoire P17 32A -> 3x32AM / 6xPC16;FABRICATION;32A-1_1_000001;FAUX;FAUX;
32A-5-HOR;Armoire P17 32A avec horloge;;32A-5-HOR_1_000001;FAUX;FAUX;
32A-5-HOR;Armoire P17 32A avec horloge;;32A-5-HOR_1_000002;FAUX;FAUX;
63A-1;Armoire P17 63A -> 2x32AT / 6xPC16;;63A-1_1_000001;FAUX;FAUX;
63A-2;Armoire P17 63A -> 3x32AT / 1x32AM / 3xPC16 / 2xSocapex;;63A-2_1_000001;FAUX;FAUX;
63A-5;Armoire P17 63A -> 4x32AT;FABRICATION;63A-5_1_000001;FAUX;FAUX;
63A-5;Armoire P17 63A -> 4x32AT;FABRICATION;63A-5_1_000002;FAUX;FAUX;
63A-5;Armoire P17 63A -> 4x32AT;FABRICATION;63A-5_1_000003;FAUX;FAUX;
63A-5;Armoire P17 63A -> 4x32AT;FABRICATION;63A-5_1_000004;FAUX;FAUX;
63A-5;Armoire P17 63A -> 4x32AT;FABRICATION;63A-5_1_000005;FAUX;FAUX;
63A-5;Armoire P17 63A -> 4x32AT;FABRICATION;63A-5_1_000006;FAUX;FAUX;
63A-5;Armoire P17 63A -> 4x32AT;FABRICATION;63A-5_1_000007;FAUX;FAUX;
63A-5;Armoire P17 63A -> 4x32AT;FABRICATION;63A-5_1_000008;FAUX;FAUX;
63A-5;Armoire P17 63A -> 4x32AT;FABRICATION;63A-5_1_000009;FAUX;FAUX;
63A-5;Armoire P17 63A -> 4x32AT;FABRICATION;63A-5_1_000010;FAUX;FAUX;
63A-5;Armoire P17 63A -> 4x32AT;FABRICATION;63A-5_1_000011;FAUX;FAUX;
63A-5;Armoire P17 63A -> 4x32AT;FABRICATION;63A-5_1_000012;FAUX;FAUX;
63A-6-HOR;Armoire P17 63A avec horloge;;63A-6-HOR_1_000001;FAUX;FAUX;
250A-1;Armoire Powerlock -> 2x125A / 4x63A /3x32AT / 2x32AM;;250A-1_1_000001;FAUX;FAUX;
400A-1;Armoire Powerlock -> 4x125A / 8x63A /2x32AT;;400A-1_1_000001;FAUX;FAUX;
DL241;Autocompresseur/gate stéréo;;8057;FAUX;FAUX;
DL241;Autocompresseur/gate stéréo;;8058;FAUX;FAUX;
DL241;Autocompresseur/gate stéréo;;8056;FAUX;FAUX;
DL241;Autocompresseur/gate stéréo;;4034;FAUX;FAUX;
DL241;Autocompresseur/gate stéréo;;4032;FAUX;FAUX;
DL241;Autocompresseur/gate stéréo;;4380;FAUX;FAUX;
DL241;Autocompresseur/gate stéréo;;4033;FAUX;FAUX;
ICECOLOR500;AYRTON•Projecteur fixe à LED RGBW 11° IP 65 400W;;CC2249067-D;FAUX;FAUX;
ICECOLOR500;AYRTON•Projecteur fixe à LED RGBW 11° IP 65 400W;;CC2249029-D;FAUX;FAUX;
ICECOLOR500;AYRTON•Projecteur fixe à LED RGBW 11° IP 65 400W;;CC2249092-D;FAUX;FAUX;
ICECOLOR500;AYRTON•Projecteur fixe à LED RGBW 11° IP 65 400W;;CC2249087-D;FAUX;FAUX;
ICECOLOR500;AYRTON•Projecteur fixe à LED RGBW 11° IP 65 400W;;CC2249063-D;FAUX;FAUX;
ICECOLOR500;AYRTON•Projecteur fixe à LED RGBW 11° IP 65 400W;;CC1125030;FAUX;FAUX;
ICECOLOR500;AYRTON•Projecteur fixe à LED RGBW 11° IP 65 400W;;CC2249016-D;FAUX;FAUX;
ICECOLOR500;AYRTON•Projecteur fixe à LED RGBW 11° IP 65 400W;;CC1125032;FAUX;FAUX;
ARCALINE2;Barre de led Ayrton Arcaline2 3G full color (RGBW);;;FAUX;FAUX;
ARIANE;Barre led 14x30W RGB 30° IP66 450W DMX512 • STARWAY;STARWAY;EMAG-02661;FAUX;FAUX;
ARIANE;Barre led 14x30W RGB 30° IP66 450W DMX512 • STARWAY;STARWAY;EMAG-02660;FAUX;FAUX;
ARIANE;Barre led 14x30W RGB 30° IP66 450W DMX512 • STARWAY;STARWAY;EMAG-02659;FAUX;FAUX;
ARIANE;Barre led 14x30W RGB 30° IP66 450W DMX512 • STARWAY;STARWAY;EMAG-02658;FAUX;FAUX;
ARIANE;Barre led 14x30W RGB 30° IP66 450W DMX512 • STARWAY;STARWAY;EMAG-02657;FAUX;FAUX;
ARIANE;Barre led 14x30W RGB 30° IP66 450W DMX512 • STARWAY;STARWAY;EMAG-02656;FAUX;FAUX;
ARIANE;Barre led 14x30W RGB 30° IP66 450W DMX512 • STARWAY;STARWAY;EMAG-02655;FAUX;FAUX;
ARIANE;Barre led 14x30W RGB 30° IP66 450W DMX512 • STARWAY;STARWAY;EMAG-02654;FAUX;FAUX;
ARIANE;Barre led 14x30W RGB 30° IP66 450W DMX512 • STARWAY;STARWAY;EMAG-02653;FAUX;FAUX;
ARIANE;Barre led 14x30W RGB 30° IP66 450W DMX512 • STARWAY;STARWAY;EMAG-02652;FAUX;FAUX;
ARIANE;Barre led 14x30W RGB 30° IP66 450W DMX512 • STARWAY;STARWAY;EMAG-02651;FAUX;FAUX;
ARIANE;Barre led 14x30W RGB 30° IP66 450W DMX512 • STARWAY;STARWAY;EMAG-02650;FAUX;FAUX;
ARIANE;Barre led 14x30W RGB 30° IP66 450W DMX512 • STARWAY;STARWAY;EMAG-02649;FAUX;FAUX;
ARIANE;Barre led 14x30W RGB 30° IP66 450W DMX512 • STARWAY;STARWAY;EMAG-02627;FAUX;FAUX;
ARIANE;Barre led 14x30W RGB 30° IP66 450W DMX512 • STARWAY;STARWAY;EMAG-00238;FAUX;FAUX;
ARIANE;Barre led 14x30W RGB 30° IP66 450W DMX512 • STARWAY;STARWAY;EMAG-02628;FAUX;FAUX;
ARIANE;Barre led 14x30W RGB 30° IP66 450W DMX512 • STARWAY;STARWAY;EMAG-02629;FAUX;FAUX;
ARIANE;Barre led 14x30W RGB 30° IP66 450W DMX512 • STARWAY;STARWAY;EMAG-02630;FAUX;FAUX;
ARIANE;Barre led 14x30W RGB 30° IP66 450W DMX512 • STARWAY;STARWAY;EMAG-02631;FAUX;FAUX;
ARIANE;Barre led 14x30W RGB 30° IP66 450W DMX512 • STARWAY;STARWAY;EMAG-02632;FAUX;FAUX;
ARIANE;Barre led 14x30W RGB 30° IP66 450W DMX512 • STARWAY;STARWAY;EMAG-02633;FAUX;FAUX;
ARIANE;Barre led 14x30W RGB 30° IP66 450W DMX512 • STARWAY;STARWAY;EMAG-02634;FAUX;FAUX;
ARIANE;Barre led 14x30W RGB 30° IP66 450W DMX512 • STARWAY;STARWAY;EMAG-02635;FAUX;FAUX;
ARIANE;Barre led 14x30W RGB 30° IP66 450W DMX512 • STARWAY;STARWAY;EMAG-02636;FAUX;FAUX;
ARIANE;Barre led 14x30W RGB 30° IP66 450W DMX512 • STARWAY;STARWAY;EMAG-02637;FAUX;FAUX;
ARIANE;Barre led 14x30W RGB 30° IP66 450W DMX512 • STARWAY;STARWAY;EMAG-02638;FAUX;FAUX;
ARIANE;Barre led 14x30W RGB 30° IP66 450W DMX512 • STARWAY;STARWAY;EMAG-02639;FAUX;FAUX;
ARIANE;Barre led 14x30W RGB 30° IP66 450W DMX512 • STARWAY;STARWAY;EMAG-02640;FAUX;FAUX;
ARIANE;Barre led 14x30W RGB 30° IP66 450W DMX512 • STARWAY;STARWAY;EMAG-02641;FAUX;FAUX;
ARIANE;Barre led 14x30W RGB 30° IP66 450W DMX512 • STARWAY;STARWAY;EMAG-02642;FAUX;FAUX;
ARIANE;Barre led 14x30W RGB 30° IP66 450W DMX512 • STARWAY;STARWAY;EMAG-02643;FAUX;FAUX;
ARIANE;Barre led 14x30W RGB 30° IP66 450W DMX512 • STARWAY;STARWAY;EMAG-02644;FAUX;FAUX;
ARIANE;Barre led 14x30W RGB 30° IP66 450W DMX512 • STARWAY;STARWAY;EMAG-02645;FAUX;FAUX;
ARIANE;Barre led 14x30W RGB 30° IP66 450W DMX512 • STARWAY;STARWAY;EMAG-02646;FAUX;FAUX;
ARIANE;Barre led 14x30W RGB 30° IP66 450W DMX512 • STARWAY;STARWAY;EMAG-02647;FAUX;FAUX;
ARIANE;Barre led 14x30W RGB 30° IP66 450W DMX512 • STARWAY;STARWAY;EMAG-02648;FAUX;FAUX;
TETRA2;Barre LED Motorisé Robin 10500 lumens•ROBE;ROBE;T03 -  2400954280;FAUX;FAUX;
TETRA2;Barre LED Motorisé Robin 10500 lumens•ROBE;ROBE;T08 -  2400953390;FAUX;FAUX;
TETRA2;Barre LED Motorisé Robin 10500 lumens•ROBE;ROBE;T09 -  2400953380;FAUX;FAUX;
TETRA2;Barre LED Motorisé Robin 10500 lumens•ROBE;ROBE;T01 -  2400953513;FAUX;FAUX;
TETRA2;Barre LED Motorisé Robin 10500 lumens•ROBE;ROBE;T04 -  2400954248;FAUX;FAUX;
TETRA2;Barre LED Motorisé Robin 10500 lumens•ROBE;ROBE;T06 -  2400954247;FAUX;FAUX;
TETRA2;Barre LED Motorisé Robin 10500 lumens•ROBE;ROBE;T12 -  2400954218;FAUX;FAUX;
TETRA2;Barre LED Motorisé Robin 10500 lumens•ROBE;ROBE;T11 -  2400954219;FAUX;FAUX;
TETRA2;Barre LED Motorisé Robin 10500 lumens•ROBE;ROBE;T10 -  2400954220;FAUX;FAUX;
TETRA2;Barre LED Motorisé Robin 10500 lumens•ROBE;ROBE;T05 -  2400954279;FAUX;FAUX;
TETRA2;Barre LED Motorisé Robin 10500 lumens•ROBE;ROBE;T02 -  2400954278;FAUX;FAUX;
TETRA2;Barre LED Motorisé Robin 10500 lumens•ROBE;ROBE;T07 -  2400953391;FAUX;FAUX;
TETRA2;Barre LED Motorisé Robin 10500 lumens•ROBE;ROBE;T14 -  2400936197;FAUX;FAUX;
TETRA2;Barre LED Motorisé Robin 10500 lumens•ROBE;ROBE;T13 -  2300867658;FAUX;FAUX;
TETRA2;Barre LED Motorisé Robin 10500 lumens•ROBE;ROBE;T15 -  2400936196;FAUX;FAUX;
TETRA2;Barre LED Motorisé Robin 10500 lumens•ROBE;ROBE;T16 -  2400936235;FAUX;FAUX;
TETRA2;Barre LED Motorisé Robin 10500 lumens•ROBE;ROBE;T17 -  2400936236;FAUX;FAUX;
TETRA2;Barre LED Motorisé Robin 10500 lumens•ROBE;ROBE;T18 -  2300867638;FAUX;FAUX;
TETRA2;Barre LED Motorisé Robin 10500 lumens•ROBE;ROBE;T19 -  2300867637;FAUX;FAUX;
TETRA2;Barre LED Motorisé Robin 10500 lumens•ROBE;ROBE;T20 -  2300867657;FAUX;FAUX;
TETRA2;Barre LED Motorisé Robin 10500 lumens•ROBE;ROBE;T21 -  2400936233;FAUX;FAUX;
TETRA2;Barre LED Motorisé Robin 10500 lumens•ROBE;ROBE;T22 -  2400936234;FAUX;FAUX;
TETRA2;Barre LED Motorisé Robin 10500 lumens•ROBE;ROBE;T23 -  2300867636;FAUX;FAUX;
TETRA2;Barre LED Motorisé Robin 10500 lumens•ROBE;ROBE;T24 -  2300867727;FAUX;FAUX;
COLOR-STRIKE M V2;Blinder Strobe LED Motorisé / tilt 180° / 18000lm / 700W • CHAUVET;CHAUVET;030117990723023262;FAUX;FAUX;
COLOR-STRIKE M V2;Blinder Strobe LED Motorisé / tilt 180° / 18000lm / 700W • CHAUVET;;030117990723023245;FAUX;FAUX;
COLOR-STRIKE M V2;Blinder Strobe LED Motorisé / tilt 180° / 18000lm / 700W • CHAUVET;;030117990723023292;FAUX;FAUX;
COLOR-STRIKE M V2;Blinder Strobe LED Motorisé / tilt 180° / 18000lm / 700W • CHAUVET;;030117990723023297;FAUX;FAUX;
COLOR-STRIKE M V2;Blinder Strobe LED Motorisé / tilt 180° / 18000lm / 700W • CHAUVET;;030117990723023302;FAUX;FAUX;
COLOR-STRIKE M V2;Blinder Strobe LED Motorisé / tilt 180° / 18000lm / 700W • CHAUVET;;030117990723023306;FAUX;FAUX;
COLOR-STRIKE M V2;Blinder Strobe LED Motorisé / tilt 180° / 18000lm / 700W • CHAUVET;;030117990723023252;FAUX;FAUX;
COLOR-STRIKE M V2;Blinder Strobe LED Motorisé / tilt 180° / 18000lm / 700W • CHAUVET;;030117990723023327;FAUX;FAUX;
COLOR-STRIKE M V2;Blinder Strobe LED Motorisé / tilt 180° / 18000lm / 700W • CHAUVET;;030117990723023243;FAUX;FAUX;
COLOR-STRIKE M V2;Blinder Strobe LED Motorisé / tilt 180° / 18000lm / 700W • CHAUVET;;030117990723023319;FAUX;FAUX;
COLOR-STRIKE M V2;Blinder Strobe LED Motorisé / tilt 180° / 18000lm / 700W • CHAUVET;;030117990723023305;FAUX;FAUX;
COLOR-STRIKE M V2;Blinder Strobe LED Motorisé / tilt 180° / 18000lm / 700W • CHAUVET;;030117990723023253;FAUX;FAUX;
HDIRVE12;Bloc de puissance RVE HDI 12X3KW;RVE;2742-8;FAUX;FAUX;
STAGER6;Bloc de puissance STAGER 6X2KW;rve;2;FAUX;FAUX;
STAGER6;Bloc de puissance STAGER 6X2KW;RVE;3;FAUX;FAUX;
STAGER6;Bloc de puissance STAGER 6X2KW;RVE;4;FAUX;FAUX;
STAGER6;Bloc de puissance STAGER 6X2KW0/10V & DMX 512•RVE;RVE;99105027;FAUX;FAUX;
EK2000-IEM-GW;body pack IN-EAR récepteur de poche stéréo • SENNHEISER;;8188646390;FAUX;FAUX;
EK2000-IEM-GW;body pack IN-EAR récepteur de poche stéréo • SENNHEISER;;8188635606;FAUX;FAUX;
EK2000-IEM-GW;body pack IN-EAR récepteur de poche stéréo • SENNHEISER;;8188635626;FAUX;FAUX;
EK2000-IEM-GW;body pack IN-EAR récepteur de poche stéréo • SENNHEISER;;8188646391;FAUX;FAUX;
DI BSS;Boitier de direct AR133;;;FAUX;FAUX;
BOXKOLOR;BOXKOLOR Projecteur LED sur batterie•STARWAY;STARWAY;220490028509357;FAUX;FAUX;
BOXKOLOR;BOXKOLOR Projecteur LED sur batterie•STARWAY;STARWAY;220490028509368;FAUX;FAUX;
BOXKOLOR;BOXKOLOR Projecteur LED sur batterie•STARWAY;STARWAY;220490028509578;FAUX;FAUX;
BOXKOLOR;BOXKOLOR Projecteur LED sur batterie•STARWAY;STARWAY;220490028509579;FAUX;FAUX;
BOXKOLOR;BOXKOLOR Projecteur LED sur batterie•STARWAY;STARWAY;220490028509580;FAUX;FAUX;
BOXKOLOR;BOXKOLOR Projecteur LED sur batterie•STARWAY;STARWAY;220490028509581;FAUX;FAUX;
BOXKOLOR;BOXKOLOR Projecteur LED sur batterie•STARWAY;STARWAY;220490028509582;FAUX;FAUX;
BOXKOLOR;BOXKOLOR Projecteur LED sur batterie•STARWAY;STARWAY;220490028509583;FAUX;FAUX;
BOXKOLOR;BOXKOLOR Projecteur LED sur batterie•STARWAY;STARWAY;220490028509584;FAUX;FAUX;
BOXKOLOR;BOXKOLOR Projecteur LED sur batterie•STARWAY;STARWAY;220490028509358;FAUX;FAUX;
BOXKOLOR;BOXKOLOR Projecteur LED sur batterie•STARWAY;STARWAY;220490028509359;FAUX;FAUX;
BOXKOLOR;BOXKOLOR Projecteur LED sur batterie•STARWAY;STARWAY;220490028509360;FAUX;FAUX;
BOXKOLOR;BOXKOLOR Projecteur LED sur batterie•STARWAY;STARWAY;220490028509361;FAUX;FAUX;
BOXKOLOR;BOXKOLOR Projecteur LED sur batterie•STARWAY;STARWAY;220490028509362;FAUX;FAUX;
BOXKOLOR;BOXKOLOR Projecteur LED sur batterie•STARWAY;STARWAY;220490028509363;FAUX;FAUX;
BOXKOLOR;BOXKOLOR Projecteur LED sur batterie•STARWAY;STARWAY;220490028509364;FAUX;FAUX;
BOXKOLOR;BOXKOLOR Projecteur LED sur batterie•STARWAY;STARWAY;220490028509365;FAUX;FAUX;
BOXKOLOR;BOXKOLOR Projecteur LED sur batterie•STARWAY;STARWAY;220490028509366;FAUX;FAUX;
BOXKOLOR;BOXKOLOR Projecteur LED sur batterie•STARWAY;STARWAY;220490028509367;FAUX;FAUX;
BOXKOLOR;BOXKOLOR Projecteur LED sur batterie•STARWAY;STARWAY;220490028509573;FAUX;FAUX;
BOXKOLOR;BOXKOLOR Projecteur LED sur batterie•STARWAY;STARWAY;220490028509574;FAUX;FAUX;
BOXKOLOR;BOXKOLOR Projecteur LED sur batterie•STARWAY;STARWAY;220490028509575;FAUX;FAUX;
BOXKOLOR;BOXKOLOR Projecteur LED sur batterie•STARWAY;STARWAY;220490028509576;FAUX;FAUX;
BOXKOLOR;BOXKOLOR Projecteur LED sur batterie•STARWAY;STARWAY;220490028509577;FAUX;FAUX;
DVBUMP;Bump d'accroche DV DOSC;;1003;FAUX;FAUX;
DVBUMP;Bump d'accroche DV DOSC;;1004;FAUX;FAUX;
DVBUMP;Bump d'accroche DV DOSC;;1005;FAUX;FAUX;
DVBUMP;Bump d'accroche DV DOSC;;;FAUX;FAUX;
DVBUMP;Bump d'accroche DV DOSC;;1006;FAUX;FAUX;
DVBUMP;Bump d'accroche DV DOSC;;1001;FAUX;FAUX;
DVBUMP;Bump d'accroche DV DOSC;;1002;FAUX;FAUX;
BUMPARC;Bump pour ARC autonome;;1429;FAUX;FAUX;
BUMPARC;Bump pour ARC autonome;;1733;FAUX;FAUX;
BUMPARC;Bump pour ARC autonome;;1215;FAUX;FAUX;
BUMPARC;Bump pour ARC autonome;;1312;FAUX;FAUX;
MINIBU;Bumper 6 x KARA • L'ACOUSTICS;L-ACOUSTICS;840002778;FAUX;FAUX;
MINIBU;Bumper 6 x KARA • L'ACOUSTICS;L-ACOUSTICS;840002779;FAUX;FAUX;
MINIBU;Bumper 6 x KARA • L'ACOUSTICS;L-ACOUSTICS;840002799;FAUX;FAUX;
MINIBU;Bumper 6 x KARA • L'ACOUSTICS;L-ACOUSTICS;840002801;FAUX;FAUX;
A15-BUMP;Bumper A15 • L'ACOUSTICS;L-ACOUSTICS;1500005795;FAUX;FAUX;
A15-BUMP;Bumper A15 • L'ACOUSTICS;L-ACOUSTICS;1500005794;FAUX;FAUX;
A15-BUMP;Bumper A15 • L'ACOUSTICS;;A15-BUMP_1_3;FAUX;FAUX;
A15-BUMP;Bumper A15 • L'ACOUSTICS;;A15-BUMP_1_4;FAUX;FAUX;
KIET;BUMPER KIVA PLAFOND/SUR PIED;;2104;FAUX;FAUX;
KIET;BUMPER KIVA PLAFOND/SUR PIED;;2103;FAUX;FAUX;
DXS15 SUB;"Caisson de basse amplifié 15"" YAMAHA";;EEUO01114;FAUX;FAUX;
DXS15 SUB;"Caisson de basse amplifié 15"" YAMAHA";;DXS15 SUB_1_4;FAUX;FAUX;
DXS15 SUB;"Caisson de basse amplifié 15"" YAMAHA";;EEWN01262;FAUX;FAUX;
MY4-DA;Carte 4 OUT ANALOG XLR • YAMAHA;YAMAHA;21YABO01002;FAUX;FAUX;
MY4-DA;Carte 4 OUT ANALOG XLR • YAMAHA;;MY4-DA_1_2;FAUX;FAUX;
MY8AD24;Carte 8 IN ANALOG JACK 6'35 • YAMAHA;;;FAUX;FAUX;
MY8AD24;Carte 8 IN ANALOG JACK 6'35 • YAMAHA;;MY8AD24_1_2;FAUX;FAUX;
MY8AD24;Carte 8 IN ANALOG JACK 6'35 • YAMAHA;;;FAUX;FAUX;
MY8AD24;Carte 8 IN ANALOG JACK 6'35 • YAMAHA;YAMAHA;21YABP01013;FAUX;FAUX;
MY8-AE96;Carte 8-in/8-out AES/EBU • YAMAHA;YAMAHA;21YABO01005;FAUX;FAUX;
DANT128-AX;Carte réseau audio Dante 128x128 DLIVE • ALLEN & HEATH02;DLIVE & AVANTIS;MDD128W1002973;FAUX;FAUX;
DPA4060 NOIR;Cellule DPA 4060 Black;DPA;H57256;FAUX;FAUX;
DPA4060 NOIR;Cellule DPA 4060 Black;DPA;H70135;FAUX;FAUX;
SOLIDCOM M1 4B;Centrale Intercom HF - 4 postes • HOLLYLAND;SOLIDCOM;022248R 3005586;FAUX;FAUX;
SOLIDCOM M1 4B;Centrale Intercom HF - 4 postes • HOLLYLAND;SOLIDCOM;SOLIDCOM M1_1_2;FAUX;FAUX;
CC1000;Changeur DIAFORA 1KW;;2904;FAUX;FAUX;
CC1000;Changeur DIAFORA 1KW;diafora;2906;FAUX;FAUX;
KS21-CHARIOT;Chariot pour 3 KS21;;2010001463;FAUX;FAUX;
KS21-CHARIOT;Chariot pour 3 KS21;;2010001464;FAUX;FAUX;
STRIKE ARRAY 4;CHAUVET Blinder Led blanc chaud 60° IRC 92 IP 65-260W;;STRIKE ARRAY 4_1_000008;FAUX;FAUX;
STRIKE ARRAY 4;CHAUVET Blinder Led blanc chaud 60° IRC 92 IP 65-260W;;STRIKE ARRAY 4_1_000007;FAUX;FAUX;
STRIKE ARRAY 4;CHAUVET Blinder Led blanc chaud 60° IRC 92 IP 65-260W;;STRIKE ARRAY 4_1_000006;FAUX;FAUX;
STRIKE ARRAY 4;CHAUVET Blinder Led blanc chaud 60° IRC 92 IP 65-260W;;STRIKE ARRAY 4_1_000005;FAUX;FAUX;
STRIKE ARRAY 4;CHAUVET Blinder Led blanc chaud 60° IRC 92 IP 65-260W;;S03   - 030517141124000122;FAUX;FAUX;
STRIKE ARRAY 4;CHAUVET Blinder Led blanc chaud 60° IRC 92 IP 65-260W;;S04   - 030517141124000124;FAUX;FAUX;
STRIKE ARRAY 4;CHAUVET Blinder Led blanc chaud 60° IRC 92 IP 65-260W;;S02   - 030517141124000129;FAUX;FAUX;
STRIKE ARRAY 4;CHAUVET Blinder Led blanc chaud 60° IRC 92 IP 65-260W;;S01   - 030517141124000120;FAUX;FAUX;
GRANDMA3ONPC;Commande Wing XT grandMA3 onPC•MA LIGHTING;;101951;FAUX;FAUX;
CL1B;Compresseur mono CL1B Tube-Tech;;12643;FAUX;FAUX;
CL1B;Compresseur mono CL1B Tube-Tech;;12742;FAUX;FAUX;
SMC2B;Compresseur SMC2B TUBE TECH;;11979;FAUX;FAUX;
DPR402;Compresseur/limiteur/dé-esser stéréo;;22609;FAUX;FAUX;
DPR402;Compresseur/limiteur/dé-esser stéréo;;??;FAUX;FAUX;
DM7-;Console 28 faders / 120 canaux 32 physiques / 48 bus, Dante • YAMAHA;;21EGDX01122;FAUX;FAUX;
DM7-;Console 28 faders / 120 canaux 32 physiques / 48 bus, Dante • YAMAHA;;21EGDX01110;FAUX;FAUX;
DM7-;Console 28 faders / 120 canaux 32 physiques / 48 bus, Dante • YAMAHA;;21EGEP01158;FAUX;FAUX;
QL5;Console 32 faders / 72 canaux / 24 bus • YAMAHA;;EAVO01033;FAUX;FAUX;
QL5;Console 32 faders / 72 canaux / 24 bus • YAMAHA;;EVA001005;FAUX;FAUX;
QL5;Console 32 faders / 72 canaux / 24 bus • YAMAHA;YAMAHA;EAWP01013;FAUX;FAUX;
CL5 SURFACE;Console 32 faders / 72 canaux / 34 bus, Dante • YAMAHA;YAMAHA;EASN01054;FAUX;FAUX;
CL5 SURFACE;Console 32 faders / 72 canaux / 34 bus, Dante • YAMAHA;YAMAHA;EAYI01063;FAUX;FAUX;
CL5 SURFACE;Console 32 faders / 72 canaux / 34 bus, Dante • YAMAHA;YAMAHA;CL5 SURFACE_12_000001;FAUX;FAUX;
CL5 SURFACE;Console 32 faders / 72 canaux / 34 bus, Dante • YAMAHA;YAMAHA;CL5 SURFACE_12_000002;FAUX;FAUX;
CL5 SURFACE;Console 32 faders / 72 canaux / 34 bus, Dante • YAMAHA;YAMAHA;CL5 SURFACE_12_000003;FAUX;FAUX;
VENICE320;Console Analogique 24/ 4 stéréo/6/2;;1730220402012284;FAUX;FAUX;
PM3500/40;Console analogique 40/4st/8/2;;;FAUX;FAUX;
DOT2 XL-F;console asservis DOT2 XL-Faders • MA LIGHTING;;d2XLF150600286;FAUX;FAUX;
GRANDMA1;Console asservis grandMA ULTRAlight 2048 circuits;;;FAUX;FAUX;
GRANDMAV2;Console asservis grandMA Version 2;MA-LIGHTING;L120201367;FAUX;FAUX;
GRANDMAV2;Console asservis grandMA Version 2 light • MA LIGHTING;;L101100634;FAUX;FAUX;
GRANDMAV3;Console asservis grandMA Version 3 light • MA LIGHTING;MA LIGHTING;1521000000-108439;FAUX;FAUX;
GRANDMAV3;Console asservis grandMA Version 3 light • MA LIGHTING;MA LIGHTING;108163;FAUX;FAUX;
GRANDMAV3;Console asservis grandMA Version 3 light • MA LIGHTING;MA LIGHTING;102492;FAUX;FAUX;
GRANDMAV3;Console asservis grandMA Version 3 light • MA LIGHTING;MA LIGHTING;102493;FAUX;FAUX;
GRANDMAV3;Console asservis grandMA Version 3 light • MA LIGHTING;MA-LIGHTING;1521000000-107215;FAUX;FAUX;
GRANDMAV3;Console asservis grandMA Version 3 light • MA LIGHTING;MA LIGHTING;107203;FAUX;FAUX;
MAMICRO;Console asservis MA MICRO 1025 circuits;MA-LIGHTING;40300024;FAUX;FAUX;
GRANDMA1;Console asservis ULTRAlight 2048 circuits;;;FAUX;FAUX;
GRANDMA1;Console asservis ULTRAlight 2048 circuits;;;FAUX;FAUX;
SD8;Console audio numérique SD8 DiGiCo;;;FAUX;FAUX;
SD8;Console audio numérique SD8 DiGiCo;;;FAUX;FAUX;
SD8;Console audio numérique SD8 DiGiCo;;;FAUX;FAUX;
SD8;Console audio numérique SD8 DiGiCo;;8004820912;FAUX;FAUX;
SD8;Console audio numérique SD8 DiGiCo;;8002210902;FAUX;FAUX;
SD8;Console audio numérique SD8 DiGiCo;;;FAUX;FAUX;
01V96;Console numerique 12 voies/8 aux;YAMAHA;*HAKL01050;FAUX;FAUX;
01V96;Console numerique 12 voies/8 aux;;HAKK01215;FAUX;FAUX;
PM5D-RH;Console numerique 48 cannaux/24 aux(touring);YAMAHA;;FAUX;FAUX;
PM5D-RH;Console numerique 48 cannaux/24 aux(touring);;YAM001016;FAUX;FAUX;
M7CL;Console numérique 48 voies;;;FAUX;FAUX;
M7CL;Console numérique 48 voies;YAMAHA;HAMO0110664;FAUX;FAUX;
M7CL;Console numérique 48 voies;;HAMO01064;FAUX;FAUX;
M7CL;Console numérique 48 voies;;HAOI01066;FAUX;FAUX;
M7CL;Console numérique 48 voies;;;FAUX;FAUX;
M7CL;Console numérique 48 voies;;;FAUX;FAUX;
SD8;Console numérique 48/24 DIGICO;;;FAUX;FAUX;
AVANTIS SURFACE;Console numérique 64 canaux-42 bus;;AVANTX-1006271;FAUX;FAUX;
AVANTIS SURFACE;Console numérique 64 canaux-42 bus;;;FAUX;FAUX;
AVANTIS SURFACE;Console numérique 64 canaux-42 bus;;AVANTX-1006243;FAUX;FAUX;
MA24/48;Console programmable 24/48;;3231;FAUX;FAUX;
LS9/32;Console YAMAHA numérique 32/8/2;;HANIO1128;FAUX;FAUX;
RUPERT;Controleur de larsen 2 cannaux NEVE;;;FAUX;FAUX;
FDS366T;Controleur filtre numérique 3entrées/8 sorties;;;FAUX;FAUX;
TELECO12PRADIO;Controleur moteurs 12 canaux Radio MC12•LFTKET;;250277700;FAUX;FAUX;
VX600;Contrôleur Scaler NOVASTAR All-In-One - HD 1080p;NOVASTAR;2IVB32B14N1A10036057;FAUX;FAUX;
VX600;Contrôleur Scaler NOVASTAR All-In-One - HD 1080p;NOVASTAR;2IVB32B14N1A10036079;FAUX;FAUX;
SMEDIA3,9-OUT;Dalle Led Indoor Starmedia Curve 3,9mm / 50x50cm • STARWAY;;;FAUX;FAUX;
SMEDIA3,9-OUT;Dalle Led Indoor Starmedia Curve 3,9mm / 50x50cm • STARWAY;;;FAUX;FAUX;
SMEDIA3,9-OUT;Dalle Led Indoor Starmedia Curve 3,9mm / 50x50cm • STARWAY;;;FAUX;FAUX;
SMEDIA3,9-OUT;Dalle Led Indoor Starmedia Curve 3,9mm / 50x50cm • STARWAY;;;FAUX;FAUX;
SMEDIA3,9-OUT;Dalle Led Indoor Starmedia Curve 3,9mm / 50x50cm • STARWAY;;;FAUX;FAUX;
SMEDIA3,9-OUT;Dalle Led Indoor Starmedia Curve 3,9mm / 50x50cm • STARWAY;;;FAUX;FAUX;
SMEDIA3,9-OUT;Dalle Led Indoor Starmedia Curve 3,9mm / 50x50cm • STARWAY;;;FAUX;FAUX;
SMEDIA3,9-OUT;Dalle Led Indoor Starmedia Curve 3,9mm / 50x50cm • STARWAY;;;FAUX;FAUX;
SMEDIA3,9-OUT;Dalle Led Indoor Starmedia Curve 3,9mm / 50x50cm • STARWAY;;;FAUX;FAUX;
SMEDIA3,9-OUT;Dalle Led Indoor Starmedia Curve 3,9mm / 50x50cm • STARWAY;;;FAUX;FAUX;
SMEDIA3,9-OUT;Dalle Led Indoor Starmedia Curve 3,9mm / 50x50cm • STARWAY;;;FAUX;FAUX;
SMEDIA3,9-OUT;Dalle Led Indoor Starmedia Curve 3,9mm / 50x50cm • STARWAY;;;FAUX;FAUX;
SMEDIA3,9-OUT;Dalle Led Indoor Starmedia Curve 3,9mm / 50x50cm • STARWAY;;;FAUX;FAUX;
SMEDIA3,9-OUT;Dalle Led Indoor Starmedia Curve 3,9mm / 50x50cm • STARWAY;;;FAUX;FAUX;
SMEDIA3,9-OUT;Dalle Led Indoor Starmedia Curve 3,9mm / 50x50cm • STARWAY;;;FAUX;FAUX;
SMEDIA3,9-OUT;Dalle Led Indoor Starmedia Curve 3,9mm / 50x50cm • STARWAY;;;FAUX;FAUX;
613SX;Découpe 613 SX 1000W 28/54° • JULIAT;;0952LM;FAUX;FAUX;
613SX;Découpe 613 SX 1000W 28/54° • JULIAT;;0705EG;FAUX;FAUX;
613SX;Découpe 613 SX 1000W 28/54° • JULIAT;;613SX_1_000003;FAUX;FAUX;
613SX;Découpe 613 SX 1000W 28/54° • JULIAT;;613SX_1_000004;FAUX;FAUX;
613SX;Découpe 613 SX 1000W 28/54° • JULIAT;;613SX_1_000005;FAUX;FAUX;
613SX;Découpe 613 SX 1000W 28/54° • JULIAT;;613SX_1_000006;FAUX;FAUX;
613SX;Découpe 613 SX 1000W 28/54° • JULIAT;;613SX_1_000007;FAUX;FAUX;
613SX;Découpe 613 SX 1000W 28/54° • JULIAT;;613SX_1_000008;FAUX;FAUX;
613SX;Découpe 613 SX 1000W 28/54° • JULIAT;;613SX_1_000009;FAUX;FAUX;
613SX;Découpe 613 SX 1000W 28/54° • JULIAT;;613SX_1_000010;FAUX;FAUX;
613SX;Découpe 613 SX 1000W 28/54° • JULIAT;;613SX_1_000011;FAUX;FAUX;
613SX;Découpe 613 SX 1000W 28/54° • JULIAT;;613SX_1_000012;FAUX;FAUX;
613SX;Découpe 613 SX 1000W 28/54° • JULIAT;;613SX_1_000013;FAUX;FAUX;
613SX;Découpe 613 SX 1000W 28/54° • JULIAT;;613SX_1_000014;FAUX;FAUX;
613SX;Découpe 613 SX 1000W 28/54° • JULIAT;;613SX_1_000015;FAUX;FAUX;
613SX;Découpe 613 SX 1000W 28/54° • JULIAT;;613SX_1_000016;FAUX;FAUX;
613SX;Découpe 613 SX 1000W 28/54° • JULIAT;;613SX_1_000017;FAUX;FAUX;
613SX;Découpe 613 SX 1000W 28/54° • JULIAT;;613SX_1_000018;FAUX;FAUX;
613SX;Découpe 613 SX 1000W 28/54° • JULIAT;;613SX_1_000019;FAUX;FAUX;
613SX;Découpe 613 SX 1000W 28/54° • JULIAT;;613SX_1_000020;FAUX;FAUX;
613SX;Découpe 613 SX 1000W 28/54° • JULIAT;;613SX_1_000021;FAUX;FAUX;
613SX;Découpe 613 SX 1000W 28/54° • JULIAT;;613SX_1_000022;FAUX;FAUX;
613SX;Découpe 613 SX 1000W 28/54° • JULIAT;;613SX_1_000023;FAUX;FAUX;
613SX;Découpe 613 SX 1000W 28/54° • JULIAT;;613SX_1_000024;FAUX;FAUX;
613SX;Découpe 613 SX 1000W 28/54° • JULIAT;;613SX_1_000025;FAUX;FAUX;
614SX;Découpe 614SX 1000W 16/35° • JULIAT;;EMAG-02770;FAUX;FAUX;
614SX;Découpe 614SX 1000W 16/35° • JULIAT;;EMAG-02771;FAUX;FAUX;
614SX;Découpe 614SX 1000W 16/35° • JULIAT;;EMAG-02772;FAUX;FAUX;
614SX;Découpe 614SX 1000W 16/35° • JULIAT;;EMAG-02773;FAUX;FAUX;
614SX;Découpe 614SX 1000W 16/35° • JULIAT;;EMAG-02774;FAUX;FAUX;
614SX;Découpe 614SX 1000W 16/35° • JULIAT;;EMAG-02775;FAUX;FAUX;
614SX;Découpe 614SX 1000W 16/35° • JULIAT;;EMAG-02776;FAUX;FAUX;
614SX;Découpe 614SX 1000W 16/35° • JULIAT;;EMAG-02777;FAUX;FAUX;
614SX;Découpe 614SX 1000W 16/35° • JULIAT;;EMAG-02778;FAUX;FAUX;
614SX;Découpe 614SX 1000W 16/35° • JULIAT;;EMAG-02779;FAUX;FAUX;
614SX;Découpe 614SX 1000W 16/35° • JULIAT;;EMAG-02780;FAUX;FAUX;
614SX;Découpe 614SX 1000W 16/35° • JULIAT;;EMAG-02781;FAUX;FAUX;
614SX;Découpe 614SX 1000W 16/35° • JULIAT;;EMAG-02782;FAUX;FAUX;
614SX;Découpe 614SX 1000W 16/35° • JULIAT;;EMAG-02783;FAUX;FAUX;
614SX;Découpe 614SX 1000W 16/35° • JULIAT;;EMAG-02784;FAUX;FAUX;
614SX;Découpe 614SX 1000W 16/35° • JULIAT;;EMAG-02785;FAUX;FAUX;
614SX;Découpe 614SX 1000W 16/35° • JULIAT;;EMAG-02786;FAUX;FAUX;
614SX;Découpe 614SX 1000W 16/35° • JULIAT;;EMAG-02787;FAUX;FAUX;
614SX;Découpe 614SX 1000W 16/35° • JULIAT;;EMAG-02788;FAUX;FAUX;
614SX;Découpe 614SX 1000W 16/35° • JULIAT;;EMAG-02789;FAUX;FAUX;
614SX;Découpe 614SX 1000W 16/35° • JULIAT;;EMAG-02790;FAUX;FAUX;
614SX;Découpe 614SX 1000W 16/35° • JULIAT;;EMAG-02791;FAUX;FAUX;
614SX;Découpe 614SX 1000W 16/35° • JULIAT;;EMAG-02792;FAUX;FAUX;
614SX;Découpe 614SX 1000W 16/35° • JULIAT;;EMAG-02793;FAUX;FAUX;
614SX;Découpe 614SX 1000W 16/35° • JULIAT;;EMAG-02794;FAUX;FAUX;
614SX;Découpe 614SX 1000W 16/35° • JULIAT;;EMAG-02795;FAUX;FAUX;
614SX;Découpe 614SX 1000W 16/35° • JULIAT;;EMAG-02796;FAUX;FAUX;
614SX;Découpe 614SX 1000W 16/35° • JULIAT;;EMAG-02797;FAUX;FAUX;
614SX;Découpe 614SX 1000W 16/35° • JULIAT;;EMAG-02798;FAUX;FAUX;
614SX;Découpe 614SX 1000W 16/35° • JULIAT;;EMAG-02799;FAUX;FAUX;
614SX;Découpe 614SX 1000W 16/35° • JULIAT;;EMAG-02800;FAUX;FAUX;
D5000;Delay D5000;;QKO1006;FAUX;FAUX;
D-TWO;Delay DTWO;T.C. ELECTRONICS;3117134;FAUX;FAUX;
DS201;Double Noise Gate stéréo;;2159;FAUX;FAUX;
DS201;Double Noise Gate stéréo;;2158;FAUX;FAUX;
DS201;Double Noise Gate stéréo;;25424;FAUX;FAUX;
DS201;Double Noise Gate stéréo;;25426;FAUX;FAUX;
LCD-HD-LED65';"ECRAN LED 4K 65"" (165 CM) - 3840 X 2160 P - ULTRA HD - WI-FI -";;8032666800034;FAUX;FAUX;
LCD-HD-LED65';"ECRAN LED 4K 65"" (165 CM) - 3840 X 2160 P - ULTRA HD - WI-FI -";;8032666800048;FAUX;FAUX;
LCD-HD-LED65';"ECRAN LED 4K 65"" (165 CM) - 3840 X 2160 P - ULTRA HD - WI-FI -";;8032666800047;FAUX;FAUX;
LCD-HD-LED65';"ECRAN LED 4K 65"" (165 CM) - 3840 X 2160 P - ULTRA HD - WI-FI -";;8032665800047;FAUX;FAUX;
ECRAN0600;Ecran sur cadre blanc (face/retro) 6,00x4,50m;;;FAUX;FAUX;
EQAPEX;Egaliseur 2 X31 bandes GX230• APEX;APEX;509603276;FAUX;FAUX;
KIBU;Elément de levage pour KIVA;;3212;FAUX;FAUX;
KIBU;Elément de levage pour KIVA;;3213;FAUX;FAUX;
UR2;Emetteur main • SHURE;;1HL0412776;FAUX;FAUX;
UR2;Emetteur main • SHURE;;UR2_1_000002;FAUX;FAUX;
UR2;Emetteur main • SHURE;;UR2_1_000003;FAUX;FAUX;
UR2;Emetteur main • SHURE;;UR2_1_000004;FAUX;FAUX;
UR2;Emetteur main • SHURE;;UR2_1_000005;FAUX;FAUX;
UR2;Emetteur main • SHURE;;UR2_1_000006;FAUX;FAUX;
AD2;Emetteur main série AXIENT Bande G56 (470 à 636 MHz) • SHURE;SHURE;2SB1997207;FAUX;FAUX;
AD2;Emetteur main série AXIENT Bande G56 (470 à 636 MHz) • SHURE;SHURE;2SB1997212;FAUX;FAUX;
AD2;Emetteur main série AXIENT Bande G56 (470 à 636 MHz) • SHURE;SHURE;2SB1997215;FAUX;FAUX;
AD2;Emetteur main série AXIENT Bande G56 (470 à 636 MHz) • SHURE;SHURE;2SB1997218;FAUX;FAUX;
AD2;Emetteur main série AXIENT Bande G56 (470 à 636 MHz) • SHURE;SHURE;2SB1997220;FAUX;FAUX;
AD2;Emetteur main série AXIENT Bande G56 (470 à 636 MHz) • SHURE;SHURE;2SC0145354;FAUX;FAUX;
AD2;Emetteur main série AXIENT Bande G56 (470 à 636 MHz) • SHURE;SHURE;2SC20768966;FAUX;FAUX;
AD2;Emetteur main série AXIENT Bande G56 (470 à 636 MHz) • SHURE;SHURE;2SC20769107;FAUX;FAUX;
AD2;Emetteur main série AXIENT Bande G56 (470 à 636 MHz) • SHURE;SHURE;2CL13419437;FAUX;FAUX;
AD2;Emetteur main série AXIENT Bande G56 (470 à 636 MHz) • SHURE;SHURE;2CL13419071;FAUX;FAUX;
AD2;Emetteur main série AXIENT Bande G56 (470 à 636 MHz) • SHURE;SHURE;2CK30599927;FAUX;FAUX;
AD2;Emetteur main série AXIENT Bande G56 (470 à 636 MHz) • SHURE;SHURE;2CK30599650;FAUX;FAUX;
AD1;Emetteur pocket série AXIENT Bande G56 (470 à 636 MHz) • SHURE;SHURE;2EC31802095;FAUX;FAUX;
AD1;Emetteur pocket série AXIENT Bande G56 (470 à 636 MHz) • SHURE;SHURE;AD1_1_2;FAUX;FAUX;
AD1;Emetteur pocket série AXIENT Bande G56 (470 à 636 MHz) • SHURE;SHURE;AD1_1_3;FAUX;FAUX;
AD1;Emetteur pocket série AXIENT Bande G56 (470 à 636 MHz) • SHURE;SHURE;AD1_1_4;FAUX;FAUX;
AD1;Emetteur pocket série AXIENT Bande G56 (470 à 636 MHz) • SHURE;SHURE;AD1_1_5;FAUX;FAUX;
AD1;Emetteur pocket série AXIENT Bande G56 (470 à 636 MHz) • SHURE;SHURE;AD1_1_6;FAUX;FAUX;
AD1;Emetteur pocket série AXIENT Bande G56 (470 à 636 MHz) • SHURE;SHURE;AD1_1_7;FAUX;FAUX;
AD1;Emetteur pocket série AXIENT Bande G56 (470 à 636 MHz) • SHURE;SHURE;AD1_1_8;FAUX;FAUX;
AD1;Emetteur pocket série AXIENT Bande G56 (470 à 636 MHz) • SHURE;SHURE;AD1_1_9;FAUX;FAUX;
AD1;Emetteur pocket série AXIENT Bande G56 (470 à 636 MHz) • SHURE;SHURE;2EC31803173;FAUX;FAUX;
AD1;Emetteur pocket série AXIENT Bande G56 (470 à 636 MHz) • SHURE;SHURE;2EC31802920;FAUX;FAUX;
AD1;Emetteur pocket série AXIENT Bande G56 (470 à 636 MHz) • SHURE;SHURE;2EC31802057;FAUX;FAUX;
AD1;Emetteur pocket série AXIENT Bande G56 (470 à 636 MHz) • SHURE;SHURE;AD1_1_13;FAUX;FAUX;
AD1;Emetteur pocket série AXIENT Bande G56 (470 à 636 MHz) • SHURE;SHURE;AD1_1_14;FAUX;FAUX;
AD1;Emetteur pocket série AXIENT Bande G56 (470 à 636 MHz) • SHURE;SHURE;AD1_1_15;FAUX;FAUX;
AD1;Emetteur pocket série AXIENT Bande G56 (470 à 636 MHz) • SHURE;SHURE;AD1_1_16;FAUX;FAUX;
AD1;Emetteur pocket série AXIENT Bande G56 (470 à 636 MHz) • SHURE;SHURE;AD1_1_17;FAUX;FAUX;
AD1;Emetteur pocket série AXIENT Bande G56 (470 à 636 MHz) • SHURE;SHURE;AD1_1_18;FAUX;FAUX;
AD1;Emetteur pocket série AXIENT Bande G56 (470 à 636 MHz) • SHURE;SHURE;AD1_1_19;FAUX;FAUX;
UL1;Emetteur pocket série ULX Bande H51 (534 à 598 MHz) • SHURE;SHURE;2QH3170791;FAUX;FAUX;
UL1;Emetteur pocket série ULX Bande H51 (534 à 598 MHz) • SHURE;SHURE;2QI2134847;FAUX;FAUX;
UL1;Emetteur pocket série ULX Bande H51 (534 à 598 MHz) • SHURE;SHURE;2QG2058062;FAUX;FAUX;
UL1;Emetteur pocket série ULX Bande H51 (534 à 598 MHz) • SHURE;SHURE;2QI0691906;FAUX;FAUX;
UL1;Emetteur pocket série ULX Bande H51 (534 à 598 MHz) • SHURE;SHURE;2QJ0777727;FAUX;FAUX;
UL1;Emetteur pocket série ULX Bande H51 (534 à 598 MHz) • SHURE;SHURE;2QG2058003;FAUX;FAUX;
UL1;Emetteur pocket série ULX Bande H51 (534 à 598 MHz) • SHURE;SHURE;2QJ0777732;FAUX;FAUX;
UL1;Emetteur pocket série ULX Bande H51 (534 à 598 MHz) • SHURE;SHURE;2QI2134853;FAUX;FAUX;
UL1;Emetteur pocket série ULX Bande H51 (534 à 598 MHz) • SHURE;SHURE;2QH3170805;FAUX;FAUX;
UL1;Emetteur pocket série ULX Bande H51 (534 à 598 MHz) • SHURE;SHURE;2QI1313979;FAUX;FAUX;
UL1;Emetteur pocket série ULX Bande H51 (534 à 598 MHz) • SHURE;SHURE;2QH3170797;FAUX;FAUX;
UL1;Emetteur pocket série ULX Bande H51 (534 à 598 MHz) • SHURE;SHURE;2QJ0777731;FAUX;FAUX;
UL1;Emetteur pocket série ULX Bande H51 (534 à 598 MHz) • SHURE;SHURE;2QI1313963;FAUX;FAUX;
UL1;Emetteur pocket série ULX Bande H51 (534 à 598 MHz) • SHURE;SHURE;2QI1313980;FAUX;FAUX;
UL1;Emetteur pocket série ULX Bande H51 (534 à 598 MHz) • SHURE;SHURE;2QJ0777734;FAUX;FAUX;
UL1;Emetteur pocket série ULX Bande H51 (534 à 598 MHz) • SHURE;SHURE;2QI2134845;FAUX;FAUX;
UL1;Emetteur pocket série ULX Bande H51 (534 à 598 MHz) • SHURE;SHURE;2QI1313969;FAUX;FAUX;
UL1;Emetteur pocket série ULX Bande H51 (534 à 598 MHz) • SHURE;SHURE;2QI1313974;FAUX;FAUX;
SR2050;Emetteur stéréo double canal IN-EAR monitor plan Bw • SENNHEISER;;;FAUX;FAUX;
SR2050;Emetteur stéréo double canal IN-EAR monitor plan Bw • SENNHEISER;SENNHEISER;1238128922;FAUX;FAUX;
SR2050;Emetteur stéréo double canal IN-EAR monitor plan Bw • SENNHEISER;SENNHEISER;1238128921;FAUX;FAUX;
UR1;Emmenteur pocket shure bande Q5;SHURE;1NE2080839;FAUX;FAUX;
UR1;Emmenteur pocket shure bande Q5;SHURE;2NL1135309;FAUX;FAUX;
UR1;Emmenteur pocket shure bande Q5;SHURE;2NL1135318;FAUX;FAUX;
UR1;Emmenteur pocket shure bande Q5;SHURE;2NL1135323;FAUX;FAUX;
UR1;Emmenteur pocket shure bande Q5;SHURE;2NL1135329;FAUX;FAUX;
UR1;Emmenteur pocket shure bande Q5;SHURE;2NL1135335;FAUX;FAUX;
UR1;Emmenteur pocket shure bande Q5;SHURE;2NL1135340;FAUX;FAUX;
UR1;Emmenteur pocket shure bande Q5;SHURE;2NL1135341;FAUX;FAUX;
UR1;Emmenteur pocket shure bande Q5;SHURE;2NL1135346;FAUX;FAUX;
UR1;Emmenteur pocket shure bande Q5;SHURE;2NL1135359;FAUX;FAUX;
DVDOSC;"Enceinte ""Line Array"" 2 voies actives";;9198;FAUX;FAUX;
DVDOSC;"Enceinte ""Line Array"" 2 voies actives";;9200;FAUX;FAUX;
DVDOSC;"Enceinte ""Line Array"" 2 voies actives";;4894;FAUX;FAUX;
DVDOSC;"Enceinte ""Line Array"" 2 voies actives";;4889;FAUX;FAUX;
DVDOSC;"Enceinte ""Line Array"" 2 voies actives";;8099;FAUX;FAUX;
DVDOSC;"Enceinte ""Line Array"" 2 voies actives";;9201;FAUX;FAUX;
DVDOSC;"Enceinte ""Line Array"" 2 voies actives";;5153;FAUX;FAUX;
DVDOSC;"Enceinte ""Line Array"" 2 voies actives";;4905;FAUX;FAUX;
DVDOSC;"Enceinte ""Line Array"" 2 voies actives";;8136;FAUX;FAUX;
DVDOSC;"Enceinte ""Line Array"" 2 voies actives";;8097;FAUX;FAUX;
DVDOSC;"Enceinte ""Line Array"" 2 voies actives";;4898;FAUX;FAUX;
DVDOSC;"Enceinte ""Line Array"" 2 voies actives";;4896;FAUX;FAUX;
DVDOSC;"Enceinte ""Line Array"" 2 voies actives";;4899;FAUX;FAUX;
DVDOSC;"Enceinte ""Line Array"" 2 voies actives";;9197;FAUX;FAUX;
DVDOSC;"Enceinte ""Line Array"" 2 voies actives";;4892;FAUX;FAUX;
DVDOSC;"Enceinte ""Line Array"" 2 voies actives";;4893;FAUX;FAUX;
DVDOSC;"Enceinte ""Line Array"" 2 voies actives";;4902;FAUX;FAUX;
DVDOSC;"Enceinte ""Line Array"" 2 voies actives";;4906;FAUX;FAUX;
DVDOSC;"Enceinte ""Line Array"" 2 voies actives";;4903;FAUX;FAUX;
DVDOSC;"Enceinte ""Line Array"" 2 voies actives";;9199;FAUX;FAUX;
DVDOSC;"Enceinte ""Line Array"" 2 voies actives";;4885;FAUX;FAUX;
DVDOSC;"Enceinte ""Line Array"" 2 voies actives";;4887;FAUX;FAUX;
DVDOSC;"Enceinte ""Line Array"" 2 voies actives";;4890;FAUX;FAUX;
DVDOSC;"Enceinte ""Line Array"" 2 voies actives";;4900;FAUX;FAUX;
DVDOSC;"Enceinte ""Line Array"" 2 voies actives";;4886;FAUX;FAUX;
DVDOSC;"Enceinte ""Line Array"" 2 voies actives";;8105;FAUX;FAUX;
DVDOSC;"Enceinte ""Line Array"" 2 voies actives";;4904;FAUX;FAUX;
DVDOSC;"Enceinte ""Line Array"" 2 voies actives";;4901;FAUX;FAUX;
DVDOSC;"Enceinte ""Line Array"" 2 voies actives";;8096;FAUX;FAUX;
DVDOSC;"Enceinte ""Line Array"" 2 voies actives";;4891;FAUX;FAUX;
DVDOSC;"Enceinte ""Line Array"" 2 voies actives";;8140;FAUX;FAUX;
DVDOSC;"Enceinte ""Line Array"" 2 voies actives";;4888;FAUX;FAUX;
DVDOSC;"Enceinte ""Line Array"" 2 voies actives";;4895;FAUX;FAUX;
DVDOSC;"Enceinte ""Line Array"" 2 voies actives";;4884;FAUX;FAUX;
DVDOSC;"Enceinte ""Line Array"" 2 voies actives";;4897;FAUX;FAUX;
DVDOSC;"Enceinte ""Line Array"" 2 voies actives";;;VRAI;FAUX;
DVDOSC;"Enceinte ""Line Array"" 2 voies actives";;9196;FAUX;FAUX;
V-DOSC;"Enceinte ""Line Array"" 3 voies";;1474;FAUX;FAUX;
V-DOSC;"Enceinte ""Line Array"" 3 voies";;1636;FAUX;FAUX;
V-DOSC;"Enceinte ""Line Array"" 3 voies";;2053;FAUX;FAUX;
V-DOSC;"Enceinte ""Line Array"" 3 voies";;1479;FAUX;FAUX;
V-DOSC;"Enceinte ""Line Array"" 3 voies";;2059;FAUX;FAUX;
V-DOSC;"Enceinte ""Line Array"" 3 voies";;3H019N;FAUX;FAUX;
V-DOSC;"Enceinte ""Line Array"" 3 voies";;2050;FAUX;FAUX;
V-DOSC;"Enceinte ""Line Array"" 3 voies";;1623;FAUX;FAUX;
V-DOSC;"Enceinte ""Line Array"" 3 voies";;1629;FAUX;FAUX;
V-DOSC;"Enceinte ""Line Array"" 3 voies";;1472;FAUX;FAUX;
V-DOSC;"Enceinte ""Line Array"" 3 voies";;2057;FAUX;FAUX;
V-DOSC;"Enceinte ""Line Array"" 3 voies";;2060;FAUX;FAUX;
V-DOSC;"Enceinte ""Line Array"" 3 voies";;3018N;FAUX;FAUX;
V-DOSC;"Enceinte ""Line Array"" 3 voies";;2052;FAUX;FAUX;
V-DOSC;"Enceinte ""Line Array"" 3 voies";;2051;FAUX;FAUX;
V-DOSC;"Enceinte ""Line Array"" 3 voies";;1624;FAUX;FAUX;
V-DOSC;"Enceinte ""Line Array"" 3 voies";;3013N;FAUX;FAUX;
V-DOSC;"Enceinte ""Line Array"" 3 voies";;2055;FAUX;FAUX;
V-DOSC;"Enceinte ""Line Array"" 3 voies";;2056;FAUX;FAUX;
V-DOSC;"Enceinte ""Line Array"" 3 voies";;2061;FAUX;FAUX;
V-DOSC;"Enceinte ""Line Array"" 3 voies";;;FAUX;FAUX;
V-DOSC;"Enceinte ""Line Array"" 3 voies";;1632;FAUX;FAUX;
V-DOSC;"Enceinte ""Line Array"" 3 voies";;2054;FAUX;FAUX;
V-DOSC;"Enceinte ""Line Array"" 3 voies";;2058;FAUX;FAUX;
V-DOSC;"Enceinte ""Line Array"" 3 voies";;1590;FAUX;FAUX;
A15-FOCUS-;"Enceinte 15"" WST® 10° passive 2 voies • L'ACOUSTICS";L-ACOUSTICS;1470016320;FAUX;FAUX;
A15-FOCUS-;"Enceinte 15"" WST® 10° passive 2 voies • L'ACOUSTICS";L-ACOUSTICS;1470016313;FAUX;FAUX;
A15-FOCUS-;"Enceinte 15"" WST® 10° passive 2 voies • L'ACOUSTICS";L-ACOUSTICS;1470016317;FAUX;FAUX;
A15-FOCUS-;"Enceinte 15"" WST® 10° passive 2 voies • L'ACOUSTICS";;A15-FOCUS_1_4;FAUX;FAUX;
A15-FOCUS-;"Enceinte 15"" WST® 10° passive 2 voies • L'ACOUSTICS";;A15-FOCUS_1_5;FAUX;FAUX;
A15-FOCUS-;"Enceinte 15"" WST® 10° passive 2 voies • L'ACOUSTICS";;A15-FOCUS_1_6;FAUX;FAUX;
A15-FOCUS-;"Enceinte 15"" WST® 10° passive 2 voies • L'ACOUSTICS";;A15-FOCUS_1_7;FAUX;FAUX;
A15-FOCUS-;"Enceinte 15"" WST® 10° passive 2 voies • L'ACOUSTICS";;A15-FOCUS_1_8;FAUX;FAUX;
A15-FOCUS-;"Enceinte 15"" WST® 10° passive 2 voies • L'ACOUSTICS";;A15-FOCUS_1_9;FAUX;FAUX;
A15-FOCUS-;"Enceinte 15"" WST® 10° passive 2 voies • L'ACOUSTICS";L-ACOUSTICS;1470016315;FAUX;FAUX;
A15-FOCUS-;"Enceinte 15"" WST® 10° passive 2 voies • L'ACOUSTICS";L-ACOUSTICS;1470016295;FAUX;FAUX;
A15-FOCUS-;"Enceinte 15"" WST® 10° passive 2 voies • L'ACOUSTICS";L-ACOUSTICS;1470016321;FAUX;FAUX;
A15-WIDE-;"Enceinte 15"" WST® 30° passive 2 voies • L'ACOUSTICS";L-ACOUSTICS;1480012514;FAUX;FAUX;
A15-WIDE-;"Enceinte 15"" WST® 30° passive 2 voies • L'ACOUSTICS";;1480012513;FAUX;FAUX;
A15-WIDE-;"Enceinte 15"" WST® 30° passive 2 voies • L'ACOUSTICS";;A15-WIDE_1_3;FAUX;FAUX;
A15-WIDE-;"Enceinte 15"" WST® 30° passive 2 voies • L'ACOUSTICS";;A15-WIDE_1_4;FAUX;FAUX;
*MTD108-8XT;Enceinte 2 voies,400 W 8XT-L-ACOUSTICS;L-ACOUSTICS;5542;FAUX;FAUX;
*MTD108-8XT;Enceinte 2 voies,400 W 8XT-L-ACOUSTICS;L-ACOUSTICS;5543;FAUX;FAUX;
*MTD108-8XT;Enceinte 2 voies,400 W 8XT-L-ACOUSTICS;L-ACOUSTICS;5544;FAUX;FAUX;
*MTD108-8XT;Enceinte 2 voies,400 W 8XT-L-ACOUSTICS;L-ACOUSTICS;5545;FAUX;FAUX;
*MTD108-8XT;Enceinte 2 voies,400 W 8XT-L-ACOUSTICS;L-ACOUSTICS;5601;FAUX;FAUX;
*MTD108-8XT;Enceinte 2 voies,400 W 8XT-L-ACOUSTICS;L-ACOUSTICS;5600;FAUX;FAUX;
*MTD108-8XT;Enceinte 2 voies,400 W 8XT-L-ACOUSTICS;L-ACOUSTICS;5603;FAUX;FAUX;
*MTD108-8XT;Enceinte 2 voies,400 W 8XT-L-ACOUSTICS;L-ACOUSTICS;5602;FAUX;FAUX;
*MTD108-8XT;Enceinte 2 voies,400 W 8XT-L-ACOUSTICS;L-ACOUSTICS;4850;FAUX;FAUX;
*MTD108-8XT;Enceinte 2 voies,400 W 8XT-L-ACOUSTICS;L-ACOUSTICS;4776;FAUX;FAUX;
*MTD108-8XT;Enceinte 2 voies,400 W 8XT-L-ACOUSTICS;L-ACOUSTICS;4799;FAUX;FAUX;
*MTD108-8XT;Enceinte 2 voies,400 W 8XT-L-ACOUSTICS;L-ACOUSTICS;4851;FAUX;FAUX;
ARC-;Enceinte active 2 voies/600W;;2589;FAUX;FAUX;
ARC-;Enceinte active 2 voies/600W;;2584;FAUX;FAUX;
ARC-;Enceinte active 2 voies/600W;;2585;FAUX;FAUX;
ARC-;Enceinte active 2 voies/600W;;1901;FAUX;FAUX;
ARC-;Enceinte active 2 voies/600W;;2590;FAUX;FAUX;
ARC-;Enceinte active 2 voies/600W;;1906;FAUX;FAUX;
ARC-;Enceinte active 2 voies/600W;;2587;FAUX;FAUX;
ARC-;Enceinte active 2 voies/600W;;1904;FAUX;FAUX;
ARC-;Enceinte active 2 voies/600W;;2586;FAUX;FAUX;
ARC-;Enceinte active 2 voies/600W;;2588;FAUX;FAUX;
ARC-;Enceinte active 2 voies/600W;;1905;FAUX;FAUX;
ARC-;Enceinte active 2 voies/600W;;1943;FAUX;FAUX;
DXR12-;"Enceinte bi-amplifiée 12"" 1100 W•YAMAHA";YAMAHA;EETNO1323;FAUX;FAUX;
DXR12-;"Enceinte bi-amplifiée 12"" 1100 W•YAMAHA";YAMAHA;EETNO1325;FAUX;FAUX;
DXR12-;"Enceinte bi-amplifiée 12"" 1100 W•YAMAHA";;DXR12-_1_000003;FAUX;FAUX;
DXR12-;"Enceinte bi-amplifiée 12"" 1100 W•YAMAHA";;DXR12-_1_000004;FAUX;FAUX;
DXR12-;"Enceinte bi-amplifiée 12"" 1100 W•YAMAHA";;DXR12-_1_000005;FAUX;FAUX;
DXR12-;"Enceinte bi-amplifiée 12"" 1100 W•YAMAHA";;DXR12-_1_000006;FAUX;FAUX;
DXR12-;"Enceinte bi-amplifiée 12"" 1100 W•YAMAHA";;DXR12-_1_000007;FAUX;FAUX;
DXR12-;"Enceinte bi-amplifiée 12"" 1100 W•YAMAHA";;DXR12-_1_000008;FAUX;FAUX;
DXR12-;"Enceinte bi-amplifiée 12"" 1100 W•YAMAHA";;DXR12-_1_000009;FAUX;FAUX;
DXR12-;"Enceinte bi-amplifiée 12"" 1100 W•YAMAHA";YAMAHA;EETN01304;FAUX;FAUX;
DXR15-;"Enceinte bi-amplifiée 15"" 1100 W•YAMAHA";YAMAHA;EETO01021;FAUX;FAUX;
DXR15-;"Enceinte bi-amplifiée 15"" 1100 W•YAMAHA";YAMAHA;EETO01026;FAUX;FAUX;
DXR15-;"Enceinte bi-amplifiée 15"" 1100 W•YAMAHA";;DXR15-_1_000003;FAUX;FAUX;
DXR15-;"Enceinte bi-amplifiée 15"" 1100 W•YAMAHA";;DXR15-_1_000004;FAUX;FAUX;
DXR15-;"Enceinte bi-amplifiée 15"" 1100 W•YAMAHA";;DXR15-_1_000005;FAUX;FAUX;
DXR15-;"Enceinte bi-amplifiée 15"" 1100 W•YAMAHA";;DXR15-_1_000006;FAUX;FAUX;
DXR15-;"Enceinte bi-amplifiée 15"" 1100 W•YAMAHA";;DXR15-_1_000007;FAUX;FAUX;
DXR15-;"Enceinte bi-amplifiée 15"" 1100 W•YAMAHA";YAMAHA;;FAUX;FAUX;
DXR8-;"Enceinte bi-amplifiée 8"" 1100 W•YAMAHA";YAMAHA;EETMO1119;FAUX;FAUX;
DXR8-;"Enceinte bi-amplifiée 8"" 1100 W•YAMAHA";YAMAHA;EETMO1120;FAUX;FAUX;
DXR8-;"Enceinte bi-amplifiée 8"" 1100 W•YAMAHA";YAMAHA;EETMO1125;FAUX;FAUX;
DXR8-;"Enceinte bi-amplifiée 8"" 1100 W•YAMAHA";YAMAHA;EETMO1128;FAUX;FAUX;
115XTHIQ-115HIQ-;Enceinte coaxiale 2 voies L-ACOUSTICS;L-ACOUSTICS;6500;FAUX;FAUX;
115XTHIQ-115HIQ-;Enceinte coaxiale 2 voies L-ACOUSTICS;L-ACOUSTICS;6501;FAUX;FAUX;
115XTHIQ-115HIQ-;Enceinte coaxiale 2 voies L-ACOUSTICS;L-ACOUSTICS;6499;FAUX;FAUX;
115XTHIQ-115HIQ-;Enceinte coaxiale 2 voies L-ACOUSTICS;L-ACOUSTICS;6498;FAUX;FAUX;
115XTHIQ-115HIQ-;Enceinte coaxiale 2 voies L-ACOUSTICS;L-ACOUSTICS;6504;FAUX;FAUX;
115XTHIQ-115HIQ-;Enceinte coaxiale 2 voies L-ACOUSTICS;L-ACOUSTICS;6505;FAUX;FAUX;
115XTHIQ-115HIQ-;Enceinte coaxiale 2 voies L-ACOUSTICS;L-ACOUSTICS;6503;FAUX;FAUX;
115XTHIQ-115HIQ-;Enceinte coaxiale 2 voies L-ACOUSTICS;L-ACOUSTICS;6502;FAUX;FAUX;
115XTHIQ-115HIQ-;Enceinte coaxiale 2 voies L-ACOUSTICS;L-ACOUSTICS;6515;FAUX;FAUX;
115XTHIQ-115HIQ-;Enceinte coaxiale 2 voies L-ACOUSTICS;L-ACOUSTICS;6514;FAUX;FAUX;
115XTHIQ-115HIQ-;Enceinte coaxiale 2 voies L-ACOUSTICS;L-ACOUSTICS;6517;FAUX;FAUX;
115XTHIQ-115HIQ-;Enceinte coaxiale 2 voies L-ACOUSTICS;L-ACOUSTICS;6516;FAUX;FAUX;
115XTHIQ-115HIQ-;Enceinte coaxiale 2 voies L-ACOUSTICS;L-ACOUSTICS;4614;FAUX;FAUX;
115XTHIQ-115HIQ-;Enceinte coaxiale 2 voies L-ACOUSTICS;L-ACOUSTICS;4610;FAUX;FAUX;
115XTHIQ-115HIQ-;Enceinte coaxiale 2 voies L-ACOUSTICS;L-ACOUSTICS;4579;FAUX;FAUX;
115XTHIQ-115HIQ-;Enceinte coaxiale 2 voies L-ACOUSTICS;L-ACOUSTICS;5172;FAUX;FAUX;
115XTHIQ-115HIQ-;Enceinte coaxiale 2 voies L-ACOUSTICS;L-ACOUSTICS;5176;FAUX;FAUX;
115XTHIQ-115HIQ-;Enceinte coaxiale 2 voies L-ACOUSTICS;L-ACOUSTICS;4602;FAUX;FAUX;
115XTHIQ-115HIQ-;Enceinte coaxiale 2 voies L-ACOUSTICS;L-ACOUSTICS;5175;FAUX;FAUX;
115XTHIQ-115HIQ-;Enceinte coaxiale 2 voies L-ACOUSTICS;L-ACOUSTICS;4611;FAUX;FAUX;
115XTHIQ-115HIQ-;Enceinte coaxiale 2 voies L-ACOUSTICS;L-ACOUSTICS;4612;FAUX;FAUX;
115XTHIQ-115HIQ-;Enceinte coaxiale 2 voies L-ACOUSTICS;L-ACOUSTICS;4580;FAUX;FAUX;
115XTHIQ-115HIQ-;Enceinte coaxiale 2 voies L-ACOUSTICS;L-ACOUSTICS;5179;FAUX;FAUX;
115XTHIQ-115HIQ-;Enceinte coaxiale 2 voies L-ACOUSTICS;L-ACOUSTICS;5173;FAUX;FAUX;
115XTHIQ-115HIQ-;Enceinte coaxiale 2 voies L-ACOUSTICS;L-ACOUSTICS;4604;FAUX;FAUX;
115XTHIQ-115HIQ-;Enceinte coaxiale 2 voies L-ACOUSTICS;L-ACOUSTICS;5178;FAUX;FAUX;
115XTHIQ-115HIQ-;Enceinte coaxiale 2 voies L-ACOUSTICS;L-ACOUSTICS;4605;FAUX;FAUX;
115XTHIQ-115HIQ-;Enceinte coaxiale 2 voies L-ACOUSTICS;L-ACOUSTICS;4607;FAUX;FAUX;
115XTHIQ-115HIQ-;Enceinte coaxiale 2 voies L-ACOUSTICS;L-ACOUSTICS;5174;FAUX;FAUX;
115XTHIQ-115HIQ-;Enceinte coaxiale 2 voies L-ACOUSTICS;L-ACOUSTICS;4625;FAUX;FAUX;
115XTHIQ-115HIQ-;Enceinte coaxiale 2 voies L-ACOUSTICS;L-ACOUSTICS;4601;FAUX;FAUX;
115XTHIQ-115HIQ-;Enceinte coaxiale 2 voies L-ACOUSTICS;L-ACOUSTICS;4608;FAUX;FAUX;
115XTHIQ-115HIQ-;Enceinte coaxiale 2 voies L-ACOUSTICS;L-ACOUSTICS;4606;FAUX;FAUX;
115XTHIQ-115HIQ-;Enceinte coaxiale 2 voies L-ACOUSTICS;L-ACOUSTICS;5177;FAUX;FAUX;
X15 HIQ-;"Enceinte coaxiale active 2 voies 15"" • L'ACOUSTICS";L-ACOUSTICS;X15 HIQ-_1_000052;FAUX;FAUX;
X15 HIQ-;"Enceinte coaxiale active 2 voies 15"" • L'ACOUSTICS";L-ACOUSTICS;X15 HIQ-_1_000051;FAUX;FAUX;
X15 HIQ-;"Enceinte coaxiale active 2 voies 15"" • L'ACOUSTICS";L-ACOUSTICS;X15 HIQ-_1_000050;FAUX;FAUX;
X15 HIQ-;"Enceinte coaxiale active 2 voies 15"" • L'ACOUSTICS";L-ACOUSTICS;X15 HIQ-_1_000049;FAUX;FAUX;
X15 HIQ-;"Enceinte coaxiale active 2 voies 15"" • L'ACOUSTICS";L-ACOUSTICS;X15 HIQ-_1_000048;FAUX;FAUX;
X15 HIQ-;"Enceinte coaxiale active 2 voies 15"" • L'ACOUSTICS";L-ACOUSTICS;X15 HIQ-_1_000047;FAUX;FAUX;
X15 HIQ-;"Enceinte coaxiale active 2 voies 15"" • L'ACOUSTICS";L-ACOUSTICS;X15 HIQ-_1_000046;FAUX;FAUX;
X15 HIQ-;"Enceinte coaxiale active 2 voies 15"" • L'ACOUSTICS";L-ACOUSTICS;X15 HIQ-_1_000045;FAUX;FAUX;
X15 HIQ-;"Enceinte coaxiale active 2 voies 15"" • L'ACOUSTICS";L-ACOUSTICS;X15 HIQ-_1_000044;FAUX;FAUX;
X15 HIQ-;"Enceinte coaxiale active 2 voies 15"" • L'ACOUSTICS";L-ACOUSTICS;X15 HIQ-_1_000043;FAUX;FAUX;
X15 HIQ-;"Enceinte coaxiale active 2 voies 15"" • L'ACOUSTICS";L-ACOUSTICS;X15 HIQ-_1_000042;FAUX;FAUX;
X15 HIQ-;"Enceinte coaxiale active 2 voies 15"" • L'ACOUSTICS";L-ACOUSTICS;X15 HIQ-_1_000041;FAUX;FAUX;
X15 HIQ-;"Enceinte coaxiale active 2 voies 15"" • L'ACOUSTICS";L-ACOUSTICS;X15 HIQ-_1_000040;FAUX;FAUX;
X15 HIQ-;"Enceinte coaxiale active 2 voies 15"" • L'ACOUSTICS";L-ACOUSTICS;X15 HIQ-_1_000039;FAUX;FAUX;
X15 HIQ-;"Enceinte coaxiale active 2 voies 15"" • L'ACOUSTICS";L-ACOUSTICS;X15 HIQ-_1_000038;FAUX;FAUX;
X15 HIQ-;"Enceinte coaxiale active 2 voies 15"" • L'ACOUSTICS";L-ACOUSTICS;X15 HIQ-_1_000037;FAUX;FAUX;
X15 HIQ-;"Enceinte coaxiale active 2 voies 15"" • L'ACOUSTICS";L-ACOUSTICS;X15 HIQ-_1_000036;FAUX;FAUX;
X15 HIQ-;"Enceinte coaxiale active 2 voies 15"" • L'ACOUSTICS";L-ACOUSTICS;X15 HIQ-_1_000035;FAUX;FAUX;
X15 HIQ-;"Enceinte coaxiale active 2 voies 15"" • L'ACOUSTICS";L-ACOUSTICS;X15 HIQ-_1_000034;FAUX;FAUX;
X15 HIQ-;"Enceinte coaxiale active 2 voies 15"" • L'ACOUSTICS";L-ACOUSTICS;X15 HIQ-_1_000033;FAUX;FAUX;
X15 HIQ-;"Enceinte coaxiale active 2 voies 15"" • L'ACOUSTICS";L-ACOUSTICS;X15 HIQ-_1_000032;FAUX;FAUX;
X15 HIQ-;"Enceinte coaxiale active 2 voies 15"" • L'ACOUSTICS";L-ACOUSTICS;X15 HIQ-_1_000031;FAUX;FAUX;
X15 HIQ-;"Enceinte coaxiale active 2 voies 15"" • L'ACOUSTICS";L-ACOUSTICS;X15 HIQ-_1_000030;FAUX;FAUX;
X15 HIQ-;"Enceinte coaxiale active 2 voies 15"" • L'ACOUSTICS";L-ACOUSTICS;X15 HIQ-_1_000029;FAUX;FAUX;
X15 HIQ-;"Enceinte coaxiale active 2 voies 15"" • L'ACOUSTICS";L-ACOUSTICS;X15 HIQ-_1_000028;FAUX;FAUX;
X15 HIQ-;"Enceinte coaxiale active 2 voies 15"" • L'ACOUSTICS";L-ACOUSTICS;X15 HIQ-_1_000027;FAUX;FAUX;
X15 HIQ-;"Enceinte coaxiale active 2 voies 15"" • L'ACOUSTICS";L-ACOUSTICS;X15 HIQ-_1_000026;FAUX;FAUX;
X15 HIQ-;"Enceinte coaxiale active 2 voies 15"" • L'ACOUSTICS";L-ACOUSTICS;X15 HIQ-_1_000025;FAUX;FAUX;
X15 HIQ-;"Enceinte coaxiale active 2 voies 15"" • L'ACOUSTICS";L-ACOUSTICS;X15 HIQ-_1_000024;FAUX;FAUX;
X15 HIQ-;"Enceinte coaxiale active 2 voies 15"" • L'ACOUSTICS";L-ACOUSTICS;X15 HIQ-_1_000023;FAUX;FAUX;
X15 HIQ-;"Enceinte coaxiale active 2 voies 15"" • L'ACOUSTICS";L-ACOUSTICS;X15 HIQ-_1_000022;FAUX;FAUX;
X15 HIQ-;"Enceinte coaxiale active 2 voies 15"" • L'ACOUSTICS";L-ACOUSTICS;X15 HIQ-_1_000021;FAUX;FAUX;
X15 HIQ-;"Enceinte coaxiale active 2 voies 15"" • L'ACOUSTICS";L-ACOUSTICS;X15 HIQ-_1_000020;FAUX;FAUX;
X15 HIQ-;"Enceinte coaxiale active 2 voies 15"" • L'ACOUSTICS";L-ACOUSTICS;X15 HIQ-_1_000019;FAUX;FAUX;
X15 HIQ-;"Enceinte coaxiale active 2 voies 15"" • L'ACOUSTICS";L-ACOUSTICS;X15 HIQ-_1_000018;FAUX;FAUX;
X15 HIQ-;"Enceinte coaxiale active 2 voies 15"" • L'ACOUSTICS";L-ACOUSTICS;X15 HIQ-_1_000017;FAUX;FAUX;
X15 HIQ-;"Enceinte coaxiale active 2 voies 15"" • L'ACOUSTICS";L-ACOUSTICS;X15 HIQ-_1_000016;FAUX;FAUX;
X15 HIQ-;"Enceinte coaxiale active 2 voies 15"" • L'ACOUSTICS";L-ACOUSTICS;X15 HIQ-_1_000015;FAUX;FAUX;
X15 HIQ-;"Enceinte coaxiale active 2 voies 15"" • L'ACOUSTICS";L-ACOUSTICS;120006231;FAUX;FAUX;
X15 HIQ-;"Enceinte coaxiale active 2 voies 15"" • L'ACOUSTICS";L-ACOUSTICS;1200006228;FAUX;FAUX;
X15 HIQ-;"Enceinte coaxiale active 2 voies 15"" • L'ACOUSTICS";L-ACOUSTICS;1200211484;FAUX;FAUX;
X15 HIQ-;"Enceinte coaxiale active 2 voies 15"" • L'ACOUSTICS";L-ACOUSTICS;1200211488;FAUX;FAUX;
X15 HIQ-;"Enceinte coaxiale active 2 voies 15"" • L'ACOUSTICS";L-ACOUSTICS;1200211479;FAUX;FAUX;
X15 HIQ-;"Enceinte coaxiale active 2 voies 15"" • L'ACOUSTICS";L-ACOUSTICS;1200211483;FAUX;FAUX;
X15 HIQ-;"Enceinte coaxiale active 2 voies 15"" • L'ACOUSTICS";L-ACOUSTICS;1200211480;FAUX;FAUX;
X15 HIQ-;"Enceinte coaxiale active 2 voies 15"" • L'ACOUSTICS";L-ACOUSTICS;1200211482;FAUX;FAUX;
X15 HIQ-;"Enceinte coaxiale active 2 voies 15"" • L'ACOUSTICS";L-ACOUSTICS;1200211601;FAUX;FAUX;
X15 HIQ-;"Enceinte coaxiale active 2 voies 15"" • L'ACOUSTICS";L-ACOUSTICS;1200211598;FAUX;FAUX;
X15 HIQ-;"Enceinte coaxiale active 2 voies 15"" • L'ACOUSTICS";L-ACOUSTICS;1200211608;FAUX;FAUX;
X15 HIQ-;"Enceinte coaxiale active 2 voies 15"" • L'ACOUSTICS";L-ACOUSTICS;1200211599;FAUX;FAUX;
X15 HIQ-;"Enceinte coaxiale active 2 voies 15"" • L'ACOUSTICS";L-ACOUSTICS;1200211600;FAUX;FAUX;
X15 HIQ-;"Enceinte coaxiale active 2 voies 15"" • L'ACOUSTICS";L-ACOUSTICS;1200211611;FAUX;FAUX;
X12-;"Enceinte coaxiale passive 2 voies 12""  • L'ACOUSTICS";L-ACOUSTICS;1190017379;FAUX;FAUX;
X12-;"Enceinte coaxiale passive 2 voies 12""  • L'ACOUSTICS";L-ACOUSTICS;1190017382;FAUX;FAUX;
X12-;"Enceinte coaxiale passive 2 voies 12""  • L'ACOUSTICS";L-ACOUSTICS;1190017428;FAUX;FAUX;
X12-;"Enceinte coaxiale passive 2 voies 12""  • L'ACOUSTICS";L-ACOUSTICS;1190017465;FAUX;FAUX;
X12-;"Enceinte coaxiale passive 2 voies 12""  • L'ACOUSTICS";L-ACOUSTICS;1190017477;FAUX;FAUX;
X12-;"Enceinte coaxiale passive 2 voies 12""  • L'ACOUSTICS";L-ACOUSTICS;1190017480;FAUX;FAUX;
X12-;"Enceinte coaxiale passive 2 voies 12""  • L'ACOUSTICS";L-ACOUSTICS;1190017481;FAUX;FAUX;
X12-;"Enceinte coaxiale passive 2 voies 12""  • L'ACOUSTICS";L-ACOUSTICS;1190017482;FAUX;FAUX;
X12-;"Enceinte coaxiale passive 2 voies 12""  • L'ACOUSTICS";L-ACOUSTICS;1190017483;FAUX;FAUX;
X12-;"Enceinte coaxiale passive 2 voies 12""  • L'ACOUSTICS";L-ACOUSTICS;1190017485;FAUX;FAUX;
X12-;"Enceinte coaxiale passive 2 voies 12""  • L'ACOUSTICS";L-ACOUSTICS;1190017491l;FAUX;FAUX;
X12-;"Enceinte coaxiale passive 2 voies 12""  • L'ACOUSTICS";L-ACOUSTICS;1190017513;FAUX;FAUX;
X12-;"Enceinte coaxiale passive 2 voies 12""  • L'ACOUSTICS";L-ACOUSTICS;1190027918;FAUX;FAUX;
X12-;"Enceinte coaxiale passive 2 voies 12""  • L'ACOUSTICS";L-ACOUSTICS;1190027763;FAUX;FAUX;
X12-;"Enceinte coaxiale passive 2 voies 12""  • L'ACOUSTICS";L-ACOUSTICS;1190027759;FAUX;FAUX;
X12-;"Enceinte coaxiale passive 2 voies 12""  • L'ACOUSTICS";L-ACOUSTICS;1190027896;FAUX;FAUX;
X12-;"Enceinte coaxiale passive 2 voies 12""  • L'ACOUSTICS";L-ACOUSTICS;1190027904;FAUX;FAUX;
X12-;"Enceinte coaxiale passive 2 voies 12""  • L'ACOUSTICS";L-ACOUSTICS;1190027903;FAUX;FAUX;
X12-;"Enceinte coaxiale passive 2 voies 12""  • L'ACOUSTICS";L-ACOUSTICS;1190027926;FAUX;FAUX;
X12-;"Enceinte coaxiale passive 2 voies 12""  • L'ACOUSTICS";L-ACOUSTICS;1190027902;FAUX;FAUX;
X12-;"Enceinte coaxiale passive 2 voies 12""  • L'ACOUSTICS";L-ACOUSTICS;1190027868;FAUX;FAUX;
X12-;"Enceinte coaxiale passive 2 voies 12""  • L'ACOUSTICS";L-ACOUSTICS;1190027742;FAUX;FAUX;
X12-;"Enceinte coaxiale passive 2 voies 12""  • L'ACOUSTICS";L-ACOUSTICS;1190027741;FAUX;FAUX;
X12-;"Enceinte coaxiale passive 2 voies 12""  • L'ACOUSTICS";L-ACOUSTICS;1190027785;FAUX;FAUX;
X8-;"Enceinte coaxiale passive 2 voies 8"" • L'ACOUSTICS";YAMAHA;1260028433;FAUX;FAUX;
X8-;"Enceinte coaxiale passive 2 voies 8"" • L'ACOUSTICS";YAMAHA;1260028465;FAUX;FAUX;
X8-;"Enceinte coaxiale passive 2 voies 8"" • L'ACOUSTICS";YAMAHA;1260028466;FAUX;FAUX;
X8-;"Enceinte coaxiale passive 2 voies 8"" • L'ACOUSTICS";YAMAHA;1260028467;FAUX;FAUX;
X8-;"Enceinte coaxiale passive 2 voies 8"" • L'ACOUSTICS";YAMAHA;1260028468;FAUX;FAUX;
X8-;"Enceinte coaxiale passive 2 voies 8"" • L'ACOUSTICS";YAMAHA;1260028469;FAUX;FAUX;
X8-;"Enceinte coaxiale passive 2 voies 8"" • L'ACOUSTICS";YAMAHA;1260028476;FAUX;FAUX;
X8-;"Enceinte coaxiale passive 2 voies 8"" • L'ACOUSTICS";YAMAHA;1260028477;FAUX;FAUX;
X8-;"Enceinte coaxiale passive 2 voies 8"" • L'ACOUSTICS";YAMAHA;1260028478;FAUX;FAUX;
X8-;"Enceinte coaxiale passive 2 voies 8"" • L'ACOUSTICS";YAMAHA;1260028455;FAUX;FAUX;
X8-;"Enceinte coaxiale passive 2 voies 8"" • L'ACOUSTICS";YAMAHA;1260028460;FAUX;FAUX;
X8-;"Enceinte coaxiale passive 2 voies 8"" • L'ACOUSTICS";YAMAHA;1260028463;FAUX;FAUX;
8XT-;"Enceinte coaxiale passive 2 voies 8"" • L'ACOUSTICS";;5542;FAUX;FAUX;
8XT-;"Enceinte coaxiale passive 2 voies 8"" • L'ACOUSTICS";;5544;FAUX;FAUX;
8XT-;"Enceinte coaxiale passive 2 voies 8"" • L'ACOUSTICS";;4850;FAUX;FAUX;
8XT-;"Enceinte coaxiale passive 2 voies 8"" • L'ACOUSTICS";;4799;FAUX;FAUX;
8XT-;"Enceinte coaxiale passive 2 voies 8"" • L'ACOUSTICS";;7994;FAUX;FAUX;
8XT-;"Enceinte coaxiale passive 2 voies 8"" • L'ACOUSTICS";;5601;FAUX;FAUX;
8XT-;"Enceinte coaxiale passive 2 voies 8"" • L'ACOUSTICS";;4851;FAUX;FAUX;
8XT-;"Enceinte coaxiale passive 2 voies 8"" • L'ACOUSTICS";;5603;FAUX;FAUX;
8XT-;"Enceinte coaxiale passive 2 voies 8"" • L'ACOUSTICS";;8XT-_1_000009;FAUX;FAUX;
8XT-;"Enceinte coaxiale passive 2 voies 8"" • L'ACOUSTICS";;8XT-_1_000010;FAUX;FAUX;
8XT-;"Enceinte coaxiale passive 2 voies 8"" • L'ACOUSTICS";;8XT-_1_000011;FAUX;FAUX;
8XT-;"Enceinte coaxiale passive 2 voies 8"" • L'ACOUSTICS";;8XT-_1_000012;FAUX;FAUX;
8XT-;"Enceinte coaxiale passive 2 voies 8"" • L'ACOUSTICS";;8XT-_1_000013;FAUX;FAUX;
8XT-;"Enceinte coaxiale passive 2 voies 8"" • L'ACOUSTICS";;8XT-_1_000014;FAUX;FAUX;
8XT-;"Enceinte coaxiale passive 2 voies 8"" • L'ACOUSTICS";;8XT-_1_000015;FAUX;FAUX;
8XT-;"Enceinte coaxiale passive 2 voies 8"" • L'ACOUSTICS";;8XT-_1_000016;FAUX;FAUX;
KIVA-;Enceinte passive 2voies L-ACOUSTICS;L-ACOUSTICS;6294;FAUX;FAUX;
KIVA-;Enceinte passive 2voies L-ACOUSTICS;L-ACOUSTICS;6295;FAUX;FAUX;
KIVA-;Enceinte passive 2voies L-ACOUSTICS;L-ACOUSTICS;6292;FAUX;FAUX;
KIVA-;Enceinte passive 2voies L-ACOUSTICS;L-ACOUSTICS;11138;FAUX;FAUX;
KIVA-;Enceinte passive 2voies L-ACOUSTICS;L-ACOUSTICS;11133;FAUX;FAUX;
KIVA-;Enceinte passive 2voies L-ACOUSTICS;L-ACOUSTICS;11136;FAUX;FAUX;
KIVA-;Enceinte passive 2voies L-ACOUSTICS;L-ACOUSTICS;11135;FAUX;FAUX;
KIVA-;Enceinte passive 2voies L-ACOUSTICS;L-ACOUSTICS;11131;FAUX;FAUX;
KIVA-;Enceinte passive 2voies L-ACOUSTICS;L-ACOUSTICS;11132;FAUX;FAUX;
KIVA-;Enceinte passive 2voies L-ACOUSTICS;L-ACOUSTICS;11134;FAUX;FAUX;
KIVA-;Enceinte passive 2voies L-ACOUSTICS;L-ACOUSTICS;11137;FAUX;FAUX;
KIVA-;Enceinte passive 2voies L-ACOUSTICS;L-ACOUSTICS;6291;FAUX;FAUX;
KIVA-;Enceinte passive 2voies L-ACOUSTICS;L-ACOUSTICS;6293;FAUX;FAUX;
KIVA-;Enceinte passive 2voies L-ACOUSTICS;L-ACOUSTICS;6296;FAUX;FAUX;
KIVA-;Enceinte passive 2voies L-ACOUSTICS;L-ACOUSTICS;6289;FAUX;FAUX;
KIVA-;Enceinte passive 2voies L-ACOUSTICS;L-ACOUSTICS;6290;FAUX;FAUX;
DVSUB;"Enceinte renfort de graves, HP 3 X 15""";;2093;FAUX;FAUX;
DVSUB;"Enceinte renfort de graves, HP 3 X 15""";;2070;FAUX;FAUX;
DVSUB;"Enceinte renfort de graves, HP 3 X 15""";;2094;FAUX;FAUX;
DVSUB;"Enceinte renfort de graves, HP 3 X 15""";;2095;FAUX;FAUX;
DVSUB;"Enceinte renfort de graves, HP 3 X 15""";;2091;FAUX;FAUX;
DVSUB;"Enceinte renfort de graves, HP 3 X 15""";;2090;FAUX;FAUX;
DVSUB;"Enceinte renfort de graves, HP 3 X 15""";;2089;FAUX;FAUX;
DVSUB;"Enceinte renfort de graves, HP 3 X 15""";;2092;FAUX;FAUX;
KARA-;Enceinte WST Modulaire 2 voies • L'ACOUSTICS;L-ACOUSTICS;2190022635;FAUX;FAUX;
KARA-;Enceinte WST Modulaire 2 voies • L'ACOUSTICS;L-ACOUSTICS;2190022630;FAUX;FAUX;
KARA-;Enceinte WST Modulaire 2 voies • L'ACOUSTICS;L-ACOUSTICS;2190022623;FAUX;FAUX;
KARA-;Enceinte WST Modulaire 2 voies • L'ACOUSTICS;L-ACOUSTICS;2190022614;FAUX;FAUX;
KARA-;Enceinte WST Modulaire 2 voies • L'ACOUSTICS;L-ACOUSTICS;2190022634;FAUX;FAUX;
KARA-;Enceinte WST Modulaire 2 voies • L'ACOUSTICS;L-ACOUSTICS;2190022595;FAUX;FAUX;
KARA-;Enceinte WST Modulaire 2 voies • L'ACOUSTICS;L-ACOUSTICS;2190022434;FAUX;FAUX;
KARA-;Enceinte WST Modulaire 2 voies • L'ACOUSTICS;L-ACOUSTICS;2190022280;FAUX;FAUX;
KARA-;Enceinte WST Modulaire 2 voies • L'ACOUSTICS;L-ACOUSTICS;2190022283;FAUX;FAUX;
KARA-;Enceinte WST Modulaire 2 voies • L'ACOUSTICS;L-ACOUSTICS;2190022287;FAUX;FAUX;
KARA-;Enceinte WST Modulaire 2 voies • L'ACOUSTICS;L-ACOUSTICS;2190022285;FAUX;FAUX;
KARA-;Enceinte WST Modulaire 2 voies • L'ACOUSTICS;L-ACOUSTICS;2190022417;FAUX;FAUX;
KARA-;Enceinte WST Modulaire 2 voies • L'ACOUSTICS;L-ACOUSTICS;2190022420;FAUX;FAUX;
KARA-;Enceinte WST Modulaire 2 voies • L'ACOUSTICS;L-ACOUSTICS;2190022421;FAUX;FAUX;
KARA-;Enceinte WST Modulaire 2 voies • L'ACOUSTICS;L-ACOUSTICS;2190022422;FAUX;FAUX;
KARA-;Enceinte WST Modulaire 2 voies • L'ACOUSTICS;L-ACOUSTICS;2190022404;FAUX;FAUX;
KARA-;Enceinte WST Modulaire 2 voies • L'ACOUSTICS;L-ACOUSTICS;2190022426;FAUX;FAUX;
KARA-;Enceinte WST Modulaire 2 voies • L'ACOUSTICS;L-ACOUSTICS;2190022423;FAUX;FAUX;
KARA-;Enceinte WST Modulaire 2 voies • L'ACOUSTICS;L-ACOUSTICS;2190022332;FAUX;FAUX;
KARA-;Enceinte WST Modulaire 2 voies • L'ACOUSTICS;L-ACOUSTICS;2190022302;FAUX;FAUX;
KARA-;Enceinte WST Modulaire 2 voies • L'ACOUSTICS;L-ACOUSTICS;2190022300;FAUX;FAUX;
KARA-;Enceinte WST Modulaire 2 voies • L'ACOUSTICS;L-ACOUSTICS;2190022392;FAUX;FAUX;
KARA-;Enceinte WST Modulaire 2 voies • L'ACOUSTICS;L-ACOUSTICS;2190022331;FAUX;FAUX;
KARA-;Enceinte WST Modulaire 2 voies • L'ACOUSTICS;L-ACOUSTICS;2190022391;FAUX;FAUX;
KARA-;Enceinte WST Modulaire 2 voies • L'ACOUSTICS;L-ACOUSTICS;77011775;FAUX;FAUX;
KARA-;Enceinte WST Modulaire 2 voies • L'ACOUSTICS;L-ACOUSTICS;77011774;FAUX;FAUX;
KARA-;Enceinte WST Modulaire 2 voies • L'ACOUSTICS;L-ACOUSTICS;9029;FAUX;FAUX;
KARA-;Enceinte WST Modulaire 2 voies • L'ACOUSTICS;L-ACOUSTICS;9018;FAUX;FAUX;
KARA-;Enceinte WST Modulaire 2 voies L-ACOUSTICS;L-ACOUSTICS;8954;FAUX;FAUX;
KARA-;Enceinte WST Modulaire 2 voies L-ACOUSTICS;L-ACOUSTICS;8976;FAUX;FAUX;
KARA-;Enceinte WST Modulaire 2 voies L-ACOUSTICS;L-ACOUSTICS;9027;FAUX;FAUX;
KARA-;Enceinte WST Modulaire 2 voies L-ACOUSTICS;L-ACOUSTICS;9036;FAUX;FAUX;
KARA-;Enceinte WST Modulaire 2 voies L-ACOUSTICS;L-ACOUSTICS;9037;FAUX;FAUX;
KARA-;Enceinte WST Modulaire 2 voies L-ACOUSTICS;L-ACOUSTICS;9042;FAUX;FAUX;
KARA-;Enceinte WST Modulaire 2 voies L-ACOUSTICS;L-ACOUSTICS;9070;FAUX;FAUX;
KARA-;Enceinte WST Modulaire 2 voies L-ACOUSTICS;L-ACOUSTICS;9077;FAUX;FAUX;
KARA-;Enceinte WST Modulaire 2 voies L-ACOUSTICS;L-ACOUSTICS;9053;FAUX;FAUX;
KARA-;Enceinte WST Modulaire 2 voies L-ACOUSTICS;L-ACOUSTICS;9061;FAUX;FAUX;
KARA-;Enceinte WST Modulaire 2 voies L-ACOUSTICS;L-ACOUSTICS;9066;FAUX;FAUX;
KARA-;Enceinte WST Modulaire 2 voies L-ACOUSTICS;L-ACOUSTICS;9078;FAUX;FAUX;
KARA-;Enceinte WST Modulaire 2 voies L-ACOUSTICS;L-ACOUSTICS;9079;FAUX;FAUX;
KARA-;Enceinte WST Modulaire 2 voies L-ACOUSTICS;L-ACOUSTICS;9081;FAUX;FAUX;
KARA-;Enceinte WST Modulaire 2 voies L-ACOUSTICS;L-ACOUSTICS;9091;FAUX;FAUX;
KARA-;Enceinte WST Modulaire 2 voies L-ACOUSTICS;L-ACOUSTICS;9092;FAUX;FAUX;
KARA-;Enceinte WST Modulaire 2 voies L-ACOUSTICS;L-ACOUSTICS;9093;FAUX;FAUX;
KARA-;Enceinte WST Modulaire 2 voies L-ACOUSTICS;L-ACOUSTICS;9094;FAUX;FAUX;
KARA-;Enceinte WST Modulaire 2 voies L-ACOUSTICS;L-ACOUSTICS;9095;FAUX;FAUX;
KARA-;Enceinte WST Modulaire 2 voies L-ACOUSTICS;L-ACOUSTICS;9096;FAUX;FAUX;
KARA-;Enceinte WST Modulaire 2 voies L-ACOUSTICS;L-ACOUSTICS;9097;FAUX;FAUX;
KARA-;Enceinte WST Modulaire 2 voies L-ACOUSTICS;L-ACOUSTICS;11747;FAUX;FAUX;
KARA-;Enceinte WST Modulaire 2 voies L-ACOUSTICS;L-ACOUSTICS;11748;FAUX;FAUX;
KARA-;Enceinte WST Modulaire 2 voies L-ACOUSTICS;L-ACOUSTICS;11779;FAUX;FAUX;
KARA-;Enceinte WST Modulaire 2 voies L-ACOUSTICS;L-ACOUSTICS;11778;FAUX;FAUX;
KARA-;Enceinte WST Modulaire 2 voies L-ACOUSTICS;L-ACOUSTICS;11776;FAUX;FAUX;
KARA-;Enceinte WST Modulaire 2 voies L-ACOUSTICS;L-ACOUSTICS;11777;FAUX;FAUX;
KARA-;Enceinte WST Modulaire 2 voies L-ACOUSTICS;L-ACOUSTICS;11744;FAUX;FAUX;
KARA-;Enceinte WST Modulaire 2 voies L-ACOUSTICS;L-ACOUSTICS;11743;FAUX;FAUX;
KARA-;Enceinte WST Modulaire 2 voies L-ACOUSTICS;L-ACOUSTICS;11745;FAUX;FAUX;
KARA-;Enceinte WST Modulaire 2 voies L-ACOUSTICS;L-ACOUSTICS;11746;FAUX;FAUX;
KARA-;Enceinte WST Modulaire 2 voies L-ACOUSTICS;L-ACOUSTICS;77015725;FAUX;FAUX;
KARA-;Enceinte WST Modulaire 2 voies L-ACOUSTICS;L-ACOUSTICS;77015736;FAUX;FAUX;
KARA-;Enceinte WST Modulaire 2 voies L-ACOUSTICS;L-ACOUSTICS;77015758;FAUX;FAUX;
KARA-;Enceinte WST Modulaire 2 voies L-ACOUSTICS;L-ACOUSTICS;77015759;FAUX;FAUX;
KARA-;Enceinte WST Modulaire 2 voies L-ACOUSTICS;L-ACOUSTICS;77015760;FAUX;FAUX;
KARA-;Enceinte WST Modulaire 2 voies L-ACOUSTICS;L-ACOUSTICS;77015761;FAUX;FAUX;
KARA-;Enceinte WST Modulaire 2 voies L-ACOUSTICS;L-ACOUSTICS;77015762;FAUX;FAUX;
KARA-;Enceinte WST Modulaire 2 voies L-ACOUSTICS;L-ACOUSTICS;77015763;FAUX;FAUX;
KARA-;Enceinte WST Modulaire 2 voies L-ACOUSTICS;L-ACOUSTICS;77015764;FAUX;FAUX;
KARA-;Enceinte WST Modulaire 2 voies L-ACOUSTICS;L-ACOUSTICS;77015765;FAUX;FAUX;
KARA-;Enceinte WST Modulaire 2 voies L-ACOUSTICS;L-ACOUSTICS;77015766;FAUX;FAUX;
KARA-;Enceinte WST Modulaire 2 voies L-ACOUSTICS;L-ACOUSTICS;77015768;FAUX;FAUX;
KARA-;Enceinte WST Modulaire 2 voies L-ACOUSTICS;L-ACOUSTICS;9089;FAUX;FAUX;
EQBSS;Eq 2x31 bandes;BSS;51579;FAUX;FAUX;
FSE LA KARA.3;Flight case pour 3 enceintes KARA/KARA II;;EMAG-00801;FAUX;FAUX;
FSE LA KARA.3;Flight case pour 3 enceintes KARA/KARA II;;EMAG-02802;FAUX;FAUX;
FSE LA KARA.3;Flight case pour 3 enceintes KARA/KARA II;;EMAG-02803;FAUX;FAUX;
FSE LA KARA.3;Flight case pour 3 enceintes KARA/KARA II;;EMAG-02804;FAUX;FAUX;
FSE LA KARA.3;Flight case pour 3 enceintes KARA/KARA II;;EMAG-02805;FAUX;FAUX;
FSE LA KARA.3;Flight case pour 3 enceintes KARA/KARA II;;EMAG-02806;FAUX;FAUX;
FSE LA KARA.3;Flight case pour 3 enceintes KARA/KARA II;;EMAG-02807;FAUX;FAUX;
FSE LA KARA.3;Flight case pour 3 enceintes KARA/KARA II;;EMAG-02808;FAUX;FAUX;
FLOODLITE;FLOODLITE HD BLINDER 1 RGBW 200W•STARWAY;STARWAY;250331576001225;FAUX;FAUX;
FLOODLITE;FLOODLITE HD BLINDER 1 RGBW 200W•STARWAY;STARWAY;250331576001267;FAUX;FAUX;
FLOODLITE;FLOODLITE HD BLINDER 1 RGBW 200W•STARWAY;STARWAY;250331576001268;FAUX;FAUX;
FLOODLITE;FLOODLITE HD BLINDER 1 RGBW 200W•STARWAY;STARWAY;250331576001281;FAUX;FAUX;
FLOODLITE;FLOODLITE HD BLINDER 1 RGBW 200W•STARWAY;STARWAY;250331576001282;FAUX;FAUX;
FLOODLITE;FLOODLITE HD BLINDER 1 RGBW 200W•STARWAY;STARWAY;250331576001287;FAUX;FAUX;
FLOODLITE;FLOODLITE HD BLINDER 1 RGBW 200W•STARWAY;STARWAY;250331576001288;FAUX;FAUX;
FLOODLITE;FLOODLITE HD BLINDER 1 RGBW 200W•STARWAY;STARWAY;250331576001295;FAUX;FAUX;
FLOODLITE;FLOODLITE HD BLINDER 1 RGBW 200W•STARWAY;STARWAY;250331576001296;FAUX;FAUX;
FLOODLITE;FLOODLITE HD BLINDER 1 RGBW 200W•STARWAY;STARWAY;250331576001226;FAUX;FAUX;
FLOODLITE;FLOODLITE HD BLINDER 1 RGBW 200W•STARWAY;STARWAY;250331576001249;FAUX;FAUX;
FLOODLITE;FLOODLITE HD BLINDER 1 RGBW 200W•STARWAY;STARWAY;250331576001250;FAUX;FAUX;
FLOODLITE;FLOODLITE HD BLINDER 1 RGBW 200W•STARWAY;STARWAY;250331576001209;FAUX;FAUX;
FLOODLITE;FLOODLITE HD BLINDER 1 RGBW 200W•STARWAY;STARWAY;250331576001210;FAUX;FAUX;
FLOODLITE;FLOODLITE HD BLINDER 1 RGBW 200W•STARWAY;STARWAY;250331576001227;FAUX;FAUX;
FLOODLITE;FLOODLITE HD BLINDER 1 RGBW 200W•STARWAY;STARWAY;250331576001228;FAUX;FAUX;
FLOODLITE;FLOODLITE HD BLINDER 1 RGBW 200W•STARWAY;STARWAY;250331576001235;FAUX;FAUX;
FLOODLITE;FLOODLITE HD BLINDER 1 RGBW 200W•STARWAY;STARWAY;250331576001236;FAUX;FAUX;
FLOODLITE;FLOODLITE HD BLINDER 1 RGBW 200W•STARWAY;STARWAY;250331576001245;FAUX;FAUX;
FLOODLITE;FLOODLITE HD BLINDER 1 RGBW 200W•STARWAY;STARWAY;250331576001246;FAUX;FAUX;
FLOODLITE;FLOODLITE HD BLINDER 1 RGBW 200W•STARWAY;STARWAY;250331576001251;FAUX;FAUX;
FLOODLITE;FLOODLITE HD BLINDER 1 RGBW 200W•STARWAY;STARWAY;250331576001252;FAUX;FAUX;
FLOODLITE;FLOODLITE HD BLINDER 1 RGBW 200W•STARWAY;STARWAY;250331576001259;FAUX;FAUX;
FLOODLITE;FLOODLITE HD BLINDER 1 RGBW 200W•STARWAY;STARWAY;250331576001260;FAUX;FAUX;
FLOODLITE;FLOODLITE HD BLINDER 1 RGBW 200W•STARWAY;STARWAY;250331576001265;FAUX;FAUX;
FLOODLITE;FLOODLITE HD BLINDER 1 RGBW 200W•STARWAY;STARWAY;250331576001266;FAUX;FAUX;
FLOODLITE;FLOODLITE HD BLINDER 1 RGBW 200W•STARWAY;STARWAY;250331576001291;FAUX;FAUX;
FLOODLITE;FLOODLITE HD BLINDER 1 RGBW 200W•STARWAY;STARWAY;250331576001292;FAUX;FAUX;
FLOODLITE;FLOODLITE HD BLINDER 1 RGBW 200W•STARWAY;STARWAY;250331576001293;FAUX;FAUX;
FLOODLITE;FLOODLITE HD BLINDER 1 RGBW 200W•STARWAY;STARWAY;250331576001294;FAUX;FAUX;
FLOODLITE;FLOODLITE HD BLINDER 1 RGBW 200W•STARWAY;STARWAY;250331576001297;FAUX;FAUX;
FLOODLITE;FLOODLITE HD BLINDER 1 RGBW 200W•STARWAY;STARWAY;250331576001298;FAUX;FAUX;
MARS400S;Kit de transmission HF MARS400S PRO•HOLLYLAND;;002203R E00D315 et 002203T E00CF2C;FAUX;FAUX;
HITOWERS500;Kit HI-TOWER (embase/stabilo/tête) serie 500;;;FAUX;FAUX;
HITOWERS500;Kit HI-TOWER (embase/stabilo/tête) serie 500;;;FAUX;FAUX;
HITOWERS400;Kit HI-TOWER S400 (embase /chariot 4D/tête);;;FAUX;FAUX;
12XT-;L--ACOUSCTICS•Enceinte 2 voies 400 W;L-ACOUSTICS;5808961;FAUX;FAUX;
12XT-;L--ACOUSCTICS•Enceinte 2 voies 400 W;L-ACOUSTICS;5808962;FAUX;FAUX;
12XT-;L--ACOUSCTICS•Enceinte 2 voies 400 W;L-ACOUSTICS;5808963;FAUX;FAUX;
12XT-;L--ACOUSCTICS•Enceinte 2 voies 400 W;L-ACOUSTICS;5808964;FAUX;FAUX;
12XT-;L--ACOUSCTICS•Enceinte 2 voies 400 W;L-ACOUSTICS;5808980;FAUX;FAUX;
12XT-;L--ACOUSCTICS•Enceinte 2 voies 400 W;L-ACOUSTICS;5808985;FAUX;FAUX;
12XT-;L--ACOUSCTICS•Enceinte 2 voies 400 W;L-ACOUSTICS;5809010;FAUX;FAUX;
12XT-;L--ACOUSCTICS•Enceinte 2 voies 400 W;L-ACOUSTICS;5809011;FAUX;FAUX;
12XT-;L--ACOUSCTICS•Enceinte 2 voies 400 W;L-ACOUSTICS;5809012;FAUX;FAUX;
12XT-;L--ACOUSCTICS•Enceinte 2 voies 400 W;L-ACOUSTICS;5809013;FAUX;FAUX;
12XT-;L--ACOUSCTICS•Enceinte 2 voies 400 W;L-ACOUSTICS;5809014;FAUX;FAUX;
12XT-;L--ACOUSCTICS•Enceinte 2 voies 400 W;L-ACOUSTICS;5809015;FAUX;FAUX;
ARC-;L-ACOUSTICS-Enceinte active 2 voies/600W;;;FAUX;FAUX;
CDAUTO;Lecteur CD autopause;sennheiser;480481;FAUX;FAUX;
CDAUTO;Lecteur CD autopause;sennheiser;480489;FAUX;FAUX;
CDAUTO;Lecteur CD autopause;SENNHEISER;480487;FAUX;FAUX;
CDJ2000 NXSII;Lecteur multi-sources : CD, DVD, USB, Cartes SD et DD • PIONEER;;SHMP845147YY;FAUX;FAUX;
CDJ2000 NXSII;Lecteur multi-sources : CD, DVD, USB, Cartes SD et DD • PIONEER;;SHMP845144YY;FAUX;FAUX;
CDJ2000 NXSII;Lecteur multi-sources : CD, DVD, USB, Cartes SD et DD • PIONEER;;SHMP845157YY;FAUX;FAUX;
CDMD;Lecteur/enregistreur combi CD/MD autopause;TASCAM;90347;FAUX;FAUX;
CDMD;Lecteur/enregistreur combi CD/MD autopause;TASCAM;110333;FAUX;FAUX;
CDMD;Lecteur/enregistreur combi CD/MD autopause;;;FAUX;FAUX;
CDMD;Lecteur/enregistreur combi CD/MD autopause;;;FAUX;FAUX;
TOURKOLOR;LED PAR 64 RGB+BLANC STARWAY;STARWAY;1;FAUX;FAUX;
TOURKOLOR;LED PAR 64 RGB+BLANC STARWAY;STARWAY;2;FAUX;FAUX;
TOURKOLOR;LED PAR 64 RGB+BLANC STARWAY;STARWAY;3;FAUX;FAUX;
TOURKOLOR;LED PAR 64 RGB+BLANC STARWAY;STARWAY;4;FAUX;FAUX;
TOURKOLOR;LED PAR 64 RGB+BLANC STARWAY;STARWAY;5;FAUX;FAUX;
TOURKOLOR;LED PAR 64 RGB+BLANC STARWAY;STARWAY;6;FAUX;FAUX;
TOURKOLOR;LED PAR 64 RGB+BLANC STARWAY;STARWAY;7;FAUX;FAUX;
TOURKOLOR;LED PAR 64 RGB+BLANC STARWAY;STARWAY;8;FAUX;FAUX;
TOURKOLOR;LED PAR 64 RGB+BLANC STARWAY;STARWAY;9;FAUX;FAUX;
TOURKOLOR;LED PAR 64 RGB+BLANC STARWAY;STARWAY;10;FAUX;FAUX;
TOURKOLOR;LED PAR 64 RGB+BLANC STARWAY;STARWAY;11;FAUX;FAUX;
TOURKOLOR;LED PAR 64 RGB+BLANC STARWAY;STARWAY;12;FAUX;FAUX;
TOURKOLOR;LED PAR 64 RGB+BLANC STARWAY;STARWAY;13;FAUX;FAUX;
TOURKOLOR;LED PAR 64 RGB+BLANC STARWAY;STARWAY;14;FAUX;FAUX;
TOURKOLOR;LED PAR 64 RGB+BLANC STARWAY;STARWAY;15;FAUX;FAUX;
TOURKOLOR;LED PAR 64 RGB+BLANC STARWAY;STARWAY;16;FAUX;FAUX;
TOURKOLOR;LED PAR 64 RGB+BLANC STARWAY;STARWAY;17;FAUX;FAUX;
TOURKOLOR;LED PAR 64 RGB+BLANC STARWAY;STARWAY;18;FAUX;FAUX;
TOURKOLOR;LED PAR 64 RGB+BLANC STARWAY;STARWAY;19;FAUX;FAUX;
TOURKOLOR;LED PAR 64 RGB+BLANC STARWAY;STARWAY;20;FAUX;FAUX;
TOURKOLOR;LED PAR 64 RGB+BLANC STARWAY;STARWAY;21;FAUX;FAUX;
TOURKOLOR;LED PAR 64 RGB+BLANC STARWAY;STARWAY;22;FAUX;FAUX;
TOURKOLOR;LED PAR 64 RGB+BLANC STARWAY;STARWAY;23;FAUX;FAUX;
TOURKOLOR;LED PAR 64 RGB+BLANC STARWAY;STARWAY;24;FAUX;FAUX;
TOURKOLOR;LED PAR 64 RGB+BLANC STARWAY;STARWAY;25;FAUX;FAUX;
TOURKOLOR;LED PAR 64 RGB+BLANC STARWAY;STARWAY;26;FAUX;FAUX;
TOURKOLOR;LED PAR 64 RGB+BLANC STARWAY;STARWAY;27;FAUX;FAUX;
TOURKOLOR;LED PAR 64 RGB+BLANC STARWAY;STARWAY;28;FAUX;FAUX;
TOURKOLOR;LED PAR 64 RGB+BLANC STARWAY;STARWAY;29;FAUX;FAUX;
TOURKOLOR;LED PAR 64 RGB+BLANC STARWAY;STARWAY;30;FAUX;FAUX;
TOURKOLOR;LED PAR 64 RGB+BLANC STARWAY;STARWAY;31;FAUX;FAUX;
TOURKOLOR;LED PAR 64 RGB+BLANC STARWAY;STARWAY;32;FAUX;FAUX;
TOURKOLOR;LED PAR 64 RGB+BLANC STARWAY;STARWAY;33;FAUX;FAUX;
TOURKOLOR;LED PAR 64 RGB+BLANC STARWAY;STARWAY;34;FAUX;FAUX;
TOURKOLOR;LED PAR 64 RGB+BLANC STARWAY;STARWAY;35;FAUX;FAUX;
TOURKOLOR;LED PAR 64 RGB+BLANC STARWAY;STARWAY;36;FAUX;FAUX;
TOURKOLOR;LED PAR 64 RGB+BLANC STARWAY;STARWAY;37;FAUX;FAUX;
TOURKOLOR;LED PAR 64 RGB+BLANC STARWAY;STARWAY;38;FAUX;FAUX;
TOURKOLOR;LED PAR 64 RGB+BLANC STARWAY;STARWAY;39;FAUX;FAUX;
TOURKOLOR;LED PAR 64 RGB+BLANC STARWAY;STARWAY;40;FAUX;FAUX;
TOURKOLOR;LED PAR 64 RGB+BLANC STARWAY;STARWAY;41;FAUX;FAUX;
TOURKOLOR;LED PAR 64 RGB+BLANC STARWAY;STARWAY;42;FAUX;FAUX;
TOURKOLOR;LED PAR 64 RGB+BLANC STARWAY;STARWAY;43;FAUX;FAUX;
TOURKOLOR;LED PAR 64 RGB+BLANC STARWAY;STARWAY;44;FAUX;FAUX;
TOURKOLOR;LED PAR 64 RGB+BLANC STARWAY;STARWAY;45;FAUX;FAUX;
TOURKOLOR;LED PAR 64 RGB+BLANC STARWAY;STARWAY;46;FAUX;FAUX;
TOURKOLOR;LED PAR 64 RGB+BLANC STARWAY;STARWAY;47;FAUX;FAUX;
TOURKOLOR;LED PAR 64 RGB+BLANC STARWAY;STARWAY;48;FAUX;FAUX;
TOURKOLOR;LED PAR 64 RGB+BLANC STARWAY;STARWAY;49;FAUX;FAUX;
TOURKOLOR;LED PAR 64 RGB+BLANC STARWAY;STARWAY;50;FAUX;FAUX;
TOURKOLOR;LED PAR 64 RGB+BLANC STARWAY;STARWAY;51;FAUX;FAUX;
TOURKOLOR;LED PAR 64 RGB+BLANC STARWAY;STARWAY;52;FAUX;FAUX;
TOURKOLOR;LED PAR 64 RGB+BLANC STARWAY;STARWAY;53;FAUX;FAUX;
TOURKOLOR;LED PAR 64 RGB+BLANC STARWAY;STARWAY;54;FAUX;FAUX;
TOURKOLOR;LED PAR 64 RGB+BLANC STARWAY;STARWAY;55;FAUX;FAUX;
TOURKOLOR;LED PAR 64 RGB+BLANC STARWAY;STARWAY;56;FAUX;FAUX;
KARA DOWN K2;Levage KARA sous K2;L-ACOUSTICS;1560001416;FAUX;FAUX;
KARA DOWN K2;Levage KARA sous K2;L-ACOUSTICS;1560001425;FAUX;FAUX;
LUMI-12;LUMINEX • Node ethernet DMX512 / 12 sorties DMX5;LUMINEX;LUM0372548;FAUX;FAUX;
LUMI-12;LUMINEX • Node ethernet DMX512 / 12 sorties DMX5;LUMINEX;LUM0372549;FAUX;FAUX;
LUMI-8;LUMINEX • Node ethernet DMX512 / 8 sorties MKII;LUMINEX;LUM0372548;FAUX;FAUX;
LUMI-8;LUMINEX • Node ethernet DMX512 / 8 sorties MKII;LUMINEX;LUM0372549;FAUX;FAUX;
MACAURA;Lyre à led MARTIN;MARTIN;210615340113-12;FAUX;FAUX;
MACAURA;Lyre à led MARTIN;MARTIN;210615340087-11;FAUX;FAUX;
MACAURA;Lyre à led MARTIN;MARTIN;210615340114-14;FAUX;FAUX;
MACAURA;Lyre à led MARTIN;MARTIN;210615340115-15;FAUX;FAUX;
MACAURA;Lyre à led MARTIN;MARTIN;210615340091-16;FAUX;FAUX;
MACAURA;Lyre à led MARTIN;MARTIN;210615340092-13;FAUX;FAUX;
MACAURA;Lyre à led MARTIN;MARTIN;210615340093-9;FAUX;FAUX;
MACAURA;Lyre à led MARTIN;MARTIN;210615340094-10;FAUX;FAUX;
MACAURA;Lyre à led MARTIN;MARTIN;210615340103-4;FAUX;FAUX;
MACAURA;Lyre à led MARTIN;MARTIN;210615340102-5;FAUX;FAUX;
MACAURA;Lyre à led MARTIN;MARTIN;210615340082-23;FAUX;FAUX;
MACAURA;Lyre à led MARTIN;MARTIN;210615340105-7;FAUX;FAUX;
MACAURA;Lyre à led MARTIN;MARTIN;210615340106-8;FAUX;FAUX;
MACAURA;Lyre à led MARTIN;MARTIN;210615340108-3;FAUX;FAUX;
MACAURA;Lyre à led MARTIN;MARTIN;210615340081-2;FAUX;FAUX;
MACAURA;Lyre à led MARTIN;MARTIN;210615340104-6;FAUX;FAUX;
MACAURA;Lyre à led MARTIN;MARTIN;0782400075-19;FAUX;FAUX;
MACAURA;Lyre à led MARTIN;MARTIN;0782400078-20;FAUX;FAUX;
MACAURA;Lyre à led MARTIN;MARTIN;0782400079-21;FAUX;FAUX;
MACAURA;Lyre à led MARTIN;MARTIN;0615340082-1;FAUX;FAUX;
MACAURA;Lyre à led MARTIN;MARTIN;0782400080-22;FAUX;FAUX;
MACAURA;Lyre à led MARTIN;MARTIN;0782400081-18;FAUX;FAUX;
MACAURA;Lyre à led MARTIN;MARTIN;0782400082-23;FAUX;FAUX;
MACAURA;Lyre à led MARTIN;MARTIN;0782400083-17;FAUX;FAUX;
MACAURA;Lyre à led MARTIN;MARTIN;0782400085-24;FAUX;FAUX;
MACAURA;Lyre à led MARTIN;MARTIN;460220076;FAUX;FAUX;
MACAURA;Lyre à led MARTIN;MARTIN;482970015;FAUX;FAUX;
MACAURA;Lyre à led MARTIN;MARTIN;482970051;FAUX;FAUX;
MACAURA;Lyre à led MARTIN;MARTIN;460220068;FAUX;FAUX;
MACAURA;Lyre à led MARTIN;MARTIN;460220044;FAUX;FAUX;
MACAURA;Lyre à led MARTIN;MARTIN;0480100088- Y25;FAUX;FAUX;
MACQUANTUM;Lyre à led MARTIN  wash 11° / 59°, 1:5 zoom, 750W;MARTIN;Q17   - 2115019558254;FAUX;FAUX;
MACQUANTUM;Lyre à led MARTIN  wash 11° / 59°, 1:5 zoom, 750W;MARTIN;Q19   - 2115019558269;FAUX;FAUX;
MACQUANTUM;Lyre à led MARTIN  wash 11° / 59°, 1:5 zoom, 750W;MARTIN;Q23   - 2115019558270;FAUX;FAUX;
MACQUANTUM;Lyre à led MARTIN  wash 11° / 59°, 1:5 zoom, 750W;MARTIN;Q21   - 2115019558273;FAUX;FAUX;
MACQUANTUM;Lyre à led MARTIN  wash 11° / 59°, 1:5 zoom, 750W;MARTIN;Q20   - 2115019558274;FAUX;FAUX;
MACQUANTUM;Lyre à led MARTIN  wash 11° / 59°, 1:5 zoom, 750W;MARTIN;Q24   - 2115019558275;FAUX;FAUX;
MACQUANTUM;Lyre à led MARTIN  wash 11° / 59°, 1:5 zoom, 750W;MARTIN;Q18   - 2115019558276;FAUX;FAUX;
MACQUANTUM;Lyre à led MARTIN  wash 11° / 59°, 1:5 zoom, 750W;MARTIN;Q22   - 2115019558278;FAUX;FAUX;
MACQUANTUM;Lyre à led MARTIN  wash 11° / 59°, 1:5 zoom, 750W;MARTIN;Q01   - 1055072293;FAUX;FAUX;
MACQUANTUM;Lyre à led MARTIN  wash 11° / 59°, 1:5 zoom, 750W;MARTIN;Q02   - 1055072298;FAUX;FAUX;
MACQUANTUM;Lyre à led MARTIN  wash 11° / 59°, 1:5 zoom, 750W;MARTIN;Q03   - 1055087347;FAUX;FAUX;
MACQUANTUM;Lyre à led MARTIN  wash 11° / 59°, 1:5 zoom, 750W;MARTIN;Q04   - 1055087318;FAUX;FAUX;
MACQUANTUM;Lyre à led MARTIN  wash 11° / 59°, 1:5 zoom, 750W;MARTIN;Q05   - 1055087345;FAUX;FAUX;
MACQUANTUM;Lyre à led MARTIN  wash 11° / 59°, 1:5 zoom, 750W;MARTIN;Q06   - 1055087356;FAUX;FAUX;
MACQUANTUM;Lyre à led MARTIN  wash 11° / 59°, 1:5 zoom, 750W;MARTIN;Q07   - 1055072294;FAUX;FAUX;
MACQUANTUM;Lyre à led MARTIN  wash 11° / 59°, 1:5 zoom, 750W;MARTIN;Q08   - 1055072296;FAUX;FAUX;
MACQUANTUM;Lyre à led MARTIN  wash 11° / 59°, 1:5 zoom, 750W;MARTIN;Q09   - 1055087335;FAUX;FAUX;
MACQUANTUM;Lyre à led MARTIN  wash 11° / 59°, 1:5 zoom, 750W;MARTIN;Q10   - 1055087350;FAUX;FAUX;
MACQUANTUM;Lyre à led MARTIN  wash 11° / 59°, 1:5 zoom, 750W;MARTIN;Q11   - 1055087310;FAUX;FAUX;
MACQUANTUM;Lyre à led MARTIN  wash 11° / 59°, 1:5 zoom, 750W;MARTIN;Q12   - 1055087237;FAUX;FAUX;
MACQUANTUM;Lyre à led MARTIN  wash 11° / 59°, 1:5 zoom, 750W;MARTIN;Q13   - 1055087301;FAUX;FAUX;
MACQUANTUM;Lyre à led MARTIN  wash 11° / 59°, 1:5 zoom, 750W;MARTIN;Q14   - 1055087314;FAUX;FAUX;
MACQUANTUM;Lyre à led MARTIN  wash 11° / 59°, 1:5 zoom, 750W;MARTIN;Q15   - 1055072207;FAUX;FAUX;
MACQUANTUM;Lyre à led MARTIN  wash 11° / 59°, 1:5 zoom, 750W;MARTIN;Q16   - 1055072291;FAUX;FAUX;
MACQUANTUMPRO;Lyre à led MARTIN profile led, 475W, zoom 12-39°, 6500°K;;15017065000;FAUX;FAUX;
MACQUANTUMPRO;Lyre à led MARTIN profile led, 475W, zoom 12-39°, 6500°K;;15017065032;FAUX;FAUX;
MACQUANTUMPRO;Lyre à led MARTIN profile led, 475W, zoom 12-39°, 6500°K;;15017064993;FAUX;FAUX;
MACQUANTUMPRO;Lyre à led MARTIN profile led, 475W, zoom 12-39°, 6500°K;;15017065043;FAUX;FAUX;
MACQUANTUMPRO;Lyre à led MARTIN profile led, 475W, zoom 12-39°, 6500°K;;15017009008;FAUX;FAUX;
MACQUANTUMPRO;Lyre à led MARTIN profile led, 475W, zoom 12-39°, 6500°K;;15017008988;FAUX;FAUX;
MACQUANTUMPRO;Lyre à led MARTIN profile led, 475W, zoom 12-39°, 6500°K;;15017009006;FAUX;FAUX;
MACQUANTUMPRO;Lyre à led MARTIN profile led, 475W, zoom 12-39°, 6500°K;;15017009007;FAUX;FAUX;
MACQUANTUMPRO;Lyre à led MARTIN profile led, 475W, zoom 12-39°, 6500°K;;;FAUX;FAUX;
MACQUANTUMPRO;Lyre à led MARTIN profile led, 475W, zoom 12-39°, 6500°K;;15017064995;FAUX;FAUX;
MACQUANTUMPRO;Lyre à led MARTIN profile led, 475W, zoom 12-39°, 6500°K;;15017065023;FAUX;FAUX;
MACQUANTUMPRO;Lyre à led MARTIN profile led, 475W, zoom 12-39°, 6500°K;;15017065034;FAUX;FAUX;
AXCOR300 SPOT;Lyre à led profile, 180W, zoom 8 - 40°, 7000°K • CLAYPAKY;;AH100565   - A01;FAUX;FAUX;
AXCOR300 SPOT;Lyre à led profile, 180W, zoom 8 - 40°, 7000°K • CLAYPAKY;;AH100662   - A11;FAUX;FAUX;
AXCOR300 SPOT;Lyre à led profile, 180W, zoom 8 - 40°, 7000°K • CLAYPAKY;;AH100529   - A12;FAUX;FAUX;
AXCOR300 SPOT;Lyre à led profile, 180W, zoom 8 - 40°, 7000°K • CLAYPAKY;;AH100532   - A13;FAUX;FAUX;
AXCOR300 SPOT;Lyre à led profile, 180W, zoom 8 - 40°, 7000°K • CLAYPAKY;;AH100668   - A14;FAUX;FAUX;
AXCOR300 SPOT;Lyre à led profile, 180W, zoom 8 - 40°, 7000°K • CLAYPAKY;;AH100533   - A15;FAUX;FAUX;
AXCOR300 SPOT;Lyre à led profile, 180W, zoom 8 - 40°, 7000°K • CLAYPAKY;;AH100525   - A16;FAUX;FAUX;
AXCOR300 SPOT;Lyre à led profile, 180W, zoom 8 - 40°, 7000°K • CLAYPAKY;;AH100626   - A17;FAUX;FAUX;
AXCOR300 SPOT;Lyre à led profile, 180W, zoom 8 - 40°, 7000°K • CLAYPAKY;;AH100556   - A18;FAUX;FAUX;
AXCOR300 SPOT;Lyre à led profile, 180W, zoom 8 - 40°, 7000°K • CLAYPAKY;;AH100785   - A02;FAUX;FAUX;
AXCOR300 SPOT;Lyre à led profile, 180W, zoom 8 - 40°, 7000°K • CLAYPAKY;;AH100528   - A03;FAUX;FAUX;
AXCOR300 SPOT;Lyre à led profile, 180W, zoom 8 - 40°, 7000°K • CLAYPAKY;;AH100646   - A04;FAUX;FAUX;
AXCOR300 SPOT;Lyre à led profile, 180W, zoom 8 - 40°, 7000°K • CLAYPAKY;;AH100663   - A05;FAUX;FAUX;
AXCOR300 SPOT;Lyre à led profile, 180W, zoom 8 - 40°, 7000°K • CLAYPAKY;;AH100524   - A06;FAUX;FAUX;
AXCOR300 SPOT;Lyre à led profile, 180W, zoom 8 - 40°, 7000°K • CLAYPAKY;;AH100563   - A07;FAUX;FAUX;
AXCOR300 SPOT;Lyre à led profile, 180W, zoom 8 - 40°, 7000°K • CLAYPAKY;;AH100571   - A08;FAUX;FAUX;
AXCOR300 SPOT;Lyre à led profile, 180W, zoom 8 - 40°, 7000°K • CLAYPAKY;;AH100662   - A09;FAUX;FAUX;
AXCOR300 SPOT;Lyre à led profile, 180W, zoom 8 - 40°, 7000°K • CLAYPAKY;;AH100838   - A10;FAUX;FAUX;
LEDBEAM350;Lyre à led wash Robin LEDBeam 350•ROBE;;2400937448;FAUX;FAUX;
LEDBEAM350;Lyre à led wash Robin LEDBeam 350•ROBE;;2400943140;FAUX;FAUX;
LEDBEAM350;Lyre à led wash Robin LEDBeam 350•ROBE;;2400943150;FAUX;FAUX;
LEDBEAM350;Lyre à led wash Robin LEDBeam 350•ROBE;;2400943190   -  L19;FAUX;FAUX;
LEDBEAM350;Lyre à led wash Robin LEDBeam 350•ROBE;;2400943191   -  L20;FAUX;FAUX;
LEDBEAM350;Lyre à led wash Robin LEDBeam 350•ROBE;;2400943194;FAUX;FAUX;
LEDBEAM350;Lyre à led wash Robin LEDBeam 350•ROBE;;2400943195   -  L09;FAUX;FAUX;
LEDBEAM350;Lyre à led wash Robin LEDBeam 350•ROBE;;2400943196   -  L16;FAUX;FAUX;
LEDBEAM350;Lyre à led wash Robin LEDBeam 350•ROBE;;2400943197   -  L13;FAUX;FAUX;
LEDBEAM350;Lyre à led wash Robin LEDBeam 350•ROBE;;2400937445;FAUX;FAUX;
LEDBEAM350;Lyre à led wash Robin LEDBeam 350•ROBE;;2400937420;FAUX;FAUX;
LEDBEAM350;Lyre à led wash Robin LEDBeam 350•ROBE;;2400937419;FAUX;FAUX;
LEDBEAM350;Lyre à led wash Robin LEDBeam 350•ROBE;;2400937447   -  L01;FAUX;FAUX;
LEDBEAM350;Lyre à led wash Robin LEDBeam 350•ROBE;;2400937417   -  L02;FAUX;FAUX;
LEDBEAM350;Lyre à led wash Robin LEDBeam 350•ROBE;;2400937418   -  L04;FAUX;FAUX;
LEDBEAM350;Lyre à led wash Robin LEDBeam 350•ROBE;;2400937446   -  L03;FAUX;FAUX;
LEDBEAM350;Lyre à led wash Robin LEDBeam 350•ROBE;;2400937429   -  L18;FAUX;FAUX;
LEDBEAM350;Lyre à led wash Robin LEDBeam 350•ROBE;;2400937450   -  L17;FAUX;FAUX;
LEDBEAM350;Lyre à led wash Robin LEDBeam 350•ROBE;;2400943139   -  L14;FAUX;FAUX;
LEDBEAM350;Lyre à led wash Robin LEDBeam 350•ROBE;;2400943141   -  L24;FAUX;FAUX;
LEDBEAM350;Lyre à led wash Robin LEDBeam 350•ROBE;;2400943142;FAUX;FAUX;
LEDBEAM350;Lyre à led wash Robin LEDBeam 350•ROBE;;2400943144   -  L23;FAUX;FAUX;
LEDBEAM350;Lyre à led wash Robin LEDBeam 350•ROBE;;2400943145;FAUX;FAUX;
LEDBEAM350;Lyre à led wash Robin LEDBeam 350•ROBE;;2400943146;FAUX;FAUX;
MACAURA;Lyre à led wash, 260W, zoom 11-58° • MARTIN;;;VRAI;FAUX;
MINI-B;Lyre à led wash, 7 x 40W, zoom 4-55° • CLAYPAKY;CLAY PAKY;BX051369   - M26;FAUX;FAUX;
MINI-B;Lyre à led wash, 7 x 40W, zoom 4-55° • CLAYPAKY;CLAY PAKY;BX441258   - M13;FAUX;FAUX;
MINI-B;Lyre à led wash, 7 x 40W, zoom 4-55° • CLAYPAKY;CLAY PAKY;BX714093   - M45;FAUX;FAUX;
MINI-B;Lyre à led wash, 7 x 40W, zoom 4-55° • CLAYPAKY;CLAY PAKY;BX739968;FAUX;FAUX;
MINI-B;Lyre à led wash, 7 x 40W, zoom 4-55° • CLAYPAKY;CLAY PAKY;BX855576   - M31;FAUX;FAUX;
MINI-B;Lyre à led wash, 7 x 40W, zoom 4-55° • CLAYPAKY;CLAY PAKY;BX856163   - M49;FAUX;FAUX;
MINI-B;Lyre à led wash, 7 x 40W, zoom 4-55° • CLAYPAKY;CLAY PAKY;BX919074   - M15;FAUX;FAUX;
MINI-B;Lyre à led wash, 7 x 40W, zoom 4-55° • CLAYPAKY;CLAY PAKY;BX968251   - M06;FAUX;FAUX;
MINI-B;Lyre à led wash, 7 x 40W, zoom 4-55° • CLAYPAKY;CLAY PAKY;BX995475   - M03;FAUX;FAUX;
MINI-B;Lyre à led wash, 7 x 40W, zoom 4-55° • CLAYPAKY;CLAY PAKY;BX056441   - M46;FAUX;FAUX;
MINI-B;Lyre à led wash, 7 x 40W, zoom 4-55° • CLAYPAKY;CLAY PAKY;BX078362   - M37;FAUX;FAUX;
MINI-B;Lyre à led wash, 7 x 40W, zoom 4-55° • CLAYPAKY;CLAY PAKY;BX105146   - M35;FAUX;FAUX;
MINI-B;Lyre à led wash, 7 x 40W, zoom 4-55° • CLAYPAKY;CLAY PAKY;BX136680   - M14;FAUX;FAUX;
MINI-B;Lyre à led wash, 7 x 40W, zoom 4-55° • CLAYPAKY;CLAY PAKY;BX153056;FAUX;FAUX;
MINI-B;Lyre à led wash, 7 x 40W, zoom 4-55° • CLAYPAKY;CLAY PAKY;BX167929   - M38;FAUX;FAUX;
MINI-B;Lyre à led wash, 7 x 40W, zoom 4-55° • CLAYPAKY;CLAY PAKY;BX196545   - M34;FAUX;FAUX;
MINI-B;Lyre à led wash, 7 x 40W, zoom 4-55° • CLAYPAKY;CLAY PAKY;BX257716;FAUX;FAUX;
MINI-B;Lyre à led wash, 7 x 40W, zoom 4-55° • CLAYPAKY;CLAY PAKY;BX293605   - M44;FAUX;FAUX;
MINI-B;Lyre à led wash, 7 x 40W, zoom 4-55° • CLAYPAKY;CLAY PAKY;BX397855   - M41;FAUX;FAUX;
MINI-B;Lyre à led wash, 7 x 40W, zoom 4-55° • CLAYPAKY;CLAY PAKY;BX447360   - M04;FAUX;FAUX;
MINI-B;Lyre à led wash, 7 x 40W, zoom 4-55° • CLAYPAKY;CLAY PAKY;BX450238   - M22;FAUX;FAUX;
MINI-B;Lyre à led wash, 7 x 40W, zoom 4-55° • CLAYPAKY;CLAY PAKY;BX454525;FAUX;FAUX;
MINI-B;Lyre à led wash, 7 x 40W, zoom 4-55° • CLAYPAKY;CLAY PAKY;BX551169   - M32;FAUX;FAUX;
MINI-B;Lyre à led wash, 7 x 40W, zoom 4-55° • CLAYPAKY;CLAY PAKY;BX649520   - M16;FAUX;FAUX;
MINI-B;Lyre à led wash, 7 x 40W, zoom 4-55° • CLAYPAKY;CLAY PAKY;BX058625   - M27;FAUX;FAUX;
MINI-B;Lyre à led wash, 7 x 40W, zoom 4-55° • CLAYPAKY;CLAY PAKY;BX192610   - M28;FAUX;FAUX;
MINI-B;Lyre à led wash, 7 x 40W, zoom 4-55° • CLAYPAKY;CLAY PAKY;BX192623   - M24;FAUX;FAUX;
MINI-B;Lyre à led wash, 7 x 40W, zoom 4-55° • CLAYPAKY;CLAY PAKY;BX335013   - M20;FAUX;FAUX;
MINI-B;Lyre à led wash, 7 x 40W, zoom 4-55° • CLAYPAKY;CLAY PAKY;BX394109   - M36;FAUX;FAUX;
MINI-B;Lyre à led wash, 7 x 40W, zoom 4-55° • CLAYPAKY;CLAY PAKY;BX559992   - M51;FAUX;FAUX;
MINI-B;Lyre à led wash, 7 x 40W, zoom 4-55° • CLAYPAKY;CLAY PAKY;BX594802   - M08;FAUX;FAUX;
MINI-B;Lyre à led wash, 7 x 40W, zoom 4-55° • CLAYPAKY;CLAY PAKY;BX615033   - M23;FAUX;FAUX;
MINI-B;Lyre à led wash, 7 x 40W, zoom 4-55° • CLAYPAKY;CLAY PAKY;BX640438   - M02;FAUX;FAUX;
MINI-B;Lyre à led wash, 7 x 40W, zoom 4-55° • CLAYPAKY;CLAY PAKY;BX725440   - M47;FAUX;FAUX;
MINI-B;Lyre à led wash, 7 x 40W, zoom 4-55° • CLAYPAKY;CLAY PAKY;BX891810   - M43;FAUX;FAUX;
MINI-B;Lyre à led wash, 7 x 40W, zoom 4-55° • CLAYPAKY;CLAY PAKY;BX964916   - M10;FAUX;FAUX;
MINI-B;Lyre à led wash, 7 x 40W, zoom 4-55° • CLAYPAKY;CLAY PAKY;BX000897   - M54;FAUX;FAUX;
MINI-B;Lyre à led wash, 7 x 40W, zoom 4-55° • CLAYPAKY;CLAY PAKY;BX035808   - M33;FAUX;FAUX;
MINI-B;Lyre à led wash, 7 x 40W, zoom 4-55° • CLAYPAKY;CLAY PAKY;BX102194   - M48;FAUX;FAUX;
MINI-B;Lyre à led wash, 7 x 40W, zoom 4-55° • CLAYPAKY;CLAY PAKY;BX119150   - M30;FAUX;FAUX;
MINI-B;Lyre à led wash, 7 x 40W, zoom 4-55° • CLAYPAKY;CLAY PAKY;BX126648   - M39;FAUX;FAUX;
MINI-B;Lyre à led wash, 7 x 40W, zoom 4-55° • CLAYPAKY;CLAY PAKY;BX155015   - M53;FAUX;FAUX;
MINI-B;Lyre à led wash, 7 x 40W, zoom 4-55° • CLAYPAKY;CLAY PAKY;BX251534   - M07;FAUX;FAUX;
MINI-B;Lyre à led wash, 7 x 40W, zoom 4-55° • CLAYPAKY;CLAY PAKY;BX259680   - M25;FAUX;FAUX;
MINI-B;Lyre à led wash, 7 x 40W, zoom 4-55° • CLAYPAKY;CLAY PAKY;BX341087   - M42;FAUX;FAUX;
MINI-B;Lyre à led wash, 7 x 40W, zoom 4-55° • CLAYPAKY;CLAY PAKY;BX341612   - M52;FAUX;FAUX;
MINI-B;Lyre à led wash, 7 x 40W, zoom 4-55° • CLAYPAKY;CLAY PAKY;BX489931   - M40;FAUX;FAUX;
MINI-B;Lyre à led wash, 7 x 40W, zoom 4-55° • CLAYPAKY;CLAY PAKY;BX499921   - M29;FAUX;FAUX;
MINI-B;Lyre à led wash, 7 x 40W, zoom 4-55° • CLAYPAKY;CLAY PAKY;BX601074   - M05;FAUX;FAUX;
MINI-B;Lyre à led wash, 7 x 40W, zoom 4-55° • CLAYPAKY;CLAY PAKY;BX620154   - M21;FAUX;FAUX;
MINI-B;Lyre à led wash, 7 x 40W, zoom 4-55° • CLAYPAKY;CLAY PAKY;BX767447   - M01;FAUX;FAUX;
MINI-B;Lyre à led wash, 7 x 40W, zoom 4-55° • CLAYPAKY;CLAY PAKY;BX809187   - M12;FAUX;FAUX;
MINI-B;Lyre à led wash, 7 x 40W, zoom 4-55° • CLAYPAKY;CLAY PAKY;BX863878   - M09;FAUX;FAUX;
MINI-B;Lyre à led wash, 7 x 40W, zoom 4-55° • CLAYPAKY;CLAY PAKY;BX910992;FAUX;FAUX;
MINI-B;Lyre à led wash, 7 x 40W, zoom 4-55° • CLAYPAKY;;;FAUX;FAUX;
RAVEN XIP;Lyre à led wash, zoom 6-50° 39000 lumens • MARTIN;MARTIN;W01 -  15081779940;FAUX;FAUX;
RAVEN XIP;Lyre à led wash, zoom 6-50° 39000 lumens • MARTIN;MARTIN;W02 -  15083850028;FAUX;FAUX;
RAVEN XIP;Lyre à led wash, zoom 6-50° 39000 lumens • MARTIN;MARTIN;W03 -  15082547058;FAUX;FAUX;
RAVEN XIP;Lyre à led wash, zoom 6-50° 39000 lumens • MARTIN;MARTIN;W04 -  15082547061;FAUX;FAUX;
RAVEN XIP;Lyre à led wash, zoom 6-50° 39000 lumens • MARTIN;MARTIN;W05 -  15083850009;FAUX;FAUX;
RAVEN XIP;Lyre à led wash, zoom 6-50° 39000 lumens • MARTIN;MARTIN;W06 -  15083850019;FAUX;FAUX;
RAVEN XIP;Lyre à led wash, zoom 6-50° 39000 lumens • MARTIN;MARTIN;W07 -  15082547101;FAUX;FAUX;
RAVEN XIP;Lyre à led wash, zoom 6-50° 39000 lumens • MARTIN;MARTIN;W08 -  15082547059;FAUX;FAUX;
RAVEN XIP;Lyre à led wash, zoom 6-50° 39000 lumens • MARTIN;MARTIN;W09 -  15083850001;FAUX;FAUX;
RAVEN XIP;Lyre à led wash, zoom 6-50° 39000 lumens • MARTIN;MARTIN;W10 -  15082547043;FAUX;FAUX;
RAVEN XIP;Lyre à led wash, zoom 6-50° 39000 lumens • MARTIN;MARTIN;W11 -  15081779939;FAUX;FAUX;
RAVEN XIP;Lyre à led wash, zoom 6-50° 39000 lumens • MARTIN;MARTIN;W12 -  15083850032;FAUX;FAUX;
RAVEN XIP;Lyre à led wash, zoom 6-50° 39000 lumens • MARTIN;MARTIN;W13 -  15084029519;FAUX;FAUX;
RAVEN XIP;Lyre à led wash, zoom 6-50° 39000 lumens • MARTIN;MARTIN;W14 -  15083850020;FAUX;FAUX;
RAVEN XIP;Lyre à led wash, zoom 6-50° 39000 lumens • MARTIN;MARTIN;W15 -  15082547074;FAUX;FAUX;
RAVEN XIP;Lyre à led wash, zoom 6-50° 39000 lumens • MARTIN;MARTIN;W16 -  15082547080;FAUX;FAUX;
RAVEN XIP;Lyre à led wash, zoom 6-50° 39000 lumens • MARTIN;MARTIN;W17 -  15082547068;FAUX;FAUX;
RAVEN XIP;Lyre à led wash, zoom 6-50° 39000 lumens • MARTIN;MARTIN;W18 -  15082547044;FAUX;FAUX;
RAVEN XIP;Lyre à led wash, zoom 6-50° 39000 lumens • MARTIN;MARTIN;W19 -  15083850004;FAUX;FAUX;
RAVEN XIP;Lyre à led wash, zoom 6-50° 39000 lumens • MARTIN;MARTIN;W20 -  15083850026;FAUX;FAUX;
RAVEN XIP;Lyre à led wash, zoom 6-50° 39000 lumens • MARTIN;MARTIN;W21 -  15082547049;FAUX;FAUX;
RAVEN XIP;Lyre à led wash, zoom 6-50° 39000 lumens • MARTIN;MARTIN;W22 -  15082547050;FAUX;FAUX;
RAVEN XIP;Lyre à led wash, zoom 6-50° 39000 lumens • MARTIN;MARTIN;W23 -  15083850023;FAUX;FAUX;
RAVEN XIP;Lyre à led wash, zoom 6-50° 39000 lumens • MARTIN;MARTIN;W24 -  15082547063;FAUX;FAUX;
MAC700PRO;Lyre asservie 700W Profile;MARTIN;(21)4059406013-15;FAUX;FAUX;
MAC700PRO;Lyre asservie 700W Profile;MARTIN;(21)4058926016-1;FAUX;FAUX;
MAC700PRO;Lyre asservie 700W Profile;MARTIN;(21)4058926015-2;FAUX;FAUX;
MAC700PRO;Lyre asservie 700W Profile;MARTIN;(21)4058926009-3;FAUX;FAUX;
MAC700PRO;Lyre asservie 700W Profile;MARTIN;(21)4058926024-4;FAUX;FAUX;
MAC700PRO;Lyre asservie 700W Profile;MARTIN;(21)4059406015-5;FAUX;FAUX;
MAC700PRO;Lyre asservie 700W Profile;MARTIN;;VRAI;FAUX;
MAC700PRO;Lyre asservie 700W Profile;MARTIN;(21)4059406002-7;FAUX;FAUX;
MAC700PRO;Lyre asservie 700W Profile;MARTIN;(21)4059406010-8;FAUX;FAUX;
MAC700PRO;Lyre asservie 700W Profile;MARTIN;(21)4058926010-9;FAUX;FAUX;
MAC700PRO;Lyre asservie 700W Profile;MARTIN;(21)4058926017-10;FAUX;FAUX;
MAC700PRO;Lyre asservie 700W Profile;MARTIN;(21)4059406012-16;FAUX;FAUX;
MAC700PRO;Lyre asservie 700W Profile;MARTIN;(21)4058926045-11;FAUX;FAUX;
MAC700PRO;Lyre asservie 700W Profile;MARTIN;(21)4059406003-17;FAUX;FAUX;
MAC700PRO;Lyre asservie 700W Profile;MARTIN;(21)4058926048-12;FAUX;FAUX;
MAC700PRO;Lyre asservie 700W Profile;MARTIN;(21)4059406011-18;FAUX;FAUX;
MAC700PRO;Lyre asservie 700W Profile;MARTIN;(21)4058926014-13;FAUX;FAUX;
MAC700PRO;Lyre asservie 700W Profile;MARTIN;(21)4070976003-19;FAUX;FAUX;
MAC700PRO;Lyre asservie 700W Profile;MARTIN;(21)4058926006-14;FAUX;FAUX;
MAC700PRO;Lyre asservie 700W Profile;MARTIN;(21)4070976009-20;FAUX;FAUX;
MAC700PRO;Lyre asservie 700W Profile;MARTIN;(21)4072756032-21;FAUX;FAUX;
MAC700PRO;Lyre asservie 700W Profile;MARTIN;(21)4069146099-22;FAUX;FAUX;
MAC700PRO;Lyre asservie 700W Profile;MARTIN;(21)7189470066-6;FAUX;FAUX;
SERVOBEAM;Lyre Beam 5R - 4° - 200W • STARWAY;;SERVOBEAM_1_000020;FAUX;FAUX;
SERVOBEAM;Lyre Beam 5R - 4° - 200W • STARWAY;;SERVOBEAM_1_000019;FAUX;FAUX;
SERVOBEAM;Lyre Beam 5R - 4° - 200W • STARWAY;;SERVOBEAM_1_000018;FAUX;FAUX;
SERVOBEAM;Lyre Beam 5R - 4° - 200W • STARWAY;;SERVOBEAM_1_000017;FAUX;FAUX;
SERVOBEAM;Lyre Beam 5R - 4° - 200W • STARWAY;;SERVOBEAM_1_000016;FAUX;FAUX;
SERVOBEAM;Lyre Beam 5R - 4° - 200W • STARWAY;;SERVOBEAM_1_000015;FAUX;FAUX;
SERVOBEAM;Lyre Beam 5R - 4° - 200W • STARWAY;;SERVOBEAM_1_000014;FAUX;FAUX;
SERVOBEAM;Lyre Beam 5R - 4° - 200W • STARWAY;;SERVOBEAM_1_000013;FAUX;FAUX;
SERVOBEAM;Lyre Beam 5R - 4° - 200W • STARWAY;;SERVOBEAM_1_000012;FAUX;FAUX;
SERVOBEAM;Lyre Beam 5R - 4° - 200W • STARWAY;;SERVOBEAM_1_000011;FAUX;FAUX;
SERVOBEAM;Lyre Beam 5R - 4° - 200W • STARWAY;;SERVOBEAM_1_000010;FAUX;FAUX;
SERVOBEAM;Lyre Beam 5R - 4° - 200W • STARWAY;;SERVOBEAM_1_000009;FAUX;FAUX;
SERVOBEAM;Lyre Beam 5R - 4° - 200W • STARWAY;;SERVOBEAM_1_000008;FAUX;FAUX;
SERVOBEAM;Lyre Beam 5R - 4° - 200W • STARWAY;;SERVOBEAM_1_000007;FAUX;FAUX;
SERVOBEAM;Lyre Beam 5R - 4° - 200W • STARWAY;;SERVOBEAM_1_000006;FAUX;FAUX;
SERVOBEAM;Lyre Beam 5R - 4° - 200W • STARWAY;;SERVOBEAM_1_000005;FAUX;FAUX;
SERVOBEAM;Lyre Beam 5R - 4° - 200W • STARWAY;;SERVOBEAM_1_000004;FAUX;FAUX;
SERVOBEAM;Lyre Beam 5R - 4° - 200W • STARWAY;;SERVOBEAM_1_000003;FAUX;FAUX;
SERVOBEAM;Lyre Beam 5R - 4° - 200W • STARWAY;;SERVOBEAM_1_000002;FAUX;FAUX;
SERVOBEAM;Lyre Beam 5R - 4° - 200W • STARWAY;;SERVOBEAM_1_000001;FAUX;FAUX;
MEGAPOINTE;Lyre Beam/Spot 470 W  1,8 à 42° • ROBE;;G01  - 2400947145;FAUX;FAUX;
MEGAPOINTE;Lyre Beam/Spot 470 W  1,8 à 42° • ROBE;;G02  - 2400947160;FAUX;FAUX;
MEGAPOINTE;Lyre Beam/Spot 470 W  1,8 à 42° • ROBE;;G03  - 2400947917;FAUX;FAUX;
MEGAPOINTE;Lyre Beam/Spot 470 W  1,8 à 42° • ROBE;;G04  - 2400947916;FAUX;FAUX;
MEGAPOINTE;Lyre Beam/Spot 470 W  1,8 à 42° • ROBE;;G06  - 2400947161;FAUX;FAUX;
MEGAPOINTE;Lyre Beam/Spot 470 W  1,8 à 42° • ROBE;;G07  - 2300890622;FAUX;FAUX;
MEGAPOINTE;Lyre Beam/Spot 470 W  1,8 à 42° • ROBE;;G08  - 2300890619;FAUX;FAUX;
MEGAPOINTE;Lyre Beam/Spot 470 W  1,8 à 42° • ROBE;;G09  - 2300890616;FAUX;FAUX;
MEGAPOINTE;Lyre Beam/Spot 470 W  1,8 à 42° • ROBE;;G10  - 2300890620;FAUX;FAUX;
MEGAPOINTE;Lyre Beam/Spot 470 W  1,8 à 42° • ROBE;;G11  - 2300890632;FAUX;FAUX;
MEGAPOINTE;Lyre Beam/Spot 470 W  1,8 à 42° • ROBE;;G12  - 2300890618;FAUX;FAUX;
MEGAPOINTE;Lyre Beam/Spot 470 W  1,8 à 42° • ROBE;;G13  - 2300890626;FAUX;FAUX;
MEGAPOINTE;Lyre Beam/Spot 470 W  1,8 à 42° • ROBE;;G14  - 2300890624;FAUX;FAUX;
MEGAPOINTE;Lyre Beam/Spot 470 W  1,8 à 42° • ROBE;;G15  - 2300890613;FAUX;FAUX;
MEGAPOINTE;Lyre Beam/Spot 470 W  1,8 à 42° • ROBE;;G16  - 2300890633;FAUX;FAUX;
MEGAPOINTE;Lyre Beam/Spot 470 W  1,8 à 42° • ROBE;ROBE;G17  - 2300890612;FAUX;FAUX;
MEGAPOINTE;Lyre Beam/Spot 470 W  1,8 à 42° • ROBE;;G18 - 2300890623;FAUX;FAUX;
MEGAPOINTE;Lyre Beam/Spot 470 W  1,8 à 42° • ROBE;;G19  - 2300890625;FAUX;FAUX;
MEGAPOINTE;Lyre Beam/Spot 470 W  1,8 à 42°•ROBE;ROBE;G05  - 2400947162;FAUX;FAUX;
MEGAPOINTE;Lyre Beam/Spot 470 W  1,8 à 42°•ROBE;;G23  - 2300890621;FAUX;FAUX;
MEGAPOINTE;Lyre Beam/Spot 470 W  1,8 à 42°•ROBE;;G24  - 2300890617;FAUX;FAUX;
MEGAPOINTE;Lyre Beam/Spot 470 W  1,8 à 42°•ROBE;;G22  - 2300890615;FAUX;FAUX;
MEGAPOINTE;Lyre Beam/Spot 470 W  1,8 à 42°•ROBE;;G20;FAUX;FAUX;
MEGAPOINTE;Lyre Beam/Spot 470 W  1,8 à 42°•ROBE;;G21;FAUX;FAUX;
LYRE-X15;Lyre d'accroche pour X15 • L'ACOUSTICS;;1230003720;FAUX;FAUX;
LYRE-X15;Lyre d'accroche pour X15 • L'ACOUSTICS;;1230003722;FAUX;FAUX;
LYRE-X15;Lyre d'accroche pour X15 • L'ACOUSTICS;;1230003725;FAUX;FAUX;
LYRE-X15;Lyre d'accroche pour X15 • L'ACOUSTICS;;LYRE-X15_1_4;FAUX;FAUX;
LYRE-X15;Lyre d'accroche pour X15 • L'ACOUSTICS;;LYRE-X15_1_5;FAUX;FAUX;
LYRE-X15;Lyre d'accroche pour X15 • L'ACOUSTICS;;LYRE-X15_1_6;FAUX;FAUX;
LYRE-X15;Lyre d'accroche pour X15 • L'ACOUSTICS;;LYRE-X15_1_7;FAUX;FAUX;
LYRE-X15;Lyre d'accroche pour X15 • L'ACOUSTICS;;LYRE-X15_1_8;FAUX;FAUX;
LYRE-X15;Lyre d'accroche pour X15 • L'ACOUSTICS;;LYRE-X15_1_9;FAUX;FAUX;
LYRE-X15;Lyre d'accroche pour X15 • L'ACOUSTICS;;1230003721;FAUX;FAUX;
VIPER XIP;Lyre Led étanche 760W, 5.7° - 54.0°, 28,000 lumens • MARTIN;;I01 - 2115079985215;FAUX;FAUX;
VIPER XIP;Lyre Led étanche 760W, 5.7° - 54.0°, 28,000 lumens • MARTIN;;I02 - 2115079985217;FAUX;FAUX;
VIPER XIP;Lyre Led étanche 760W, 5.7° - 54.0°, 28,000 lumens • MARTIN;;I03 - 2115079985248;FAUX;FAUX;
VIPER XIP;Lyre Led étanche 760W, 5.7° - 54.0°, 28,000 lumens • MARTIN;;I04 - 2115079985208;FAUX;FAUX;
VIPER XIP;Lyre Led étanche 760W, 5.7° - 54.0°, 28,000 lumens • MARTIN;;I05 - 2115079985200;FAUX;FAUX;
VIPER XIP;Lyre Led étanche 760W, 5.7° - 54.0°, 28,000 lumens • MARTIN;;I06 - 2115079985204;FAUX;FAUX;
VIPER XIP;Lyre Led étanche 760W, 5.7° - 54.0°, 28,000 lumens • MARTIN;;I07 - 2115079985216;FAUX;FAUX;
VIPER XIP;Lyre Led étanche 760W, 5.7° - 54.0°, 28,000 lumens • MARTIN;;I08 - 2115079985201;FAUX;FAUX;
VIPER XIP;Lyre Led étanche 760W, 5.7° - 54.0°, 28,000 lumens • MARTIN;;I09 - 2115079985207;FAUX;FAUX;
VIPER XIP;Lyre Led étanche 760W, 5.7° - 54.0°, 28,000 lumens • MARTIN;;I10 - 2115080074011;FAUX;FAUX;
VIPER XIP;Lyre Led étanche 760W, 5.7° - 54.0°, 28,000 lumens • MARTIN;;I11 - 2115080074065;FAUX;FAUX;
VIPER XIP;Lyre Led étanche 760W, 5.7° - 54.0°, 28,000 lumens • MARTIN;;I12 - 2115080074070;FAUX;FAUX;
VIPER XIP;Lyre Led étanche 760W, 5.7° - 54.0°, 28,000 lumens • MARTIN;;I13 - 2115080074071;FAUX;FAUX;
VIPER XIP;Lyre Led étanche 760W, 5.7° - 54.0°, 28,000 lumens • MARTIN;;I14 - 2115080074074;FAUX;FAUX;
VIPER XIP;Lyre Led étanche 760W, 5.7° - 54.0°, 28,000 lumens • MARTIN;;I15 - 2115080074082;FAUX;FAUX;
VIPER XIP;Lyre Led étanche 760W, 5.7° - 54.0°, 28,000 lumens • MARTIN;;I16 - 2115080074084;FAUX;FAUX;
VIPER XIP;Lyre Led étanche 760W, 5.7° - 54.0°, 28,000 lumens • MARTIN;;I17 - 2115080074086;FAUX;FAUX;
VIPER XIP;Lyre Led étanche 760W, 5.7° - 54.0°, 28,000 lumens • MARTIN;;I18 - 2115080074019;FAUX;FAUX;
VIPER XIP;Lyre Led étanche 760W, 5.7° - 54.0°, 28,000 lumens • MARTIN;;I19 - 2115080074030;FAUX;FAUX;
VIPER XIP;Lyre Led étanche 760W, 5.7° - 54.0°, 28,000 lumens • MARTIN;;I20 - 2115080074094;FAUX;FAUX;
VIPER XIP;Lyre Led étanche 760W, 5.7° - 54.0°, 28,000 lumens • MARTIN;;I21 - 2115080074028;FAUX;FAUX;
VIPER XIP;Lyre Led étanche 760W, 5.7° - 54.0°, 28,000 lumens • MARTIN;;I22 - 2115080074033;FAUX;FAUX;
VIPER XIP;Lyre Led étanche 760W, 5.7° - 54.0°, 28,000 lumens • MARTIN;;I23 - 2115080074029;FAUX;FAUX;
VIPER XIP;Lyre Led étanche 760W, 5.7° - 54.0°, 28,000 lumens • MARTIN;;I24 - 2115080074046;FAUX;FAUX;
VIPER XIP;Lyre Led étanche 760W, 5.7° - 54.0°, 28,000 lumens • MARTIN;;I25 - 2115079985159;FAUX;FAUX;
VIPER XIP;Lyre Led étanche 760W, 5.7° - 54.0°, 28,000 lumens • MARTIN;;I26 - 2115079985186;FAUX;FAUX;
VIPER XIP;Lyre Led étanche 760W, 5.7° - 54.0°, 28,000 lumens • MARTIN;;I27 - 2115079985197;FAUX;FAUX;
VIPER XIP;Lyre Led étanche 760W, 5.7° - 54.0°, 28,000 lumens • MARTIN;;I28 - 2115079985153;FAUX;FAUX;
VIPER XIP;Lyre Led étanche 760W, 5.7° - 54.0°, 28,000 lumens • MARTIN;;I29 - 2115079985161;FAUX;FAUX;
VIPER XIP;Lyre Led étanche 760W, 5.7° - 54.0°, 28,000 lumens • MARTIN;;I30 - 2115079985190;FAUX;FAUX;
VIPER XIP;Lyre Led étanche 760W, 5.7° - 54.0°, 28,000 lumens • MARTIN;;I31 - 2115079985156;FAUX;FAUX;
VIPER XIP;Lyre Led étanche 760W, 5.7° - 54.0°, 28,000 lumens • MARTIN;;I32 - 2115079985174;FAUX;FAUX;
VIPER XIP;Lyre Led étanche 760W, 5.7° - 54.0°, 28,000 lumens • MARTIN;;I33 - 2115079985193;FAUX;FAUX;
VIPER XIP;Lyre Led étanche 760W, 5.7° - 54.0°, 28,000 lumens • MARTIN;;I34 - 2115079985203;FAUX;FAUX;
VIPER XIP;Lyre Led étanche 760W, 5.7° - 54.0°, 28,000 lumens • MARTIN;;I35 - 2115080073989;FAUX;FAUX;
VIPER XIP;Lyre Led étanche 760W, 5.7° - 54.0°, 28,000 lumens • MARTIN;;I36 - 90250305;FAUX;FAUX;
K20BEYE;Lyre led wash, 37 x 15W, zoom 4-60° • CLAY PAKY;CLAY PAKY;AG012241   - K04;FAUX;FAUX;
K20BEYE;Lyre led wash, 37 x 15W, zoom 4-60° • CLAY PAKY;CLAY PAKY;AG012242   - K15;FAUX;FAUX;
K20BEYE;Lyre led wash, 37 x 15W, zoom 4-60° • CLAY PAKY;CLAY PAKY;AG012243   - K02;FAUX;FAUX;
K20BEYE;Lyre led wash, 37 x 15W, zoom 4-60° • CLAY PAKY;CLAY PAKY;AG012246   - K16;FAUX;FAUX;
K20BEYE;Lyre led wash, 37 x 15W, zoom 4-60° • CLAY PAKY;CLAY PAKY;AH000236   - K03;FAUX;FAUX;
K20BEYE;Lyre led wash, 37 x 15W, zoom 4-60° • CLAY PAKY;CLAY PAKY;AH000039   - K06;FAUX;FAUX;
K20BEYE;Lyre led wash, 37 x 15W, zoom 4-60° • CLAY PAKY;CLAY PAKY;AH000040   - K09;FAUX;FAUX;
K20BEYE;Lyre led wash, 37 x 15W, zoom 4-60° • CLAY PAKY;CLAY PAKY;AH000041   - K12;FAUX;FAUX;
K20BEYE;Lyre led wash, 37 x 15W, zoom 4-60° • CLAY PAKY;CLAY PAKY;AH000058   - K08;FAUX;FAUX;
K20BEYE;Lyre led wash, 37 x 15W, zoom 4-60° • CLAY PAKY;CLAY PAKY;AH000228   - K07;FAUX;FAUX;
K20BEYE;Lyre led wash, 37 x 15W, zoom 4-60° • CLAY PAKY;CLAY PAKY;AH000229   - K13;FAUX;FAUX;
K20BEYE;Lyre led wash, 37 x 15W, zoom 4-60° • CLAY PAKY;CLAY PAKY;AH000230   - K01;FAUX;FAUX;
K20BEYE;Lyre led wash, 37 x 15W, zoom 4-60° • CLAY PAKY;CLAY PAKY;AH000232   - K10;FAUX;FAUX;
K20BEYE;Lyre led wash, 37 x 15W, zoom 4-60° • CLAY PAKY;CLAY PAKY;AH000235   - K14;FAUX;FAUX;
K20BEYE;Lyre led wash, 37 x 15W, zoom 4-60° • CLAY PAKY;CLAY PAKY;AH000030   - K05;FAUX;FAUX;
K20BEYE;Lyre led wash, 37 x 15W, zoom 4-60° • CLAY PAKY;CLAY PAKY;AH000306   - K11;FAUX;FAUX;
ESPRITE;Lyre profile LED à couteaux, 650W, zoom 5,5-50°• ROBE;;E07 - 1900789407;FAUX;FAUX;
ESPRITE;Lyre profile LED à couteaux, 650W, zoom 5,5-50°• ROBE;;E04 - 1900759406;FAUX;FAUX;
ESPRITE;Lyre profile LED à couteaux, 650W, zoom 5,5-50°• ROBE;;1900759405;FAUX;FAUX;
ESPRITE;Lyre profile LED à couteaux, 650W, zoom 5,5-50°• ROBE;ROBE;E27 - 1900759404;FAUX;FAUX;
ESPRITE;Lyre profile LED à couteaux, 650W, zoom 5,5-50°• ROBE;;E14 - 1900759513;FAUX;FAUX;
ESPRITE;Lyre profile LED à couteaux, 650W, zoom 5,5-50°• ROBE;;1900759410;FAUX;FAUX;
ESPRITE;Lyre profile LED à couteaux, 650W, zoom 5,5-50°• ROBE;;E11 - 1900759408;FAUX;FAUX;
ESPRITE;Lyre profile LED à couteaux, 650W, zoom 5,5-50°• ROBE;;E21 - 1900759409;FAUX;FAUX;
PAINTE;LYRE spot à couteaux, 310 W, zoom 8-48° • ROBE;ROBE;P01 -  2300858495;FAUX;FAUX;
PAINTE;LYRE spot à couteaux, 310 W, zoom 8-48° • ROBE;ROBE;P02 -  2300855974;FAUX;FAUX;
PAINTE;LYRE spot à couteaux, 310 W, zoom 8-48° • ROBE;ROBE;P03 -  2300855971;FAUX;FAUX;
PAINTE;LYRE spot à couteaux, 310 W, zoom 8-48° • ROBE;ROBE;P04 -  2300858496;FAUX;FAUX;
PAINTE;LYRE spot à couteaux, 310 W, zoom 8-48° • ROBE;ROBE;P05 -  2300855995;FAUX;FAUX;
PAINTE;LYRE spot à couteaux, 310 W, zoom 8-48° • ROBE;ROBE;P06 -  2300857457;FAUX;FAUX;
PAINTE;LYRE spot à couteaux, 310 W, zoom 8-48° • ROBE;ROBE;P07 -  2300857456;FAUX;FAUX;
PAINTE;LYRE spot à couteaux, 310 W, zoom 8-48° • ROBE;ROBE;P08 -  2300855972;FAUX;FAUX;
PAINTE;LYRE spot à couteaux, 310 W, zoom 8-48° • ROBE;ROBE;P09 -  2300855987;FAUX;FAUX;
PAINTE;LYRE spot à couteaux, 310 W, zoom 8-48° • ROBE;ROBE;P10 -  2300857458;FAUX;FAUX;
PAINTE;LYRE spot à couteaux, 310 W, zoom 8-48° • ROBE;ROBE;P11 -  2300858497;FAUX;FAUX;
PAINTE;LYRE spot à couteaux, 310 W, zoom 8-48° • ROBE;ROBE;P12 -  2300857461;FAUX;FAUX;
PAINTE;LYRE spot à couteaux, 310 W, zoom 8-48° • ROBE;ROBE;P13 -  2300855993;FAUX;FAUX;
PAINTE;LYRE spot à couteaux, 310 W, zoom 8-48° • ROBE;ROBE;P14 -  2300855996;FAUX;FAUX;
PAINTE;LYRE spot à couteaux, 310 W, zoom 8-48° • ROBE;ROBE;P15 -  2300855994;FAUX;FAUX;
PAINTE;LYRE spot à couteaux, 310 W, zoom 8-48° • ROBE;ROBE;P16 -  2300857460;FAUX;FAUX;
PAINTE;LYRE spot à couteaux, 310 W, zoom 8-48° • ROBE;ROBE;P17 -  2300855970;FAUX;FAUX;
PAINTE;LYRE spot à couteaux, 310 W, zoom 8-48° • ROBE;ROBE;P18 -  2300855973;FAUX;FAUX;
PAINTE;LYRE spot à couteaux, 310 W, zoom 8-48° • ROBE;ROBE;P19 -  2300855988;FAUX;FAUX;
PAINTE;LYRE spot à couteaux, 310 W, zoom 8-48° • ROBE;ROBE;P20 -  2300857453;FAUX;FAUX;
PAINTE;LYRE spot à couteaux, 310 W, zoom 8-48° • ROBE;ROBE;P21 -  2300858498;FAUX;FAUX;
PAINTE;LYRE spot à couteaux, 310 W, zoom 8-48° • ROBE;ROBE;P22 -  2300855961;FAUX;FAUX;
PAINTE;LYRE spot à couteaux, 310 W, zoom 8-48° • ROBE;ROBE;P23 -  2300855990;FAUX;FAUX;
PAINTE;LYRE spot à couteaux, 310 W, zoom 8-48° • ROBE;ROBE;P24 -  2300855989;FAUX;FAUX;
PAINTE;LYRE spot à couteaux, 310 W, zoom 8-48° • ROBE;ROBE;P25 -  2300857452;FAUX;FAUX;
PAINTE;LYRE spot à couteaux, 310 W, zoom 8-48° • ROBE;ROBE;P26 -  2300857455;FAUX;FAUX;
PAINTE;LYRE spot à couteaux, 310 W, zoom 8-48° • ROBE;ROBE;P27 -  2300855969;FAUX;FAUX;
PAINTE;LYRE spot à couteaux, 310 W, zoom 8-48° • ROBE;ROBE;P28 -  2300855962;FAUX;FAUX;
PAINTE;LYRE spot à couteaux, 310 W, zoom 8-48° • ROBE;ROBE;P29 -  2300857454;FAUX;FAUX;
PAINTE;LYRE spot à couteaux, 310 W, zoom 8-48° • ROBE;ROBE;P30 -  2300857459;FAUX;FAUX;
VIPER;Mac Viper Profile DMX5•MARTIN;;V12 - 0788770045;FAUX;FAUX;
VIPER;Mac Viper Profile DMX5•MARTIN;;V11 - 0788770046;FAUX;FAUX;
VIPER;Mac Viper Profile DMX5•MARTIN;;V5 - 0788770065;FAUX;FAUX;
VIPER;Mac Viper Profile DMX5•MARTIN;;V3 - 0788770070;FAUX;FAUX;
VIPER;Mac Viper Profile DMX5•MARTIN;;V4 - 078877007;FAUX;FAUX;
VIPER;Mac Viper Profile DMX5•MARTIN;;V6 - 0788770072;FAUX;FAUX;
VIPER;Mac Viper Profile DMX5•MARTIN;;V7 - 0794820006;FAUX;FAUX;
VIPER;Mac Viper Profile DMX5•MARTIN;;V9 - 0794820007;FAUX;FAUX;
VIPER;Mac Viper Profile DMX5•MARTIN;;V10 - 0794820008;FAUX;FAUX;
VIPER;Mac Viper Profile DMX5•MARTIN;;V8 - 0794820009;FAUX;FAUX;
VIPER;Mac Viper Profile DMX5•MARTIN;;V1 - 0785650052;FAUX;FAUX;
VIPER;Mac Viper Profile DMX5•MARTIN;;V2 - 0785650053;FAUX;FAUX;
VIPER;Mac Viper Profile DMX5•MARTIN;;V13 - 1055080363;FAUX;FAUX;
VIPER;Mac Viper Profile DMX5•MARTIN;;V14 - 1055080366;FAUX;FAUX;
VIPER;Mac Viper Profile DMX5•MARTIN;;V15 - 1055080353;FAUX;FAUX;
VIPER;Mac Viper Profile DMX5•MARTIN;;V17 - 1055080367;FAUX;FAUX;
VIPER;Mac Viper Profile DMX5•MARTIN;;V16 - 1055080362;FAUX;FAUX;
VIPER;Mac Viper Profile DMX5•MARTIN;;V18 - 1055080371;FAUX;FAUX;
MDGME1-;Machine à brouillard  CO2 ME1 • MDG;MDG;ME1-24662;FAUX;FAUX;
HZ500;Machine à brouillard • ANTARI;ANTARI;HZ500_1_000004;FAUX;FAUX;
HZ500;Machine à brouillard • ANTARI;ANTARI;HZ500_1_000003;FAUX;FAUX;
HZ500;Machine à brouillard • ANTARI;ANTARI;HZ500_1_000002;FAUX;FAUX;
HZ500;Machine à brouillard • ANTARI;ANTARI;HZ500_1_000001;FAUX;FAUX;
MDGATMO-;Machine à brouillard CO2 Atmosphere • MDG;;MDGATMO-_1_000001;FAUX;FAUX;
UNIQUE;Machine à brouillard UNIQUE dmx512;LOOK;451108;FAUX;FAUX;
UNIQUE;Machine à brouillard UNIQUE dmx512;LOOK;420313;FAUX;FAUX;
UNIQUE;Machine à brouillard UNIQUE dmx512;LOOK;U21EU643216;FAUX;FAUX;
MDG3000;Machine à fumée CO2 SIMPLE CORPS;;;FAUX;FAUX;
STROMBO;MARTIN- Stromboscope Atomic 3000W;MARTIN;20757116;FAUX;FAUX;
STROMBO;MARTIN- Stromboscope Atomic 3000W;MARTIN;20757030;FAUX;FAUX;
STROMBO;MARTIN- Stromboscope Atomic 3000W;MARTIN;20757089;FAUX;FAUX;
STROMBO;MARTIN- Stromboscope Atomic 3000W;MARTIN;20757029;FAUX;FAUX;
MAC2000W;MARTIN-Lyre WASH MAC2000 wash;MARTIN;214047006172;FAUX;FAUX;
MAC2000W;MARTIN-Lyre WASH MAC2000 wash;MARTIN;214047006116;FAUX;FAUX;
MAC2000W;MARTIN-Lyre WASH MAC2000 wash;MARTIN;214047006151;FAUX;FAUX;
MAC2000W;MARTIN-Lyre WASH MAC2000 wash;MARTIN;214047006169;FAUX;FAUX;
MAC2000W;MARTIN-Lyre WASH MAC2000 wash;MARTIN;214047006168;FAUX;FAUX;
MAC2000W;MARTIN-Lyre WASH MAC2000 wash;MARTIN;214046626004;FAUX;FAUX;
MAC2000W;MARTIN-Lyre WASH MAC2000 wash;MARTIN;214046626039;FAUX;FAUX;
MAC2000W;MARTIN-Lyre WASH MAC2000 wash;MARTIN;214046626037;FAUX;FAUX;
RUSH PAR2;MARTIN•Par led zoom 10-60° / 12x12W;MARTIN;14550000973-1;FAUX;FAUX;
RUSH PAR2;MARTIN•Par led zoom 10-60° / 12x12W;MARTIN;14550000984-2;FAUX;FAUX;
RUSH PAR2;MARTIN•Par led zoom 10-60° / 12x12W;MARTIN;14550000970-3;FAUX;FAUX;
RUSH PAR2;MARTIN•Par led zoom 10-60° / 12x12W;MARTIN;14550000985-4;FAUX;FAUX;
RUSH PAR2;MARTIN•Par led zoom 10-60° / 12x12W;MARTIN;14550000967-5;FAUX;FAUX;
RUSH PAR2;MARTIN•Par led zoom 10-60° / 12x12W;MARTIN;14550000934-6;FAUX;FAUX;
RUSH PAR2;MARTIN•Par led zoom 10-60° / 12x12W;MARTIN;14550000975-7;FAUX;FAUX;
RUSH PAR2;MARTIN•Par led zoom 10-60° / 12x12W;MARTIN;14550000937-8;FAUX;FAUX;
RUSH PAR2;MARTIN•Par led zoom 10-60° / 12x12W;MARTIN;14550000990-9;FAUX;FAUX;
RUSH PAR2;MARTIN•Par led zoom 10-60° / 12x12W;MARTIN;14550000989-10;FAUX;FAUX;
RUSH PAR2;MARTIN•Par led zoom 10-60° / 12x12W;MARTIN;14550000945-11;FAUX;FAUX;
RUSH PAR2;MARTIN•Par led zoom 10-60° / 12x12W;MARTIN;14550000943-12;FAUX;FAUX;
RUSH PAR2;MARTIN•Par led zoom 10-60° / 12x12W;MARTIN;14550000998-13;FAUX;FAUX;
RUSH PAR2;MARTIN•Par led zoom 10-60° / 12x12W;MARTIN;14550000987-14;FAUX;FAUX;
RUSH PAR2;MARTIN•Par led zoom 10-60° / 12x12W;MARTIN;14550000986-15;FAUX;FAUX;
RUSH PAR2;MARTIN•Par led zoom 10-60° / 12x12W;MARTIN;14550000963-16;FAUX;FAUX;
RUSH PAR2;MARTIN•Par led zoom 10-60° / 12x12W;MARTIN;14550005528-17;FAUX;FAUX;
RUSH PAR2;MARTIN•Par led zoom 10-60° / 12x12W;MARTIN;14550005527-18;FAUX;FAUX;
RUSH PAR2;MARTIN•Par led zoom 10-60° / 12x12W;MARTIN;14550006736-19;FAUX;FAUX;
RUSH PAR2;MARTIN•Par led zoom 10-60° / 12x12W;MARTIN;14550006738-20;FAUX;FAUX;
RUSH PAR2;MARTIN•Par led zoom 10-60° / 12x12W;MARTIN;14550006745-21;FAUX;FAUX;
RUSH PAR2;MARTIN•Par led zoom 10-60° / 12x12W;MARTIN;14550006746-22;FAUX;FAUX;
RUSH PAR2;MARTIN•Par led zoom 10-60° / 12x12W;MARTIN;14550006728-23;FAUX;FAUX;
RUSH PAR2;MARTIN•Par led zoom 10-60° / 12x12W;MARTIN;14550006727-24;FAUX;FAUX;
RUSH PAR2;MARTIN•Par led zoom 10-60° / 12x12W;MARTIN;14550006731-25;FAUX;FAUX;
RUSH PAR2;MARTIN•Par led zoom 10-60° / 12x12W;MARTIN;14550006747-26;FAUX;FAUX;
RUSH PAR2;MARTIN•Par led zoom 10-60° / 12x12W;MARTIN;14550006734-27;FAUX;FAUX;
RUSH PAR2;MARTIN•Par led zoom 10-60° / 12x12W;MARTIN;14550006730-28;FAUX;FAUX;
RUSH PAR2;MARTIN•Par led zoom 10-60° / 12x12W;MARTIN;14550006732-29;FAUX;FAUX;
RUSH PAR2;MARTIN•Par led zoom 10-60° / 12x12W;MARTIN;14550006729-30;FAUX;FAUX;
RUSH PAR2;MARTIN•Par led zoom 10-60° / 12x12W;MARTIN;14550006742-31;FAUX;FAUX;
RUSH PAR2;MARTIN•Par led zoom 10-60° / 12x12W;MARTIN;14550006741-32;FAUX;FAUX;
RUSH PAR2;MARTIN•Par led zoom 10-60° / 12x12W;MARTIN;14550006751-33;FAUX;FAUX;
RUSH PAR2;MARTIN•Par led zoom 10-60° / 12x12W;MARTIN;14550006758-34;FAUX;FAUX;
RUSH PAR2;MARTIN•Par led zoom 10-60° / 12x12W;MARTIN;14550006810-35;FAUX;FAUX;
RUSH PAR2;MARTIN•Par led zoom 10-60° / 12x12W;MARTIN;-36;FAUX;FAUX;
C414;Micro à condensateur large membrane;;;FAUX;FAUX;
C414;Micro à condensateur large membrane;;;FAUX;FAUX;
C414;Micro à condensateur large membrane;;;FAUX;FAUX;
DPA 4088;Micro casque DPA d:fine 4088;DPA;M013448;FAUX;FAUX;
DPA 4088;Micro casque DPA d:fine 4088;DPA;M013447;FAUX;FAUX;
DPA 4088;Micro casque DPA d:fine 4088;DPA;M013460;FAUX;FAUX;
DPA 4088;Micro casque DPA d:fine 4088;DPA;M013452;FAUX;FAUX;
DPA 4088;Micro casque DPA d:fine 4088;DPA;M013445;FAUX;FAUX;
DPA 4088;Micro casque DPA d:fine 4088 chair;DPA;M013786;FAUX;FAUX;
DPA4066;Micro casque DPA4066 chair;DPA;P72321;FAUX;FAUX;
DPA4066;Micro casque DPA4066 chair;DPA;P72671;FAUX;FAUX;
DPA4066;Micro casque DPA4066 chair;DPA;P72325;FAUX;FAUX;
DPA4066;Micro casque DPA4066 chair;DPA;P72322;FAUX;FAUX;
DPA4066;Micro casque DPA4066 chair;DPA;P71998;FAUX;FAUX;
DPA4066;Micro casque DPA4066 chair;DPA;P50055;FAUX;FAUX;
DPA2012;Micro compact cardioïde•DPA;;2829387;FAUX;FAUX;
DPA4061 CHAIR;Micro miniature omni 4061 chair Lo-sens;;DPA4061 CHAIR_1_000001;FAUX;FAUX;
DPA4061 CHAIR;Micro miniature omni 4061 chair Lo-sens;;DPA4061 CHAIR_1_000002;FAUX;FAUX;
DPA4061 CHAIR;Micro miniature omni 4061 chair Lo-sens;;DPA4061 CHAIR_1_000003;FAUX;FAUX;
DPA4061 CHAIR;Micro miniature omni 4061 chair Lo-sens;;DPA4061 CHAIR_1_000004;FAUX;FAUX;
DPA4061 CHAIR;Micro miniature omni 4061 chair Lo-sens;;DPA4061 CHAIR_1_000005;FAUX;FAUX;
DPA4061 CHAIR;Micro miniature omni 4061 chair Lo-sens;;DPA4061 CHAIR_1_000006;FAUX;FAUX;
DPA4061 CHAIR;Micro miniature omni 4061 chair Lo-sens;;DPA4061 CHAIR_1_000007;FAUX;FAUX;
DPA4061 CHAIR;Micro miniature omni 4061 chair Lo-sens;;DPA4061 CHAIR_1_000008;FAUX;FAUX;
KSM137;Micro statique à condensateur • SHURE;;KSM137_1_000001;FAUX;FAUX;
KSM137;Micro statique à condensateur • SHURE;;KSM137_1_000002;FAUX;FAUX;
KSM137;Micro statique à condensateur • SHURE;;KSM137_1_000003;FAUX;FAUX;
KSM137;Micro statique à condensateur • SHURE;;KSM137_1_000004;FAUX;FAUX;
KSM137;Micro statique à condensateur • SHURE;;KSM137_1_000005;FAUX;FAUX;
KSM137;Micro statique à condensateur • SHURE;;KSM137_1_000006;FAUX;FAUX;
KSM137;Micro statique à condensateur • SHURE;;KSM137_1_000007;FAUX;FAUX;
KSM137;Micro statique à condensateur • SHURE;;KSM137_1_000008;FAUX;FAUX;
KSM137;Micro statique à condensateur • SHURE;;KSM137_1_000009;FAUX;FAUX;
KSM137;Micro statique à condensateur • SHURE;;KSM137_1_000010;FAUX;FAUX;
KSM137;Micro statique à condensateur • SHURE;;KSM137_1_000011;FAUX;FAUX;
KSM137;Micro statique à condensateur • SHURE;;KSM137_1_000012;FAUX;FAUX;
KSM137;Micro statique à condensateur • SHURE;;KSM137_1_000013;FAUX;FAUX;
KSM137;Micro statique à condensateur • SHURE;;KSM137_1_000014;FAUX;FAUX;
KSM137;Micro statique à condensateur • SHURE;;KSM137_1_000015;FAUX;FAUX;
KSM137;Micro statique à condensateur • SHURE;;KSM137_1_000016;FAUX;FAUX;
KSM137;Micro statique à condensateur • SHURE;;KSM137_1_000017;FAUX;FAUX;
KSM137;Micro statique à condensateur • SHURE;;KSM137_1_000018;FAUX;FAUX;
KSM137;Micro statique à condensateur • SHURE;;KSM137_1_000019;FAUX;FAUX;
KSM137;Micro statique à condensateur • SHURE;;KSM137_1_000020;FAUX;FAUX;
KSM137;Micro statique à condensateur • SHURE;;KSM137_1_000021;FAUX;FAUX;
KSM137;Micro statique à condensateur • SHURE;;KSM137_1_000022;FAUX;FAUX;
KSM137;Micro statique à condensateur • SHURE;;KSM137_1_000023;FAUX;FAUX;
KSM137;Micro statique à condensateur • SHURE;;KSM137_1_000024;FAUX;FAUX;
SM81;Micro statique SM81;;;FAUX;FAUX;
M32LIVE;MIDAS • Table de mixage numérique 32/16;;S210700686C7R;FAUX;FAUX;
MOT CHAINMSTR 1T;Moteur 1 T 4m/mn 21m de chaine;CHAINMASTER;906766;FAUX;FAUX;
MOT CHAINMSTR 1T;Moteur 1 T 4m/mn 21m de chaine;CHAINMASTER;502658;FAUX;FAUX;
MOT CHAINMSTR 1T;Moteur 1 T 4m/mn 21m de chaine;CHAINMASTER;906764;FAUX;FAUX;
MOT CHAINMSTR 1T;Moteur 1 T 4m/mn 21m de chaine;CHAINMASTER;906765;FAUX;FAUX;
MOT CHAINMSTR 1T;Moteur 1 T 4m/mn 21m de chaine;CHAINMASTER;906769;FAUX;FAUX;
MOT CHAINMSTR 1T;Moteur 1 T 4m/mn 21m de chaine;CHAINMASTER;906763;FAUX;FAUX;
MOT CHAINMSTR 1T;Moteur 1 T 4m/mn 21m de chaine;CHAINMASTER;MOT CHAINMSTR 1T_1_000007;FAUX;FAUX;
MOT CHAINMSTR 1T;Moteur 1 T 4m/mn 21m de chaine;CHAINMASTER;MOT CHAINMSTR 1T_1_000008;FAUX;FAUX;
MOT CHAINMSTR 1T;Moteur 1 T 4m/mn 21m de chaine;CHAINMASTER;MOT CHAINMSTR 1T_1_000009;FAUX;FAUX;
MOT LIFTKET 1T;Moteur 1 T 5m/mn 19m de chaine;LIFTKET;MOT LIFTKET 1T_1_000001;FAUX;FAUX;
MOT LIFTKET 1T;Moteur 1 T 5m/mn 19m de chaine;LIFTKET;MOT LIFTKET 1T_1_000002;FAUX;FAUX;
MOT LIFTKET 1T;Moteur 1 T 5m/mn 19m de chaine;LIFTKET;MOT LIFTKET 1T_1_000003;FAUX;FAUX;
MOT LIFTKET 1T;Moteur 1 T 5m/mn 19m de chaine;LIFTKET;MOT LIFTKET 1T_1_000004;FAUX;FAUX;
MOT LIFTKET 1T;Moteur 1 T 5m/mn 19m de chaine;LIFTKET;MOT LIFTKET 1T_1_000005;FAUX;FAUX;
MOT LIFTKET 1T;Moteur 1 T 5m/mn 19m de chaine;LIFTKET;MOT LIFTKET 1T_1_000006;FAUX;FAUX;
MOT LIFTKET 1T;Moteur 1 T 5m/mn 19m de chaine;LIFTKET;MOT LIFTKET 1T_1_000007;FAUX;FAUX;
MOT LIFTKET 1T;Moteur 1 T 5m/mn 19m de chaine;LIFTKET;MOT LIFTKET 1T_1_000008;FAUX;FAUX;
MOT LIFTKET 1T;Moteur 1 T 5m/mn 19m de chaine;LIFTKET;MOT LIFTKET 1T_1_000009;FAUX;FAUX;
MOT LIFTKET 1T;Moteur 1 T 5m/mn 19m de chaine;LIFTKET;MOT LIFTKET 1T_1_000010;FAUX;FAUX;
MOT LIFTKET 1T;Moteur 1 T 5m/mn 19m de chaine;LIFTKET;MOT LIFTKET 1T_1_000011;FAUX;FAUX;
MOT LIFTKET 1T;Moteur 1 T 5m/mn 19m de chaine;LIFTKET;MOT LIFTKET 1T_1_000012;FAUX;FAUX;
MOT LIFTKET 1T;Moteur 1 T 5m/mn 19m de chaine;LIFTKET;MOT LIFTKET 1T_1_000013;FAUX;FAUX;
MOT LIFTKET 1T;Moteur 1 T 5m/mn 19m de chaine;LIFTKET;MOT LIFTKET 1T_1_000014;FAUX;FAUX;
MOT LIFTKET 1T;Moteur 1 T 5m/mn 19m de chaine;LIFTKET;MOT LIFTKET 1T_1_000015;FAUX;FAUX;
MOT LIFTKET 1T;Moteur 1 T 5m/mn 19m de chaine;LIFTKET;MOT LIFTKET 1T_1_000016;FAUX;FAUX;
MOT LIFTKET 1T;Moteur 1 T 5m/mn 19m de chaine;LIFTKET;MOT LIFTKET 1T_1_000017;FAUX;FAUX;
MOT LIFTKET 1T;Moteur 1 T 5m/mn 19m de chaine;LIFTKET;MOT LIFTKET 1T_1_000018;FAUX;FAUX;
MOT LIFTKET 1T;Moteur 1 T 5m/mn 19m de chaine;LIFTKET;MOT LIFTKET 1T_1_000019;FAUX;FAUX;
MOT LIFTKET 1T;Moteur 1 T 5m/mn 19m de chaine;LIFTKET;MOT LIFTKET 1T_1_000020;FAUX;FAUX;
MOT LIFTKET 1T;Moteur 1 T 5m/mn 19m de chaine;LIFTKET;MOT LIFTKET 1T_1_000021;FAUX;FAUX;
MOT LIFTKET 1T;Moteur 1 T 5m/mn 19m de chaine;LIFTKET;MOT LIFTKET 1T_1_000022;FAUX;FAUX;
MOT LIFTKET 1T;Moteur 1 T 5m/mn 19m de chaine;LIFTKET;MOT LIFTKET 1T_1_000023;FAUX;FAUX;
MOT LIFTKET 1T;Moteur 1 T 5m/mn 19m de chaine;LIFTKET;MOT LIFTKET 1T_1_000024;FAUX;FAUX;
MOT LIFTKET 1T;Moteur 1 T 5m/mn 19m de chaine;LIFTKET;MOT LIFTKET 1T_1_000025;FAUX;FAUX;
MOT250KG;Moteur 250Kg 6m/mn 20,00m de chaine;CHAINMASTER;800560;FAUX;FAUX;
MOT250KG;Moteur 250Kg 6m/mn 20,00m de chaine;CHAINMASTER;A05339;FAUX;FAUX;
MOT250KG;Moteur 250Kg 6m/mn 20,00m de chaine;CHAINMASTER;18875;FAUX;FAUX;
MOT250KG;Moteur 250Kg 6m/mn 20,00m de chaine;CHAINMASTER;A03229;FAUX;FAUX;
MOT250KG;Moteur 250Kg 6m/mn 20,00m de chaine;CHAINMASTER;A05337;FAUX;FAUX;
MOT250KG;Moteur 250Kg 6m/mn 20,00m de chaine;CHAINMASTER;908615;FAUX;FAUX;
MOT250KG;Moteur 250Kg 6m/mn 20,00m de chaine;CHAINMASTER;710550;FAUX;FAUX;
MOT500KG;Moteur 500Kg 6m/mn 20,00m de chaine;STAGEMAKER;271171;FAUX;FAUX;
MOT500KG;Moteur 500Kg 6m/mn 20,00m de chaine;STAGEMAKER;A01053;FAUX;FAUX;
MOT500KG;Moteur 500Kg 6m/mn 20,00m de chaine;;MOT500KG_1_000003;FAUX;FAUX;
MOT 500 D8+;Moteur ChainMaster D8+ 500 KG - 20m de chaine - 4m/min;CHAINMASTER;S07350;FAUX;FAUX;
MOT 500 D8+;Moteur ChainMaster D8+ 500 KG - 20m de chaine - 4m/min;CHAINMASTER;S07357;FAUX;FAUX;
MOT 500 D8+;Moteur ChainMaster D8+ 500 KG - 20m de chaine - 4m/min;CHAINMASTER;S07363;FAUX;FAUX;
MOT 500 D8+;Moteur ChainMaster D8+ 500 KG - 20m de chaine - 4m/min;CHAINMASTER;S07387;FAUX;FAUX;
MOT CM1000;Moteur ChainMaster RiggingLift D8 1000 KG - 20m de chaine - 4m/min;CHAINMASTER;M23133;FAUX;FAUX;
MOT CM1000;Moteur ChainMaster RiggingLift D8 1000 KG - 20m de chaine - 4m/min;CHAINMASTER;M23176;FAUX;FAUX;
MOT CM1000;Moteur ChainMaster RiggingLift D8 1000 KG - 20m de chaine - 4m/min;CHAINMASTER;M23189;FAUX;FAUX;
MOT CM1000;Moteur ChainMaster RiggingLift D8 1000 KG - 20m de chaine - 4m/min;CHAINMASTER;M23115;FAUX;FAUX;
MOT CM1000;Moteur ChainMaster RiggingLift D8 1000 KG - 20m de chaine - 4m/min;CHAINMASTER;M23118;FAUX;FAUX;
MOT CM1000;Moteur ChainMaster RiggingLift D8 1000 KG - 20m de chaine - 4m/min;CHAINMASTER;M23192;FAUX;FAUX;
MOT CM1000;Moteur ChainMaster RiggingLift D8 1000 KG - 20m de chaine - 4m/min;CHAINMASTER;M23153;FAUX;FAUX;
MOT CM1000;Moteur ChainMaster RiggingLift D8 1000 KG - 20m de chaine - 4m/min;CHAINMASTER;M23173;FAUX;FAUX;
MOT CM1000;Moteur ChainMaster RiggingLift D8 1000 KG - 20m de chaine - 4m/min;CHAINMASTER;M23135;FAUX;FAUX;
MOT CM1000;Moteur ChainMaster RiggingLift D8 1000 KG - 20m de chaine - 4m/min;CHAINMASTER;M23179;FAUX;FAUX;
MOT CM1000;Moteur ChainMaster RiggingLift D8 1000 KG - 20m de chaine - 4m/min;CHAINMASTER;M23125;FAUX;FAUX;
MOT CM1000;Moteur ChainMaster RiggingLift D8 1000 KG - 20m de chaine - 4m/min;CHAINMASTER;M23142;FAUX;FAUX;
MOT CM1000;Moteur ChainMaster RiggingLift D8 1000 KG - 20m de chaine - 4m/min;CHAINMASTER;M23183;FAUX;FAUX;
MOT CM1000;Moteur ChainMaster RiggingLift D8 1000 KG - 20m de chaine - 4m/min;CHAINMASTER;M23141;FAUX;FAUX;
MOT CM1000;Moteur ChainMaster RiggingLift D8 1000 KG - 20m de chaine - 4m/min;CHAINMASTER;M23124;FAUX;FAUX;
MOT CM1000;Moteur ChainMaster RiggingLift D8 1000 KG - 20m de chaine - 4m/min;CHAINMASTER;M23143;FAUX;FAUX;
MOT CM1000;Moteur ChainMaster RiggingLift D8 1000 KG - 20m de chaine - 4m/min;CHAINMASTER;M23163;FAUX;FAUX;
MOT CM1000;Moteur ChainMaster RiggingLift D8 1000 KG - 20m de chaine - 4m/min;CHAINMASTER;M23127;FAUX;FAUX;
MOT CM1000;Moteur ChainMaster RiggingLift D8 1000 KG - 20m de chaine - 4m/min;CHAINMASTER;M23162;FAUX;FAUX;
MOT CM1000;Moteur ChainMaster RiggingLift D8 1000 KG - 20m de chaine - 4m/min;CHAINMASTER;M23174;FAUX;FAUX;
MOT CM-320;Moteur ChainMaster RiggingLift D8 320 KG - 20m de chaine - 4m/min;CHAINMASTER;M23873;FAUX;FAUX;
MOT CM-320;Moteur ChainMaster RiggingLift D8 320 KG - 20m de chaine - 4m/min;CHAINMASTER;P17861;FAUX;FAUX;
MOT CM-320;Moteur ChainMaster RiggingLift D8 320 KG - 20m de chaine - 4m/min;CHAINMASTER;M23898;FAUX;FAUX;
MOT CM-320;Moteur ChainMaster RiggingLift D8 320 KG - 20m de chaine - 4m/min;CHAINMASTER;N29577;FAUX;FAUX;
MOT CM-320;Moteur ChainMaster RiggingLift D8 320 KG - 20m de chaine - 4m/min;CHAINMASTER;MOT CM-320_1_000005;FAUX;FAUX;
MOT CM-320;Moteur ChainMaster RiggingLift D8 320 KG - 20m de chaine - 4m/min;CHAINMASTER;MOT CM-320_1_000006;FAUX;FAUX;
MOT CM-320;Moteur ChainMaster RiggingLift D8 320 KG - 20m de chaine - 4m/min;CHAINMASTER;MOT CM-320_1_000007;FAUX;FAUX;
MOT CM-320;Moteur ChainMaster RiggingLift D8 320 KG - 20m de chaine - 4m/min;CHAINMASTER;MOT CM-320_1_000008;FAUX;FAUX;
MOT CM-320;Moteur ChainMaster RiggingLift D8 320 KG - 20m de chaine - 4m/min;CHAINMASTER;MOT CM-320_1_000009;FAUX;FAUX;
MOT CM-320;Moteur ChainMaster RiggingLift D8 320 KG - 20m de chaine - 4m/min;CHAINMASTER;MOT CM-320_1_000010;FAUX;FAUX;
MOT CM-320;Moteur ChainMaster RiggingLift D8 320 KG - 20m de chaine - 4m/min;CHAINMASTER;MOT CM-320_1_000011;FAUX;FAUX;
MOT CM-320;Moteur ChainMaster RiggingLift D8 320 KG - 20m de chaine - 4m/min;CHAINMASTER;MOT CM-320_1_000012;FAUX;FAUX;
MOT CM-320;Moteur ChainMaster RiggingLift D8 320 KG - 20m de chaine - 4m/min;CHAINMASTER;MOT CM-320_1_000013;FAUX;FAUX;
MOT CM-320;Moteur ChainMaster RiggingLift D8 320 KG - 20m de chaine - 4m/min;CHAINMASTER;MOT CM-320_1_000014;FAUX;FAUX;
MOT CM-320;Moteur ChainMaster RiggingLift D8 320 KG - 20m de chaine - 4m/min;CHAINMASTER;MOT CM-320_1_000015;FAUX;FAUX;
MOT CM-320;Moteur ChainMaster RiggingLift D8 320 KG - 20m de chaine - 4m/min;CHAINMASTER;MOT CM-320_1_000016;FAUX;FAUX;
MOT CM-320;Moteur ChainMaster RiggingLift D8 320 KG - 20m de chaine - 4m/min;CHAINMASTER;MOT CM-320_1_000017;FAUX;FAUX;
MOT CM-320;Moteur ChainMaster RiggingLift D8 320 KG - 20m de chaine - 4m/min;CHAINMASTER;MOT CM-320_1_000018;FAUX;FAUX;
MOT CM-320;Moteur ChainMaster RiggingLift D8 320 KG - 20m de chaine - 4m/min;CHAINMASTER;MOT CM-320_1_000019;FAUX;FAUX;
MOT CM-320;Moteur ChainMaster RiggingLift D8 320 KG - 20m de chaine - 4m/min;CHAINMASTER;MOT CM-320_1_000020;FAUX;FAUX;
M2000;multi effets M2000;;1115872;FAUX;FAUX;
M3000;Multi effets M3000;;1807058;FAUX;FAUX;
SPX2000;multi effets SPX2000;;HAKX01109;FAUX;FAUX;
SPX2000;multi effets SPX2000;;HALH01078;FAUX;FAUX;
SPX2000;multi effets SPX2000;;HAKX01091;FAUX;FAUX;
SPX2000;multi effets SPX2000;;HAPYO1009;FAUX;FAUX;
SPX990;Multi effets SPX990;YAMAHA;NM0105;FAUX;FAUX;
SPX990;Multi effets SPX990;;QHO1082;FAUX;FAUX;
PCM92;Multi-effets PCM92•LEXICON;LEXICON;93070282;FAUX;FAUX;
PCM92;Multi-effets PCM92•LEXICON;LEXICON;93070287;FAUX;FAUX;
PCM70;Multieffet numérique PCM70;;70-1172;FAUX;FAUX;
PCM96;Multieffet numérique PCM96;LEXICON;1000758;FAUX;FAUX;
PCM96;Multieffet numérique PCM96;;1000776;FAUX;FAUX;
PCM96;Multieffet numérique PCM96;;;FAUX;FAUX;
PCM96;Multieffet numérique PCM96;;;FAUX;FAUX;
AUTAN;OXO • bloc de puissance 4 X 5A - PC16FR 10/16;;AUTAN_1_000001;FAUX;FAUX;
AUTAN;OXO • bloc de puissance 4 X 5A - PC16FR 10/16;;AUTAN_1_000002;FAUX;FAUX;
AUTAN;OXO • bloc de puissance 4 X 5A - PC16FR 10/16;;AUTAN_1_000003;FAUX;FAUX;
AUTAN;OXO • bloc de puissance 4 X 5A - PC16FR 10/16;;AUTAN_1_000004;FAUX;FAUX;
AUTAN;OXO • bloc de puissance 4 X 5A - PC16FR 10/16;;AUTAN_1_000005;FAUX;FAUX;
AUTAN;OXO • bloc de puissance 4 X 5A - PC16FR 10/16;;AUTAN_1_000006;FAUX;FAUX;
SIMOUN2;OXO•bloc de puissance 1 x 10A / PC16 / DMX 3pts;;EMAG-02763;FAUX;FAUX;
SIMOUN2;OXO•bloc de puissance 1 x 10A / PC16 / DMX 3pts;;EMAG-02764;FAUX;FAUX;
SIMOUN2;OXO•bloc de puissance 1 x 10A / PC16 / DMX 3pts;;EMAG-02765;FAUX;FAUX;
SIMOUN2;OXO•bloc de puissance 1 x 10A / PC16 / DMX 3pts;;EMAG-02766;FAUX;FAUX;
SIMOUN2;OXO•bloc de puissance 1 x 10A / PC16 / DMX 3pts;;EMAG-02767;FAUX;FAUX;
SIMOUN2;OXO•bloc de puissance 1 x 10A / PC16 / DMX 3pts;;EMAG-02768;FAUX;FAUX;
SIMOUN2;OXO•bloc de puissance 1 x 10A / PC16 / DMX 3pts;;EMAG-02769;FAUX;FAUX;
RUSH PAR2;PAR led zoom 10-60° / 12x12W • MARTIN;MARTIN;15450058812;FAUX;FAUX;
RUSH PAR2;PAR led zoom 10-60° / 12x12W • MARTIN;MARTIN;15450058813;FAUX;FAUX;
RUSH PAR2;PAR led zoom 10-60° / 12x12W • MARTIN;MARTIN;15450058828;FAUX;FAUX;
RUSH PAR2;PAR led zoom 10-60° / 12x12W • MARTIN;MARTIN;15450058829;FAUX;FAUX;
RUSH PAR2;PAR led zoom 10-60° / 12x12W • MARTIN;MARTIN;15450058856;FAUX;FAUX;
RUSH PAR2;PAR led zoom 10-60° / 12x12W • MARTIN;MARTIN;15450058857;FAUX;FAUX;
RUSH PAR2;PAR led zoom 10-60° / 12x12W • MARTIN;MARTIN;15450058860;FAUX;FAUX;
RUSH PAR2;PAR led zoom 10-60° / 12x12W • MARTIN;MARTIN;15450058861;FAUX;FAUX;
RUSH PAR2;PAR led zoom 10-60° / 12x12W • MARTIN;MARTIN;15450058881;FAUX;FAUX;
RUSH PAR2;PAR led zoom 10-60° / 12x12W • MARTIN;MARTIN;15450058882;FAUX;FAUX;
RUSH PAR2;PAR led zoom 10-60° / 12x12W • MARTIN;MARTIN;15450058892;FAUX;FAUX;
RUSH PAR2;PAR led zoom 10-60° / 12x12W • MARTIN;MARTIN;15450058893;FAUX;FAUX;
RUSH PAR2;PAR led zoom 10-60° / 12x12W • MARTIN;MARTIN;14550031616;FAUX;FAUX;
PCKOLOR DW;PC led 180W blanc chaud / blanc froid COB 30°;STARWAY;1809271,00 F;FAUX;FAUX;
PCKOLOR DW;PC led 180W blanc chaud / blanc froid COB 30°;STARWAY;1809281,00 F;FAUX;FAUX;
PCKOLOR DW;PC led 180W blanc chaud / blanc froid COB 30°;STARWAY;1809291,00 F;FAUX;FAUX;
PCKOLOR DW;PC led 180W blanc chaud / blanc froid COB 30°;STARWAY;1809301,00 F;FAUX;FAUX;
PCKOLOR DW;PC led 180W blanc chaud / blanc froid COB 30°;STARWAY;1809311,00 F;FAUX;FAUX;
PCKOLOR DW;PC led 180W blanc chaud / blanc froid COB 30°;STARWAY;1809321,00 F;FAUX;FAUX;
PCKOLOR DW;PC led 180W blanc chaud / blanc froid COB 30°;STARWAY;1809331,00 F;FAUX;FAUX;
PCKOLOR DW;PC led 180W blanc chaud / blanc froid COB 30°;STARWAY;1809341,00 F;FAUX;FAUX;
PCKOLOR DW;PC led 180W blanc chaud / blanc froid COB 30°;STARWAY;1809351,00 F;FAUX;FAUX;
PCKOLOR DW;PC led 180W blanc chaud / blanc froid COB 30°;STARWAY;1809361,00 F;FAUX;FAUX;
PCKOLOR DW;PC led 180W blanc chaud / blanc froid COB 30°;STARWAY;1809371,00 F;FAUX;FAUX;
PCKOLOR DW;PC led 180W blanc chaud / blanc froid COB 30°;STARWAY;1809381,00 F;FAUX;FAUX;
PEND9X2.80;Pendrillon 9mx2.80m;;PEND9X2.80_1_000032;FAUX;FAUX;
PEND9X2.80;Pendrillon 9mx2.80m;;PEND9X2.80_1_000031;FAUX;FAUX;
PEND9X2.80;Pendrillon 9mx2.80m;;PEND9X2.80_1_000030;FAUX;FAUX;
PEND9X2.80;Pendrillon 9mx2.80m;;PEND9X2.80_1_000029;FAUX;FAUX;
PEND9X2.80;Pendrillon 9mx2.80m;;PEND9X2.80_1_000028;FAUX;FAUX;
PEND9X2.80;Pendrillon 9mx2.80m;;PEND9X2.80_1_000027;FAUX;FAUX;
PEND9X2.80;Pendrillon 9mx2.80m;;PEND9X2.80_1_000026;FAUX;FAUX;
PEND9X2.80;Pendrillon 9mx2.80m;;PEND9X2.80_1_000025;FAUX;FAUX;
PEND9X2.80;Pendrillon 9mx2.80m;;PEND9X2.80_1_000024;FAUX;FAUX;
PEND9X2.80;Pendrillon 9mx2.80m;;PEND9X2.80_1_000023;FAUX;FAUX;
PEND9X2.80;Pendrillon 9mx2.80m;;PEND9X2.80_1_000022;FAUX;FAUX;
PEND9X2.80;Pendrillon 9mx2.80m;;PEND9X2.80_1_000021;FAUX;FAUX;
PEND9X2.80;Pendrillon 9mx2.80m;;PEND9X2.80_1_000020;FAUX;FAUX;
PEND9X2.80;Pendrillon 9mx2.80m;;PEND9X2.80_1_000019;FAUX;FAUX;
PEND9X2.80;Pendrillon 9mx2.80m;;PEND9X2.80_1_000018;FAUX;FAUX;
PEND9X2.80;Pendrillon 9mx2.80m;;PEND9X2.80_1_000017;FAUX;FAUX;
PEND9X2.80;Pendrillon 9mx2.80m;;PEND9X2.80_1_000016;FAUX;FAUX;
PEND9X2.80;Pendrillon 9mx2.80m;;PEND9X2.80_1_000015;FAUX;FAUX;
PEND9X2.80;Pendrillon 9mx2.80m;;PEND9X2.80_1_000014;FAUX;FAUX;
PEND9X2.80;Pendrillon 9mx2.80m;;PEND9X2.80_1_000013;FAUX;FAUX;
PEND9X2.80;Pendrillon 9mx2.80m;;PEND9X2.80_1_000012;FAUX;FAUX;
PEND9X2.80;Pendrillon 9mx2.80m;;PEND9X2.80_1_000011;FAUX;FAUX;
PEND9X2.80;Pendrillon 9mx2.80m;;PEND9X2.80_1_000010;FAUX;FAUX;
PEND9X2.80;Pendrillon 9mx2.80m;;PEND9X2.80_1_000009;FAUX;FAUX;
PEND9X2.80;Pendrillon 9mx2.80m;;PEND9X2.80_1_000008;FAUX;FAUX;
PEND9X2.80;Pendrillon 9mx2.80m;;PEND9X2.80_1_000007;FAUX;FAUX;
PEND9X2.80;Pendrillon 9mx2.80m;;PEND9X2.80_1_000006;FAUX;FAUX;
PEND9X2.80;Pendrillon 9mx2.80m;;PEND9X2.80_1_000005;FAUX;FAUX;
PEND9X2.80;Pendrillon 9mx2.80m;;PEND9X2.80_1_000004;FAUX;FAUX;
PEND9X2.80;Pendrillon 9mx2.80m;;PEND9X2.80_1_000003;FAUX;FAUX;
PEND9X2.80;Pendrillon 9mx2.80m;;PEND9X2.80_1_000002;FAUX;FAUX;
PEND9X2.80;Pendrillon 9mx2.80m;;PEND9X2.80_1_000001;FAUX;FAUX;
ST25;Pied de levage charge 350 KG Ht 7,00m;;;FAUX;FAUX;
ST25;Pied de levage charge 350 KG Ht 7,00m;;;FAUX;FAUX;
MT470;Pied de levage MAT UP 4,7m-150Kg-Treuil;;;FAUX;FAUX;
ST25;Pied de levage ST25 charge 295 KG Ht 7,00m;;ST25_1_000003;FAUX;FAUX;
ST25;Pied de levage ST25 charge 295 KG Ht 7,00m;;ST25_1_000004;FAUX;FAUX;
TE034;Pied de levage TE034 charge 125Kg Ht 3,8m;;63923;FAUX;FAUX;
TE034;Pied de levage TE034 charge 125Kg Ht 3,8m;;63924;FAUX;FAUX;
TL056;Pied de levage TL056 charge 200KG Ht 6,50m;VMB;87851;FAUX;FAUX;
TL056;Pied de levage TL056 charge 200KG Ht 6,50m;VMB;87850;FAUX;FAUX;
TL056;Pied de levage TL056 charge 200KG Ht 6,50m;VMB;87849;FAUX;FAUX;
TL056;Pied de levage TL056 charge 200KG Ht 6,50m;VMB;87848;FAUX;FAUX;
POURSLEDARTHUR;Poursuite 1014 Arthur LED 800W avec trépied-filtre•JULIAT;;PRJ10140545;FAUX;FAUX;
POURS2500;Poursuite ARAMIS 2500 HMI 4,5/8°;ROBERT-JULLIAT;4083;FAUX;FAUX;
VT737;Préampli/comp/eq mono à lampes;AVALON;27215;FAUX;FAUX;
VT747;Préampli/eq  stéréo à lampes;;46659;FAUX;FAUX;
XL42;Préampli/EQ 2 canaux MIDAS;;42834;FAUX;FAUX;
XL42;Préampli/EQ 2 canaux MIDAS;;43497;FAUX;FAUX;
ISA220;Préampli/eq/comp;;OT00955;FAUX;FAUX;
P1;Processeur AVB et plateforme de mesure • L'ACOUSTICS;L-ACOUSTICS;1400005499;FAUX;FAUX;
M7;Processeur de Réverbération Numérique Stéréo • BRICASTI;;#111195;FAUX;FAUX;
M7;Processeur de Réverbération Numérique Stéréo • BRICASTI;;#111194;FAUX;FAUX;
DISTRESSOR;Processeur dynamique mono;;19136;FAUX;FAUX;
DISTRESSOR;Processeur dynamique mono;;19137;FAUX;FAUX;
LAKECONTOUR;Processeur LAKE 2E/6S;;5622;FAUX;FAUX;
LAKECONTOUR;Processeur LAKE 2E/6S;;5633;FAUX;FAUX;
DOLBYLAKE;PROCESSEUR LP4D12;;502527;FAUX;FAUX;
PAR36;"Projecteur 36""F1""30w/6v";;;FAUX;FAUX;
PAR36;"Projecteur 36""F1""30w/6v";;PAR36_1_000002;FAUX;FAUX;
PAR36;"Projecteur 36""F1""30w/6v";;PAR36_1_000003;FAUX;FAUX;
PAR36;"Projecteur 36""F1""30w/6v";;PAR36_1_000004;FAUX;FAUX;
PAR36;"Projecteur 36""F1""30w/6v";;PAR36_1_000005;FAUX;FAUX;
PAR36;"Projecteur 36""F1""30w/6v";;PAR36_1_000006;FAUX;FAUX;
PAR36;"Projecteur 36""F1""30w/6v";;PAR36_1_000007;FAUX;FAUX;
PAR36;"Projecteur 36""F1""30w/6v";;PAR36_1_000008;FAUX;FAUX;
PAR36;"Projecteur 36""F1""30w/6v";;PAR36_1_000009;FAUX;FAUX;
PAR36;"Projecteur 36""F1""30w/6v";;PAR36_1_000010;FAUX;FAUX;
PAR36;"Projecteur 36""F1""30w/6v";;PAR36_1_000011;FAUX;FAUX;
PROLONG05;Prolongateur 3G1,5 HO7RNF 16A 5,00m;;;FAUX;FAUX;
DL441;Quadruple compresseur/gate;;4341;FAUX;FAUX;
DL441;Quadruple compresseur/gate;;3803;FAUX;FAUX;
DL441;Quadruple compresseur/gate;;3810;FAUX;FAUX;
DS404;Quadruple Noisegate;;5554;FAUX;FAUX;
DS404;Quadruple Noisegate;;6178;FAUX;FAUX;
RK9U;Rack 9 U;L-ACOUSTICS;2-6402612;FAUX;FAUX;
RK9U;Rack 9 U;L-ACOUSTICS;3-6402614;FAUX;FAUX;
RK9U;Rack 9 U;L-ACOUSTICS;1-6402615;FAUX;FAUX;
LARAK;Rack de tournée L-ACOUSTICS;L-ACOUSTICS;6402614;FAUX;VRAI;
LARAK;Rack de tournée L-ACOUSTICS;L-ACOUSTICS;6402612;FAUX;VRAI;
LARAK;Rack de tournée L-ACOUSTICS;L-ACOUSTICS;6402615;FAUX;VRAI;
CS4;Rampe ACL motorisée;STUDIODUE;11692C;FAUX;FAUX;
CS4;Rampe ACL motorisée;STUDIODUE;11696C;FAUX;FAUX;
CS4;Rampe ACL motorisée;STUDIODUE;11699C;FAUX;FAUX;
CS4;Rampe ACL motorisée;STUDIODUE;11700;FAUX;FAUX;
AD4D;Récépteur shure double numérique série AXIENT • SHURE;SHURE;2RH1597767;FAUX;FAUX;
AD4D;Récépteur shure double numérique série AXIENT • SHURE;SHURE;2RK2959982;FAUX;FAUX;
AD4D;Récépteur shure double numérique série AXIENT • SHURE;SHURE;2RK2959990;FAUX;FAUX;
AD4D;Récépteur shure double numérique série AXIENT • SHURE;SHURE;2RK2959997;FAUX;FAUX;
AD4D;Récépteur shure double numérique série AXIENT • SHURE;SHURE;2CG31157110;FAUX;FAUX;
AD4D;Récépteur shure double numérique série AXIENT • SHURE;SHURE;2CG31157122;FAUX;FAUX;
AD4D;Récépteur shure double numérique série AXIENT • SHURE;SHURE;2EE16211096;FAUX;FAUX;
AD4D;Récépteur shure double numérique série AXIENT • SHURE;SHURE;2EE19211161;FAUX;FAUX;
SB18-118-;"Renfort de grave 1 x 18"" • L'ACOUSTICS";L-ACOUSTICS;8689;FAUX;FAUX;
SB18-118-;"Renfort de grave 1 x 18"" • L'ACOUSTICS";L-ACOUSTICS;8769;FAUX;FAUX;
SB18-118-;"Renfort de grave 1 x 18"" • L'ACOUSTICS";L-ACOUSTICS;8770;FAUX;FAUX;
SB18-118-;"Renfort de grave 1 x 18"" • L'ACOUSTICS";L-ACOUSTICS;8690;FAUX;FAUX;
SB18-118-;"Renfort de grave 1 x 18"" L'ACOUSTICS";L-ACOUSTICS;4879;FAUX;FAUX;
SB18-118-;"Renfort de grave 1 x 18"" L'ACOUSTICS";L-ACOUSTICS;4883;FAUX;FAUX;
SB18-118-;"Renfort de grave 1 x 18"" L'ACOUSTICS";L-ACOUSTICS;4878;FAUX;FAUX;
SB18-118-;"Renfort de grave 1 x 18"" L'ACOUSTICS";L-ACOUSTICS;4882;FAUX;FAUX;
SB28-;"Renfort de grave 2x18"" L-ACOUSTICS";;4345;FAUX;FAUX;
SB28-;"Renfort de grave 2x18"" L-ACOUSTICS";;4348;FAUX;FAUX;
SB28-;"Renfort de grave 2x18"" L-ACOUSTICS";;3170;FAUX;FAUX;
SB28-;"Renfort de grave 2x18"" L-ACOUSTICS";;9125;FAUX;FAUX;
SB28-;"Renfort de grave 2x18"" L-ACOUSTICS";;8300;FAUX;FAUX;
SB28-;"Renfort de grave 2x18"" L-ACOUSTICS";;4342;FAUX;FAUX;
SB28-;"Renfort de grave 2x18"" L-ACOUSTICS";;8292;FAUX;FAUX;
SB28-;"Renfort de grave 2x18"" L-ACOUSTICS";;9124;FAUX;FAUX;
SB28-;"Renfort de grave 2x18"" L-ACOUSTICS";;9123;FAUX;FAUX;
SB28-;"Renfort de grave 2x18"" L-ACOUSTICS";;4338;FAUX;FAUX;
SB28-;"Renfort de grave 2x18"" L-ACOUSTICS";;2633;FAUX;FAUX;
SB28-;"Renfort de grave 2x18"" L-ACOUSTICS";;2654;FAUX;FAUX;
SB28-;"Renfort de grave 2x18"" L-ACOUSTICS";;8301;FAUX;FAUX;
SB28-;"Renfort de grave 2x18"" L-ACOUSTICS";;2651;FAUX;FAUX;
SB28-;"Renfort de grave 2x18"" L-ACOUSTICS";;8298;FAUX;FAUX;
SB28-;"Renfort de grave 2x18"" L-ACOUSTICS";;8304;FAUX;FAUX;
SB28-;"Renfort de grave 2x18"" L-ACOUSTICS";;2635;FAUX;FAUX;
SB28-;"Renfort de grave 2x18"" L-ACOUSTICS";;8142;FAUX;FAUX;
SB28-;"Renfort de grave 2x18"" L-ACOUSTICS";;4346;FAUX;FAUX;
SB28-;"Renfort de grave 2x18"" L-ACOUSTICS";;4344;FAUX;FAUX;
SB28-;"Renfort de grave 2x18"" L-ACOUSTICS";;8141;FAUX;FAUX;
SB28-;"Renfort de grave 2x18"" L-ACOUSTICS";;8305;FAUX;FAUX;
SB28-;"Renfort de grave 2x18"" L-ACOUSTICS";;9122;FAUX;FAUX;
SB28-;"Renfort de grave 2x18"" L-ACOUSTICS";;8214;FAUX;FAUX;
SB28-;"Renfort de grave 2x18"" L-ACOUSTICS";;3169;FAUX;FAUX;
SB28-;"Renfort de grave 2x18"" L-ACOUSTICS";;8299;FAUX;FAUX;
SB28-;"Renfort de grave 2x18"" L-ACOUSTICS";;4347;FAUX;FAUX;
SB28-;"Renfort de grave 2x18"" L-ACOUSTICS";;4349;FAUX;FAUX;
KS28-;Renfort de grave accrochable 2 x 18'' • L'ACOUSTICS;;KS28_1_000018;FAUX;FAUX;
KS28-;Renfort de grave accrochable 2 x 18'' • L'ACOUSTICS;;KS28_1_000017;FAUX;FAUX;
KS28-;Renfort de grave accrochable 2 x 18'' • L'ACOUSTICS;;KS28_1_000016;FAUX;FAUX;
KS28-;Renfort de grave accrochable 2 x 18'' • L'ACOUSTICS;;KS28_1_000015;FAUX;FAUX;
KS28-;Renfort de grave accrochable 2 x 18'' • L'ACOUSTICS;L-ACOUSTICS;1320036144;FAUX;FAUX;
KS28-;Renfort de grave accrochable 2 x 18'' • L'ACOUSTICS;L-ACOUSTICS;1320036129143;FAUX;FAUX;
KS28-;Renfort de grave accrochable 2 x 18'' • L'ACOUSTICS;L-ACOUSTICS;1320036135;FAUX;FAUX;
KS28-;Renfort de grave accrochable 2 x 18'' • L'ACOUSTICS;L-ACOUSTICS;1320036116;FAUX;FAUX;
KS28-;Renfort de grave accrochable 2 x 18'' • L'ACOUSTICS;L-ACOUSTICS;1320036129;FAUX;FAUX;
KS28-;Renfort de grave accrochable 2 x 18'' • L'ACOUSTICS;L-ACOUSTICS;1320036115;FAUX;FAUX;
KS28-;Renfort de grave accrochable 2 x 18'' • L'ACOUSTICS;L-ACOUSTICS;1320009851;FAUX;FAUX;
KS28-;Renfort de grave accrochable 2 x 18'' • L'ACOUSTICS;L-ACOUSTICS;1320009852;FAUX;FAUX;
KS28-;Renfort de grave accrochable 2 x 18'' • L'ACOUSTICS;L-ACOUSTICS;1320009853;FAUX;FAUX;
KS28-;Renfort de grave accrochable 2 x 18'' • L'ACOUSTICS;L-ACOUSTICS;1320009854;FAUX;FAUX;
KS28-;Renfort de grave accrochable 2 x 18'' • L'ACOUSTICS;L-ACOUSTICS;1320009862;FAUX;FAUX;
KS28-;Renfort de grave accrochable 2 x 18'' • L'ACOUSTICS;L-ACOUSTICS;1320009864;FAUX;FAUX;
KS28-;Renfort de grave accrochable 2 x 18'' • L'ACOUSTICS;L-ACOUSTICS;1320009871;FAUX;FAUX;
KS28-;Renfort de grave accrochable 2 x 18'' • L'ACOUSTICS;L-ACOUSTICS;1320009872;FAUX;FAUX;
M15A;"Retour de scène actif 15""-4""ADAMSON";ADAMSON;79104;FAUX;FAUX;
M15A;"Retour de scène actif 15""-4""ADAMSON";ADAMSON;79110;FAUX;FAUX;
M15A;"Retour de scène actif 15""-4""ADAMSON";ADAMSON;79283;FAUX;FAUX;
M15A;"Retour de scène actif 15""-4""ADAMSON";ADAMSON;76775;FAUX;FAUX;
M15A;"Retour de scène actif 15""-4""ADAMSON";ADAMSON;79108;FAUX;FAUX;
M15A;"Retour de scène actif 15""-4""ADAMSON";ADAMSON;79274;FAUX;FAUX;
M15A;"Retour de scène actif 15""-4""ADAMSON";ADAMSON;79281;FAUX;FAUX;
M15A;"Retour de scène actif 15""-4""ADAMSON";ADAMSON;79275;FAUX;FAUX;
M15A;"Retour de scène actif 15""-4""ADAMSON";ADAMSON;76779;FAUX;FAUX;
M15A;"Retour de scène actif 15""-4""ADAMSON";ADAMSON;79271;FAUX;FAUX;
M15A;"Retour de scène actif 15""-4""ADAMSON";ADAMSON;79278;FAUX;FAUX;
M15A;"Retour de scène actif 15""-4""ADAMSON";ADAMSON;79270;FAUX;FAUX;
M15A;"Retour de scène actif 15""-4""ADAMSON";ADAMSON;79280;FAUX;FAUX;
M15A;"Retour de scène actif 15""-4""ADAMSON";ADAMSON;79279;FAUX;FAUX;
M15A;"Retour de scène actif 15""-4""ADAMSON";ADAMSON;79272;FAUX;FAUX;
M15A;"Retour de scène actif 15""-4""ADAMSON";ADAMSON;79277;FAUX;FAUX;
M15A;"Retour de scène actif 15""-4""ADAMSON";ADAMSON;79273;FAUX;FAUX;
M15A;"Retour de scène actif 15""-4""ADAMSON";ADAMSON;79284;FAUX;FAUX;
M15A;"Retour de scène actif 15""-4""ADAMSON";ADAMSON;76776;FAUX;FAUX;
M15A;"Retour de scène actif 15""-4""ADAMSON";ADAMSON;79276;FAUX;FAUX;
M15A;"Retour de scène actif 15""-4""ADAMSON";ADAMSON;79103;FAUX;FAUX;
M15A;"Retour de scène actif 15""-4""ADAMSON";ADAMSON;79282;FAUX;FAUX;
REVERB4000;Réverb 4000• TC ELECTRONIC;T.C. ELECTRONICS;2321963;FAUX;FAUX;
REVERB4000;Réverb 4000• TC ELECTRONIC;T.C. ELECTRONICS;2321969;FAUX;FAUX;
960L;Réverb numérique LEXICON;LEXICON;3256;FAUX;FAUX;
ESPRITE;ROBE•Lyre profile LED à couteaux, 650W, zoom 5,5-50°;;E12 - 2100752257;FAUX;FAUX;
ESPRITE;ROBE•Lyre profile LED à couteaux, 650W, zoom 5,5-50°;ROBE;E28 - 2200796835;FAUX;FAUX;
ESPRITE;ROBE•Lyre profile LED à couteaux, 650W, zoom 5,5-50°;;E16 - 2200796836;FAUX;FAUX;
ESPRITE;ROBE•Lyre profile LED à couteaux, 650W, zoom 5,5-50°;;E08 - 2200796838;FAUX;FAUX;
ESPRITE;ROBE•Lyre profile LED à couteaux, 650W, zoom 5,5-50°;;E06 - 2200796837;FAUX;FAUX;
ESPRITE;ROBE•Lyre profile LED à couteaux, 650W, zoom 5,5-50°;ROBE;E25 - 2200812219;FAUX;FAUX;
ESPRITE;ROBE•Lyre profile LED à couteaux, 650W, zoom 5,5-50°;ROBE-LIGHTING;E09 - 2200812220;FAUX;FAUX;
ESPRITE;ROBE•Lyre profile LED à couteaux, 650W, zoom 5,5-50°;ROBE;E29 - 2200812226;FAUX;FAUX;
ESPRITE;ROBE•Lyre profile LED à couteaux, 650W, zoom 5,5-50°;ROBE-LIGHTING;E13 - 2200812225;FAUX;FAUX;
ESPRITE;ROBE•Lyre profile LED à couteaux, 650W, zoom 5,5-50°;;;FAUX;FAUX;
ESPRITE;ROBE•Lyre profile LED à couteaux, 650W, zoom 5,5-50°;ROBE;E26 - 2300855751;FAUX;FAUX;
ESPRITE;ROBE•Lyre profile LED à couteaux, 650W, zoom 5,5-50°;;E01 - 2300855748;FAUX;FAUX;
ESPRITE;ROBE•Lyre profile LED à couteaux, 650W, zoom 5,5-50°;;E20 - 2300855750;FAUX;FAUX;
ESPRITE;ROBE•Lyre profile LED à couteaux, 650W, zoom 5,5-50°;;E02 - 2300855753;FAUX;FAUX;
ESPRITE;ROBE•Lyre profile LED à couteaux, 650W, zoom 5,5-50°;;E18 - 2300855747;FAUX;FAUX;
ESPRITE;ROBE•Lyre profile LED à couteaux, 650W, zoom 5,5-50°;;E19 - 2300855754;FAUX;FAUX;
ESPRITE;ROBE•Lyre profile LED à couteaux, 650W, zoom 5,5-50°;;E05 - 2300855752;FAUX;FAUX;
ESPRITE;ROBE•Lyre profile LED à couteaux, 650W, zoom 5,5-50°;ROBE;E24 - 2300855749;FAUX;FAUX;
ESPRITE;ROBE•Lyre profile LED à couteaux, 650W, zoom 5,5-50°;;E23 - 2300880230;FAUX;FAUX;
ESPRITE;ROBE•Lyre profile LED à couteaux, 650W, zoom 5,5-50°;;E03 - 2300880584;FAUX;FAUX;
ESPRITE;ROBE•Lyre profile LED à couteaux, 650W, zoom 5,5-50°;;E10 - 2300880227;FAUX;FAUX;
ESPRITE;ROBE•Lyre profile LED à couteaux, 650W, zoom 5,5-50°;;E15 - 2300880550;FAUX;FAUX;
WIFIROUTEUR;Routeur WIFI;TP-LINK;225C024003502;FAUX;FAUX;
WIFIROUTEUR;Routeur WIFI;TP-LINK;22130M5001947;FAUX;FAUX;
WIFIROUTEUR;Routeur WIFI;NETGEAR;4SM723BF00513;FAUX;FAUX;
WIFIROUTEUR;Routeur WIFI;NETGEAR;4SM723BJ004FD;FAUX;FAUX;
DIMKIT12X3;RVE•Bloc de puissance DIMKIT 12x3Kw;;6015135;FAUX;FAUX;
DIMKIT12X3;RVE•Bloc de puissance DIMKIT 12x3Kw;;DIMKIT12X3_1_000002;FAUX;FAUX;
DIMKIT12X3;RVE•Bloc de puissance DIMKIT 12x3Kw;;DIMKIT12X3_1_000003;FAUX;FAUX;
HDL6 x 3KW;RVE•Bloc puissance HDL 6 X 3KW;;;FAUX;FAUX;
MOV'IN 80+;Scène remorque couverte 11,3x7;;;FAUX;FAUX;
MOV'IN 160+;Scène remorque couverte 13,5x11,5 Accroche10T;;;FAUX;FAUX;
P10TE-G10E;SHURE • Emetteur double PSM1000 470 - 542 Mhz;SHURE;3AJ20815130;FAUX;FAUX;
P10TE-G10E;SHURE • Emetteur double PSM1000 470 - 542 Mhz;SHURE;3AK04583952;FAUX;FAUX;
P10TE-G10E;SHURE • Emetteur double PSM1000 470 - 542 Mhz;SHURE;3AK04583990;FAUX;FAUX;
P10TE-G10E;SHURE • Emetteur double PSM1000 470 - 542 Mhz;SHURE;3AK04584270;FAUX;FAUX;
P10TE-G10E;SHURE • Emetteur double PSM1000 470 - 542 Mhz;SHURE;3TA21776789;FAUX;FAUX;
P10TE-G10E;SHURE • Emetteur double PSM1000 470 - 542 Mhz;SHURE;3TB17353480;FAUX;FAUX;
P10TE-G10E;SHURE • Emetteur double PSM1000 470 - 542 Mhz;SHURE;3TB19387571;FAUX;FAUX;
P10TE-G10E;SHURE • Emetteur double PSM1000 470 - 542 Mhz;SHURE;3TC16767327;FAUX;FAUX;
P10TE-G10E;SHURE • Emetteur double PSM1000 470 - 542 Mhz;SHURE;3CL07329859;FAUX;FAUX;
P10TE-G10E;SHURE • Emetteur double PSM1000 470 - 542 Mhz;SHURE;3DA05032936;FAUX;FAUX;
P10TE-G10E;SHURE • Emetteur double PSM1000 470 - 542 Mhz;SHURE;3DH04503982;FAUX;FAUX;
P10TE-G10E;SHURE • Emetteur double PSM1000 470 - 542 Mhz;SHURE;3DH04503588;FAUX;FAUX;
P10TE-G10E;SHURE • Emetteur double PSM1000 470 - 542 Mhz;SHURE;3DH20284708;FAUX;FAUX;
P10TE-G10E;SHURE • Emetteur double PSM1000 470 - 542 Mhz;SHURE;3DB14115178;FAUX;FAUX;
P10TE-G10E;SHURE • Emetteur double PSM1000 470 - 542 Mhz;SHURE;3DB14132193;FAUX;FAUX;
P10TE-G10E;SHURE • Emetteur double PSM1000 470 - 542 Mhz;SHURE;P10TE-G10E_1_16;FAUX;FAUX;
P10TE-G10E;SHURE • Emetteur double PSM1000 470 - 542 Mhz;SHURE;P10TE-G10E_1_17;FAUX;FAUX;
P10TE-G10E;SHURE • Emetteur double PSM1000 470 - 542 Mhz;SHURE;P10TE-G10E_1_18;FAUX;FAUX;
P10TE-G10E;SHURE • Emetteur double PSM1000 470 - 542 Mhz;SHURE;P10TE-G10E_1_19;FAUX;FAUX;
P9TE-K1E;SHURE • Emetteur simple PSM900 596 - 632 Mhz;SHURE;3AJ29316678;FAUX;FAUX;
P9TE-K1E;SHURE • Emetteur simple PSM900 596 - 632 Mhz;SHURE;3AJ29316705;FAUX;FAUX;
P9TE-K1E;SHURE • Emetteur simple PSM900 596 - 632 Mhz;SHURE;3AL16314510;FAUX;FAUX;
P9TE-K1E;SHURE • Emetteur simple PSM900 596 - 632 Mhz;SHURE;3AL16314546;FAUX;FAUX;
P10RPLUS-G10E;SHURE • Récepteur PSM1000 470 - 542 Mhz;SHURE;;FAUX;FAUX;
P10RPLUS-G10E;SHURE • Récepteur PSM1000 470 - 542 Mhz;SHURE;;FAUX;FAUX;
P10RPLUS-G10E;SHURE • Récepteur PSM1000 470 - 542 Mhz;SHURE;;FAUX;FAUX;
P10RPLUS-G10E;SHURE • Récepteur PSM1000 470 - 542 Mhz;SHURE;;FAUX;FAUX;
P10RPLUS-G10E;SHURE • Récepteur PSM1000 470 - 542 Mhz;SHURE;3CJ22471710;FAUX;FAUX;
P10RPLUS-G10E;SHURE • Récepteur PSM1000 470 - 542 Mhz;SHURE;3CJ23480027;FAUX;FAUX;
P10RPLUS-G10E;SHURE • Récepteur PSM1000 470 - 542 Mhz;SHURE;3CJ23479985;FAUX;FAUX;
P10RPLUS-G10E;SHURE • Récepteur PSM1000 470 - 542 Mhz;SHURE;3CJ23479834;FAUX;FAUX;
P10RPLUS-G10E;SHURE • Récepteur PSM1000 470 - 542 Mhz;SHURE;3CJ23479947;FAUX;FAUX;
P10RPLUS-G10E;SHURE • Récepteur PSM1000 470 - 542 Mhz;SHURE;3CJ22471671;FAUX;FAUX;
P10RPLUS-G10E;SHURE • Récepteur PSM1000 470 - 542 Mhz;SHURE;3CJ23475032;FAUX;FAUX;
P10RPLUS-G10E;SHURE • Récepteur PSM1000 470 - 542 Mhz;SHURE;3CJ23475082;FAUX;FAUX;
P10RPLUS-G10E;SHURE • Récepteur PSM1000 470 - 542 Mhz;SHURE;3CJ23475183;FAUX;FAUX;
P10RPLUS-G10E;SHURE • Récepteur PSM1000 470 - 542 Mhz;SHURE;3CJ23475400;FAUX;FAUX;
P10RPLUS-G10E;SHURE • Récepteur PSM1000 470 - 542 Mhz;SHURE;3DG24151080;FAUX;FAUX;
P10RPLUS-G10E;SHURE • Récepteur PSM1000 470 - 542 Mhz;SHURE;3DG24151307;FAUX;FAUX;
P10RPLUS-G10E;SHURE • Récepteur PSM1000 470 - 542 Mhz;SHURE;P10RPLUS-G10E_1_17;FAUX;FAUX;
P10RPLUS-G10E;SHURE • Récepteur PSM1000 470 - 542 Mhz;SHURE;P10RPLUS-G10E_1_18;FAUX;FAUX;
P10RPLUS-G10E;SHURE • Récepteur PSM1000 470 - 542 Mhz;SHURE;P10RPLUS-G10E_1_19;FAUX;FAUX;
P10RPLUS-G10E;SHURE • Récepteur PSM1000 470 - 542 Mhz;SHURE;P10RPLUS-G10E_1_20;FAUX;FAUX;
P10RPLUS-G10E;SHURE • Récepteur PSM1000 470 - 542 Mhz;SHURE;P10RPLUS-G10E_1_21;FAUX;FAUX;
P10RPLUS-G10E;SHURE • Récepteur PSM1000 470 - 542 Mhz;SHURE;P10RPLUS-G10E_1_22;FAUX;FAUX;
P10RPLUS-G10E;SHURE • Récepteur PSM1000 470 - 542 Mhz;SHURE;P10RPLUS-G10E_1_23;FAUX;FAUX;
P10RPLUS-G10E;SHURE • Récepteur PSM1000 470 - 542 Mhz;SHURE;P10RPLUS-G10E_1_24;FAUX;FAUX;
P10RPLUS-G10E;SHURE • Récepteur PSM1000 470 - 542 Mhz;SHURE;P10RPLUS-G10E_1_25;FAUX;FAUX;
P10RPLUS-G10E;SHURE • Récepteur PSM1000 470 - 542 Mhz;SHURE;P10RPLUS-G10E_1_26;FAUX;FAUX;
P10RPLUS-G10E;SHURE • Récepteur PSM1000 470 - 542 Mhz;SHURE;P10RPLUS-G10E_1_27;FAUX;FAUX;
P10RPLUS-G10E;SHURE • Récepteur PSM1000 470 - 542 Mhz;SHURE;P10RPLUS-G10E_1_28;FAUX;FAUX;
P10RPLUS-G10E;SHURE • Récepteur PSM1000 470 - 542 Mhz;SHURE;P10RPLUS-G10E_1_29;FAUX;FAUX;
P10RPLUS-G10E;SHURE • Récepteur PSM1000 470 - 542 Mhz;SHURE;P10RPLUS-G10E_1_30;FAUX;FAUX;
P10RPLUS-G10E;SHURE • Récepteur PSM1000 470 - 542 Mhz;SHURE;3DI26493289;FAUX;FAUX;
P10RPLUS-G10E;SHURE • Récepteur PSM1000 470 - 542 Mhz;SHURE;3DI26493378;FAUX;FAUX;
P10RPLUS-G10E;SHURE • Récepteur PSM1000 470 - 542 Mhz;SHURE;3DI26491162;FAUX;FAUX;
P10RPLUS-G10E;SHURE • Récepteur PSM1000 470 - 542 Mhz;SHURE;3DI26489310;FAUX;FAUX;
P10RPLUS-G10E;SHURE • Récepteur PSM1000 470 - 542 Mhz;SHURE;3DI26490238;FAUX;FAUX;
P10RPLUS-G10E;SHURE • Récepteur PSM1000 470 - 542 Mhz;SHURE;3DI26491136;FAUX;FAUX;
P10RPLUS-G10E;SHURE • Récepteur PSM1000 470 - 542 Mhz;SHURE;3DI26493215;FAUX;FAUX;
P10RPLUS-G10E;SHURE • Récepteur PSM1000 470 - 542 Mhz;SHURE;3DI26493354;FAUX;FAUX;
P9RAPLUS-K1E;SHURE • Récepteur PSM900 596 - 632 Mhz;;P9RAPLUS-K1E_1_1;FAUX;FAUX;
P9RAPLUS-K1E;SHURE • Récepteur PSM900 596 - 632 Mhz;;P9RAPLUS-K1E_1_2;FAUX;FAUX;
P9RAPLUS-K1E;SHURE • Récepteur PSM900 596 - 632 Mhz;;P9RAPLUS-K1E_1_3;FAUX;FAUX;
P9RAPLUS-K1E;SHURE • Récepteur PSM900 596 - 632 Mhz;;P9RAPLUS-K1E_1_4;FAUX;FAUX;
P9RAPLUS-K1E;SHURE • Récepteur PSM900 596 - 632 Mhz;;P9RAPLUS-K1E_1_5;FAUX;FAUX;
P9RAPLUS-K1E;SHURE • Récepteur PSM900 596 - 632 Mhz;;P9RAPLUS-K1E_1_6;FAUX;FAUX;
HA8089;SHURE•Antenne hélicoîdale large bande 460 à 900 Mhz;SHURE;HA8089_1_1;FAUX;FAUX;
HA8089;SHURE•Antenne hélicoîdale large bande 460 à 900 Mhz;SHURE;HA8089_1_2;FAUX;FAUX;
HA8089;SHURE•Antenne hélicoîdale large bande 460 à 900 Mhz;SHURE;HA8089_1_3;FAUX;FAUX;
HA8089;SHURE•Antenne hélicoîdale large bande 460 à 900 Mhz;SHURE;HA8089_1_4;FAUX;FAUX;
HA8089;SHURE•Antenne hélicoîdale large bande 460 à 900 Mhz;SHURE;HA8089_1_5;FAUX;FAUX;
HA8089;SHURE•Antenne hélicoîdale large bande 460 à 900 Mhz;SHURE;HA8089_1_6;FAUX;FAUX;
SPL DEESSER;SPL DE ESSER;;9292413;FAUX;FAUX;
VITALIZER;SPL VITALIZER MK2T Enhancer à Tubes;;392126;FAUX;FAUX;
VITALIZER;SPL VITALIZER MK2T Enhancer à Tubes;;392143;FAUX;FAUX;
VITALIZER;SPL VITALIZER MK2T Enhancer à Tubes;;392125;FAUX;FAUX;
SSLXLOGIC;SSL X LOGIC G SERIES COMPRESSEUR STEREO;;XSCO820;FAUX;FAUX;
RIO16/08;Stagerack 16in / 8 out • YAMAHA;YAMAHA;EAUX01027;FAUX;FAUX;
RIO16/08;Stagerack 16in / 8 out • YAMAHA;YAMAHA;EE4J01145;FAUX;FAUX;
RIO16/08;Stagerack 16in / 8 out • YAMAHA;YAMAHA;EEDMO1053;FAUX;FAUX;
RIO16/08;Stagerack 16in / 8 out • YAMAHA;;;FAUX;FAUX;
RIO16/08;Stagerack 16in / 8 out • YAMAHA;YAMAHA;EEDMO1036;FAUX;FAUX;
RIO16/08;Stagerack 16in / 8 out • YAMAHA;YAMAHA;EAUXO1023;FAUX;FAUX;
RIO16/08;Stagerack 16in / 8 out • YAMAHA;YAMAHA;EEEYJO1129;FAUX;FAUX;
RIO16/08;Stagerack 16in / 8 out • YAMAHA;YAMAHA;21EEEZ01035;FAUX;FAUX;
RIO32/24;Stagerack 32 in / 16 out / 4 AES out • YAMAHA;YAMAHA;EEY201061060;FAUX;FAUX;
RIO32/24;Stagerack 32 in / 16 out / 4 AES out • YAMAHA;YAMAHA;EAUY01067;FAUX;FAUX;
RIO32/24;Stagerack 32 in / 16 out / 4 AES out • YAMAHA;YAMAHA;EAU01056;FAUX;FAUX;
RIO32/24;Stagerack 32 in / 16 out / 4 AES out • YAMAHA;YAMAHA;EEC01247;FAUX;FAUX;
RIO32/24;Stagerack 32 in / 16 out / 4 AES out • YAMAHA;YAMAHA;EECO01256;FAUX;FAUX;
RIO32/24;Stagerack 32 in / 16 out / 4 AES out • YAMAHA;YAMAHA;EECO1256;FAUX;FAUX;
RIO32/24;Stagerack 32 in / 16 out / 4 AES out • YAMAHA;YAMAHA;EEDMO1464;FAUX;FAUX;
RIO32/24;Stagerack 32 in / 16 out / 4 AES out • YAMAHA;YAMAHA;EASMO1087;FAUX;FAUX;
RIO32/24;Stagerack 32 in / 16 out / 4 AES out • YAMAHA;YAMAHA;21EEFH01019;FAUX;FAUX;
RIO32/24;Stagerack 32 in / 16 out / 4 AES out • YAMAHA;YAMAHA;EEDZ01061;FAUX;FAUX;
RIO32/24;Stagerack 32 in / 16 out / 4 AES out • YAMAHA;YAMAHA;RIO32/24_1_000011;FAUX;FAUX;
RIO32/24;Stagerack 32 in / 16 out / 4 AES out • YAMAHA;YAMAHA;RIO32/24_12_000001;FAUX;FAUX;
RIO32/24;Stagerack 32 in / 16 out / 4 AES out • YAMAHA;YAMAHA;RIO32/24_12_000002;FAUX;FAUX;
RIO32/24;Stagerack 32 in / 16 out / 4 AES out • YAMAHA;YAMAHA;RIO32/24_12_000003;FAUX;FAUX;
STOPCHUTE250;Stop-Chute 250 Kg;;STOPCHUTE250_1_000001;FAUX;FAUX;
STOPCHUTE250;Stop-Chute 250 Kg;;STOPCHUTE250_1_000002;FAUX;FAUX;
STOPCHUTE250;Stop-Chute 250 Kg;;STOPCHUTE250_1_000003;FAUX;FAUX;
STOPCHUTE500;Stop-chute 500 Kg;;STOPCHUTE500_1_000001;FAUX;FAUX;
STOPCHUTE500;Stop-chute 500 Kg;;STOPCHUTE500_1_000002;FAUX;FAUX;
STOPCHUTE500;Stop-chute 500 Kg;;STOPCHUTE500_1_000003;FAUX;FAUX;
STOPCHUTE500;Stop-chute 500 Kg;;STOPCHUTE500_1_000004;FAUX;FAUX;
STOPCHUTE500;Stop-chute 500 Kg;;STOPCHUTE500_1_000005;FAUX;FAUX;
STOPCHUTE500;Stop-chute 500 Kg;;STOPCHUTE500_1_000006;FAUX;FAUX;
STOPCHUTE500;Stop-chute 500 Kg;;STOPCHUTE500_1_000007;FAUX;FAUX;
STOPCHUTE500;Stop-chute 500 Kg;;STOPCHUTE500_1_000008;FAUX;FAUX;
STOPCHUTE500;Stop-chute 500 Kg;;STOPCHUTE500_1_000009;FAUX;FAUX;
STOPCHUTE500;Stop-chute 500 Kg;;STOPCHUTE500_1_000010;FAUX;FAUX;
STOPCHUTE500;Stop-chute 500 Kg;;STOPCHUTE500_1_000011;FAUX;FAUX;
STOPCHUTE500;Stop-chute 500 Kg;;STOPCHUTE500_1_000012;FAUX;FAUX;
STOPCHUTE500;Stop-chute 500 Kg;;STOPCHUTE500_1_000013;FAUX;FAUX;
STOPCHUTE500;Stop-chute 500 Kg;;STOPCHUTE500_1_000014;FAUX;FAUX;
STOPCHUTE500;Stop-chute 500 Kg;;STOPCHUTE500_1_000015;FAUX;FAUX;
STOPCHUTE500;Stop-chute 500 Kg;;STOPCHUTE500_1_000016;FAUX;FAUX;
STOPCHUTE500;Stop-chute 500 Kg;;STOPCHUTE500_1_000017;FAUX;FAUX;
STOPCHUTE500;Stop-chute 500 Kg;;STOPCHUTE500_1_000018;FAUX;FAUX;
STOPCHUTE500;Stop-chute 500 Kg;;STOPCHUTE500_1_000019;FAUX;FAUX;
STOPCHUTE500;Stop-chute 500 Kg;;STOPCHUTE500_1_000020;FAUX;FAUX;
STORMLITE HD;Stroboscope / Wallwash RGBW Led 800W;STARWAY;STORMLITE HD_1_000009;FAUX;FAUX;
STORMLITE HD;Stroboscope / Wallwash RGBW Led 800W;STARWAY;STORMLITE HD_1_000008;FAUX;FAUX;
STORMLITE HD;Stroboscope / Wallwash RGBW Led 800W;STARWAY;STORMLITE HD_1_000007;FAUX;FAUX;
STORMLITE HD;Stroboscope / Wallwash RGBW Led 800W;STARWAY;STORMLITE HD_1_000006;FAUX;FAUX;
STORMLITE HD;Stroboscope / Wallwash RGBW Led 800W;STARWAY;STORMLITE HD_1_000005;FAUX;FAUX;
STORMLITE HD;Stroboscope / Wallwash RGBW Led 800W;STARWAY;STORMLITE HD_1_000004;FAUX;FAUX;
STORMLITE HD;Stroboscope / Wallwash RGBW Led 800W;STARWAY;STORMLITE HD_1_000003;FAUX;FAUX;
STORMLITE HD;Stroboscope / Wallwash RGBW Led 800W;STARWAY;STORMLITE HD_1_000002;FAUX;FAUX;
STORMLITE HD;Stroboscope / Wallwash RGBW Led 800W;STARWAY;221231565001304;FAUX;FAUX;
STORMLITE HD;Stroboscope / Wallwash RGBW Led 800W;STARWAY;STORMLITE HD_1_000010;FAUX;FAUX;
STORMLITE HD;Stroboscope / Wallwash RGBW Led 800W;STARWAY;STORMLITE HD_1_000011;FAUX;FAUX;
STORMLITE HD;Stroboscope / Wallwash RGBW Led 800W;STARWAY;STORMLITE HD_1_000012;FAUX;FAUX;
STORMLITE HD;Stroboscope / Wallwash RGBW Led 800W;STARWAY;STORMLITE HD_1_000013;FAUX;FAUX;
STORMLITE HD;Stroboscope / Wallwash RGBW Led 800W;STARWAY;STORMLITE HD_1_000014;FAUX;FAUX;
STORMLITE HD;Stroboscope / Wallwash RGBW Led 800W;STARWAY;STORMLITE HD_1_000015;FAUX;FAUX;
STORMLITE HD;Stroboscope / Wallwash RGBW Led 800W;STARWAY;STORMLITE HD_1_000016;FAUX;FAUX;
STORMLITE HD;Stroboscope / Wallwash RGBW Led 800W;STARWAY;STORMLITE HD_1_000017;FAUX;FAUX;
STORMLITE HD;Stroboscope / Wallwash RGBW Led 800W;STARWAY;STORMLITE HD_1_000018;FAUX;FAUX;
STORMLITE HD;Stroboscope / Wallwash RGBW Led 800W;STARWAY;STORMLITE HD_1_000019;FAUX;FAUX;
STORMLITE HD;Stroboscope / Wallwash RGBW Led 800W;STARWAY;STORMLITE HD_1_000020;FAUX;FAUX;
STORMLITE HD;Stroboscope / Wallwash RGBW Led 800W;STARWAY;STORMLITE HD_1_000021;FAUX;FAUX;
STORMLITE HD;Stroboscope / Wallwash RGBW Led 800W;STARWAY;STORMLITE HD_1_000022;FAUX;FAUX;
STORMLITE HD;Stroboscope / Wallwash RGBW Led 800W;STARWAY;STORMLITE HD_1_000023;FAUX;FAUX;
STORMLITE HD;Stroboscope / Wallwash RGBW Led 800W;STARWAY;STORMLITE HD_1_000024;FAUX;FAUX;
STROMBO;Stromboscope Atomic 3000W • MARTIN;MARTIN;4337990022;FAUX;FAUX;
STROMBO;Stromboscope Atomic 3000W • MARTIN;MARTIN;4191790091;FAUX;FAUX;
STROMBO;Stromboscope Atomic 3000W • MARTIN;MARTIN;597220029;FAUX;FAUX;
KS21-;Subwoofer compact haute puissance : 1x21'' • L'ACOUSTICS;;1460024400;FAUX;FAUX;
KS21-;Subwoofer compact haute puissance : 1x21'' • L'ACOUSTICS;;1460037128;FAUX;FAUX;
KS21-;Subwoofer compact haute puissance : 1x21'' • L'ACOUSTICS;;1460037150;FAUX;FAUX;
KS21-;Subwoofer compact haute puissance : 1x21'' • L'ACOUSTICS;;1460024451;FAUX;FAUX;
KS21-;Subwoofer compact haute puissance : 1x21'' • L'ACOUSTICS;;1460024446;FAUX;FAUX;
KS21-;Subwoofer compact haute puissance : 1x21'' • L'ACOUSTICS;;1460024448;FAUX;FAUX;
LS10;Switch AVB•L-ACOUSTICS;L-ACOUSTICS;1670022841;FAUX;FAUX;
LS10;Switch AVB•L-ACOUSTICS;L-ACOUSTICS;1670022849;FAUX;FAUX;
LS10;Switch AVB•L-ACOUSTICS;L-ACOUSTICS;1670022824;FAUX;FAUX;
LS10;Switch AVB•L-ACOUSTICS;L-ACOUSTICS;1670022831;FAUX;FAUX;
LS10;Switch AVB•L-ACOUSTICS;L-ACOUSTICS;1670022840;FAUX;FAUX;
LS10;Switch AVB•L-ACOUSTICS;L-ACOUSTICS;1670022847;FAUX;FAUX;
SWITCHDANTE16P;Switch stage 16 ports (8 en façade-8 à l'arrière)•SWISSONIC;SWISSONIC;(21)75689GEE00073;FAUX;FAUX;
SWITCHDANTE16P;Switch stage 16 ports (8 en façade-8 à l'arrière)•SWISSONIC;SWISSONIC;(21)75689GEE00074;FAUX;FAUX;
DJM900 NXS2;Table 4 voies audio (in : 5xCD/line, 3xPhono, 4xDigital) • PIONEER;;SGMP027958EH;FAUX;FAUX;
TELECO16P;Télécommande moteurs 16 postes;;EMAG-02261;FAUX;FAUX;
TELECO04P;Télécommande moteurs 4 postes;;EMAG-02257;FAUX;FAUX;
TELECO04P;Télécommande moteurs 4 postes;;EMAG-02255;FAUX;FAUX;
TELECO04P;Télécommande moteurs 4 postes;;EMAG-02256;FAUX;FAUX;
SVTT;Tête ampli SVT Classic • AMPEG;;EMAG-02226;FAUX;FAUX;
CYCLOPM;Toile cyclo blanc/gris 8,00x6,00;;CYCLOPM_1_000001;FAUX;FAUX;
TRAVERS/SON;Traversée de scène 40m / 2x32TRI / 2xRJ45 / 8 Paires AES;;EMAG-02705;FAUX;FAUX;
TRAVERS/SON;Traversée de scène 40m / 2x32TRI / 2xRJ45 / 8 Paires AES;;EMAG-02706;FAUX;FAUX;
TRAVERS/SON;Traversée de scène 40m / 2x32TRI / 2xRJ45 / 8 Paires AES;;EMAG-02707;FAUX;FAUX;
TRAVERS/SON;Traversée de scène 40m / 2x32TRI / 2xRJ45 / 8 Paires AES;;EMAG-02708;FAUX;FAUX;
HDIRVE12;VMB•Bloc de puissance HDI 12X3KW;;;FAUX;FAUX;
HDIRVE12;VMB•Bloc de puissance HDI 12X3KW;;;FAUX;FAUX;