Code Libre;Nom;Famille;Sous-famille;Catégorie;Zone;Stock;Marque;Numéro de série
*MTD108-8XT;Enceinte 2 voies,400 W 8XT-L-ACOUSTICS;SONORISATION;Enceinte;Enceinte;;1;L-ACOUSTICS;4776
*MTD108-8XT;Enceinte 2 voies,400 W 8XT-L-ACOUSTICS;SONORISATION;Enceinte;Enceinte;;1;L-ACOUSTICS;4799
*MTD108-8XT;Enceinte 2 voies,400 W 8XT-L-ACOUSTICS;SONORISATION;Enceinte;Enceinte;;1;L-ACOUSTICS;4850
*MTD108-8XT;Enceinte 2 voies,400 W 8XT-L-ACOUSTICS;SONORISATION;Enceinte;Enceinte;;1;L-ACOUSTICS;4851
*MTD108-8XT;Enceinte 2 voies,400 W 8XT-L-ACOUSTICS;SONORISATION;Enceinte;Enceinte;;1;L-ACOUSTICS;5542
*MTD108-8XT;Enceinte 2 voies,400 W 8XT-L-ACOUSTICS;SONORISATION;Enceinte;Enceinte;;1;L-ACOUSTICS;5543
*MTD108-8XT;Enceinte 2 voies,400 W 8XT-L-ACOUSTICS;SONORISATION;Enceinte;Enceinte;;1;L-ACOUSTICS;5544
*MTD108-8XT;Enceinte 2 voies,400 W 8XT-L-ACOUSTICS;SONORISATION;Enceinte;Enceinte;;1;L-ACOUSTICS;5545
*MTD108-8XT;Enceinte 2 voies,400 W 8XT-L-ACOUSTICS;SONORISATION;Enceinte;Enceinte;;1;L-ACOUSTICS;5600
*MTD108-8XT;Enceinte 2 voies,400 W 8XT-L-ACOUSTICS;SONORISATION;Enceinte;Enceinte;;1;L-ACOUSTICS;5601
*MTD108-8XT;Enceinte 2 voies,400 W 8XT-L-ACOUSTICS;SONORISATION;Enceinte;Enceinte;;1;L-ACOUSTICS;5602
*MTD108-8XT;Enceinte 2 voies,400 W 8XT-L-ACOUSTICS;SONORISATION;Enceinte;Enceinte;;1;L-ACOUSTICS;5603
01V96;Console 16 faders / 32 canaux / 8 bus • YAMAHA;SONORISATION;Console;Console numérique;Entrepôt 1 : A1;1;YAMAHA;*HAKL01050
01V96;Console 16 faders / 32 canaux / 8 bus • YAMAHA;SONORISATION;Console;Console numérique;Entrepôt 1 : A1;1;YAMAHA;HAKK01215
1004BAC;Pied de lumière en aluminium Master 1004BAC à air•MANFROTTO;STRUCTURE;Levage;Pied de levage;Hors stock;3;MANFROTTO;
115XTHIQ-115HIQ;"Enceinte coaxiale active 2 voies 15"" • L'ACOUSTICS";SONORISATION;Enceinte;Enceinte;Entrepôt 1 : G;1;L-ACOUSTICS;4579
115XTHIQ-115HIQ;"Enceinte coaxiale active 2 voies 15"" • L'ACOUSTICS";SONORISATION;Enceinte;Enceinte;Entrepôt 1 : G;1;L-ACOUSTICS;4580
115XTHIQ-115HIQ;"Enceinte coaxiale active 2 voies 15"" • L'ACOUSTICS";SONORISATION;Enceinte;Enceinte;Entrepôt 1 : G;1;L-ACOUSTICS;4601
115XTHIQ-115HIQ;"Enceinte coaxiale active 2 voies 15"" • L'ACOUSTICS";SONORISATION;Enceinte;Enceinte;Entrepôt 1 : G;1;L-ACOUSTICS;4602
115XTHIQ-115HIQ;"Enceinte coaxiale active 2 voies 15"" • L'ACOUSTICS";SONORISATION;Enceinte;Enceinte;Entrepôt 1 : G;1;L-ACOUSTICS;4604
115XTHIQ-115HIQ;"Enceinte coaxiale active 2 voies 15"" • L'ACOUSTICS";SONORISATION;Enceinte;Enceinte;Entrepôt 1 : G;1;L-ACOUSTICS;4605
115XTHIQ-115HIQ;"Enceinte coaxiale active 2 voies 15"" • L'ACOUSTICS";SONORISATION;Enceinte;Enceinte;Entrepôt 1 : G;1;L-ACOUSTICS;4606
115XTHIQ-115HIQ;"Enceinte coaxiale active 2 voies 15"" • L'ACOUSTICS";SONORISATION;Enceinte;Enceinte;Entrepôt 1 : G;1;L-ACOUSTICS;4607
115XTHIQ-115HIQ;"Enceinte coaxiale active 2 voies 15"" • L'ACOUSTICS";SONORISATION;Enceinte;Enceinte;Entrepôt 1 : G;1;L-ACOUSTICS;4608
115XTHIQ-115HIQ;"Enceinte coaxiale active 2 voies 15"" • L'ACOUSTICS";SONORISATION;Enceinte;Enceinte;Entrepôt 1 : G;1;L-ACOUSTICS;4610
115XTHIQ-115HIQ;"Enceinte coaxiale active 2 voies 15"" • L'ACOUSTICS";SONORISATION;Enceinte;Enceinte;Entrepôt 1 : G;1;L-ACOUSTICS;4611
115XTHIQ-115HIQ;"Enceinte coaxiale active 2 voies 15"" • L'ACOUSTICS";SONORISATION;Enceinte;Enceinte;Entrepôt 1 : G;1;L-ACOUSTICS;4612
115XTHIQ-115HIQ;"Enceinte coaxiale active 2 voies 15"" • L'ACOUSTICS";SONORISATION;Enceinte;Enceinte;Entrepôt 1 : G;1;L-ACOUSTICS;4614
115XTHIQ-115HIQ;"Enceinte coaxiale active 2 voies 15"" • L'ACOUSTICS";SONORISATION;Enceinte;Enceinte;Entrepôt 1 : G;1;L-ACOUSTICS;4625
115XTHIQ-115HIQ;"Enceinte coaxiale active 2 voies 15"" • L'ACOUSTICS";SONORISATION;Enceinte;Enceinte;Entrepôt 1 : G;1;L-ACOUSTICS;5172
115XTHIQ-115HIQ;"Enceinte coaxiale active 2 voies 15"" • L'ACOUSTICS";SONORISATION;Enceinte;Enceinte;Entrepôt 1 : G;1;L-ACOUSTICS;5173
115XTHIQ-115HIQ;"Enceinte coaxiale active 2 voies 15"" • L'ACOUSTICS";SONORISATION;Enceinte;Enceinte;Entrepôt 1 : G;1;L-ACOUSTICS;5174
115XTHIQ-115HIQ;"Enceinte coaxiale active 2 voies 15"" • L'ACOUSTICS";SONORISATION;Enceinte;Enceinte;Entrepôt 1 : G;1;L-ACOUSTICS;5175
115XTHIQ-115HIQ;"Enceinte coaxiale active 2 voies 15"" • L'ACOUSTICS";SONORISATION;Enceinte;Enceinte;Entrepôt 1 : G;1;L-ACOUSTICS;5176
115XTHIQ-115HIQ;"Enceinte coaxiale active 2 voies 15"" • L'ACOUSTICS";SONORISATION;Enceinte;Enceinte;Entrepôt 1 : G;1;L-ACOUSTICS;5177
115XTHIQ-115HIQ;"Enceinte coaxiale active 2 voies 15"" • L'ACOUSTICS";SONORISATION;Enceinte;Enceinte;Entrepôt 1 : G;1;L-ACOUSTICS;5178
115XTHIQ-115HIQ;"Enceinte coaxiale active 2 voies 15"" • L'ACOUSTICS";SONORISATION;Enceinte;Enceinte;Entrepôt 1 : G;1;L-ACOUSTICS;5179
115XTHIQ-115HIQ;"Enceinte coaxiale active 2 voies 15"" • L'ACOUSTICS";SONORISATION;Enceinte;Enceinte;Entrepôt 1 : G;1;L-ACOUSTICS;6498
115XTHIQ-115HIQ;"Enceinte coaxiale active 2 voies 15"" • L'ACOUSTICS";SONORISATION;Enceinte;Enceinte;Entrepôt 1 : G;1;L-ACOUSTICS;6499
115XTHIQ-115HIQ;"Enceinte coaxiale active 2 voies 15"" • L'ACOUSTICS";SONORISATION;Enceinte;Enceinte;Entrepôt 1 : G;1;L-ACOUSTICS;6500
115XTHIQ-115HIQ;"Enceinte coaxiale active 2 voies 15"" • L'ACOUSTICS";SONORISATION;Enceinte;Enceinte;Entrepôt 1 : G;1;L-ACOUSTICS;6501
115XTHIQ-115HIQ;"Enceinte coaxiale active 2 voies 15"" • L'ACOUSTICS";SONORISATION;Enceinte;Enceinte;Entrepôt 1 : G;1;L-ACOUSTICS;6502
115XTHIQ-115HIQ;"Enceinte coaxiale active 2 voies 15"" • L'ACOUSTICS";SONORISATION;Enceinte;Enceinte;Entrepôt 1 : G;1;L-ACOUSTICS;6503
115XTHIQ-115HIQ;"Enceinte coaxiale active 2 voies 15"" • L'ACOUSTICS";SONORISATION;Enceinte;Enceinte;Entrepôt 1 : G;1;L-ACOUSTICS;6504
115XTHIQ-115HIQ;"Enceinte coaxiale active 2 voies 15"" • L'ACOUSTICS";SONORISATION;Enceinte;Enceinte;Entrepôt 1 : G;1;L-ACOUSTICS;6505
115XTHIQ-115HIQ;"Enceinte coaxiale active 2 voies 15"" • L'ACOUSTICS";SONORISATION;Enceinte;Enceinte;Entrepôt 1 : G;1;L-ACOUSTICS;6514
115XTHIQ-115HIQ;"Enceinte coaxiale active 2 voies 15"" • L'ACOUSTICS";SONORISATION;Enceinte;Enceinte;Entrepôt 1 : G;1;L-ACOUSTICS;6515
115XTHIQ-115HIQ;"Enceinte coaxiale active 2 voies 15"" • L'ACOUSTICS";SONORISATION;Enceinte;Enceinte;Entrepôt 1 : G;1;L-ACOUSTICS;6516
115XTHIQ-115HIQ;"Enceinte coaxiale active 2 voies 15"" • L'ACOUSTICS";SONORISATION;Enceinte;Enceinte;Entrepôt 1 : G;1;L-ACOUSTICS;6517
125A-1;Armoire P17 125A -> 2x63A / 6x32AT / 1x32AM / 3xPC16;DISTRIBUTION ELECTRIQUE;Armoire de distribution;Armoires 125A;Entrepôt 1 : A5;1;;
125A-2;Armoire P17 125A -> 2x63A / 3x32AT / 1x32AM / 1xPC16;DISTRIBUTION ELECTRIQUE;Armoire de distribution;Armoires 125A;Entrepôt 1 : A5;1;;
125A-3;Armoire P17 125A -> 3x63A / 1x32AT / 3x32AM / 3xPC16;DISTRIBUTION ELECTRIQUE;Armoire de distribution;Armoires 125A;;1;;
125A-4;Armoire P17 125A -> 2x63A / 4x32AT / 12xPC16;DISTRIBUTION ELECTRIQUE;Armoire de distribution;Armoires 125A;Entrepôt 1 : A5;2;;
125A-5;Armoire P17 125A Tri+30mA -> 2x63A Tri/ 4x32A Tri / 6xPC16;DISTRIBUTION ELECTRIQUE;Armoire de distribution;Armoires 125A;;2;;
125A-6;Armoire P17 125A -> 6x63A / 4x32AT / 3xPC16A;DISTRIBUTION ELECTRIQUE;Armoire de distribution;Armoires 125A;;2;;
12XT;"Enceinte coaxiale active/passive 12"" • L'ACOUSTICS";SONORISATION;Enceinte;Enceinte;;1;L-ACOUSTICS;5808961
12XT;"Enceinte coaxiale active/passive 12"" • L'ACOUSTICS";SONORISATION;Enceinte;Enceinte;;1;L-ACOUSTICS;5808962
12XT;"Enceinte coaxiale active/passive 12"" • L'ACOUSTICS";SONORISATION;Enceinte;Enceinte;;1;L-ACOUSTICS;5808963
12XT;"Enceinte coaxiale active/passive 12"" • L'ACOUSTICS";SONORISATION;Enceinte;Enceinte;;1;L-ACOUSTICS;5808964
12XT;"Enceinte coaxiale active/passive 12"" • L'ACOUSTICS";SONORISATION;Enceinte;Enceinte;;1;L-ACOUSTICS;5808980
12XT;"Enceinte coaxiale active/passive 12"" • L'ACOUSTICS";SONORISATION;Enceinte;Enceinte;;1;L-ACOUSTICS;5808985
12XT;"Enceinte coaxiale active/passive 12"" • L'ACOUSTICS";SONORISATION;Enceinte;Enceinte;;1;L-ACOUSTICS;5809010
12XT;"Enceinte coaxiale active/passive 12"" • L'ACOUSTICS";SONORISATION;Enceinte;Enceinte;;1;L-ACOUSTICS;5809011
12XT;"Enceinte coaxiale active/passive 12"" • L'ACOUSTICS";SONORISATION;Enceinte;Enceinte;;1;L-ACOUSTICS;5809012
12XT;"Enceinte coaxiale active/passive 12"" • L'ACOUSTICS";SONORISATION;Enceinte;Enceinte;;1;L-ACOUSTICS;5809013
12XT;"Enceinte coaxiale active/passive 12"" • L'ACOUSTICS";SONORISATION;Enceinte;Enceinte;;1;L-ACOUSTICS;5809014
12XT;"Enceinte coaxiale active/passive 12"" • L'ACOUSTICS";SONORISATION;Enceinte;Enceinte;;1;L-ACOUSTICS;5809015
16H10;Câble RMP 16 paires 10m (multibroche circulaire);SONORISATION;Cablages audio;Multipaires;Entrepôt 1 : G;2;;
16H20;Câble RMP 16 paires 20m (multibroche circulaire);SONORISATION;Cablages audio;Multipaires;Entrepôt 1 : G;2;;
19685B;Support de moniteur LCD pour trépied micro•K&M;AUDIOVISUEL;Accessoires;Accroche;;2;K&M;
20H03;Câble harting 20 paires fem/fem 3m;SONORISATION;Cablages audio;Multipaires;;2;;
20H05;Câble harting 20 paires fem/fem 5m;SONORISATION;Cablages audio;Multipaires;Entrepôt 1 : G;25;;
20H10;Câble harting 20 paires fem/fem 10m;SONORISATION;Cablages audio;Multipaires;Entrepôt 1 : G;11;;
20H20;Câble harting 20 paires fem/fem 20m;SONORISATION;Cablages audio;Multipaires;Entrepôt 1 : G;16;;
20H30;Câble harting 20 paires fem/fem 30m;SONORISATION;Cablages audio;Multipaires;Entrepôt 1 : G;2;;
20H40;Câble harting 20 paires fem/fem 40m;SONORISATION;Cablages audio;Multipaires;Entrepôt 1 : G;2;;
250A-1;Armoire Powerlock -> 2x125A / 4x63A /3x32AT / 2x32AM;DISTRIBUTION ELECTRIQUE;Armoire de distribution;Armoires 250A;Entrepôt 1 : A5;1;;
310HPC;Projecteur plan convexe 1000/1200W • JULIAT;ECLAIRAGE;Traditionnel;Plans convexe;Entrepôt 1 : D1;42;JULIAT;
32A-1;Armoire P17 32A -> 3x32AM / 6xPC16;DISTRIBUTION ELECTRIQUE;Armoire de distribution;Armoires 32A;Entrepôt 1 : A5;1;;
32A-2;Armoire P17 32A -> 1x 32AT / 3x32AM / 6xPC16;DISTRIBUTION ELECTRIQUE;Armoire de distribution;Armoires 32A;Entrepôt 1 : A5;1;;
32A-3;Sabot de distribution 32A T-> 6 x PC16A;DISTRIBUTION ELECTRIQUE;Armoire de distribution;Armoires 32A;Entrepôt 1 : A5;2;;
32A-4;Sabot de distribution 32A T-> 2 x PC16A / 2 x P17 32AM;DISTRIBUTION ELECTRIQUE;Armoire de distribution;Armoires 32A;Entrepôt 1 : A5;1;;
32A-5-HOR;Armoire P17 32A avec horloge;DISTRIBUTION ELECTRIQUE;Armoire de distribution;Armoires 32A;;2;;
400A-1;Armoire Powerlock -> 4x125A / 8x63A /2x32AT;DISTRIBUTION ELECTRIQUE;Armoire de distribution;Armoires 400A;Entrepôt 1 : A1;1;;
4010502/FC;Flyght-case à roulette pour grandMA3 Light;ECLAIRAGE;Consoles;Consoles projecteurs asservis;;4;;
613SX;Découpe 613 SX 1000W 28/54° • JULIAT;ECLAIRAGE;Traditionnel;Découpe;Entrepôt 1 : D1;26;JULIAT;
614SX;Découpe 614SX 1000W 16/35° • JULIAT;ECLAIRAGE;Traditionnel;Découpe;Entrepôt 1 : D1;31;JULIAT;
63A-1;Armoire P17 63A -> 2x32AT / 6xPC16;DISTRIBUTION ELECTRIQUE;Armoire de distribution;Armoires 63A;Entrepôt 1 : A5;1;;
63A-2;Armoire P17 63A -> 3x32AT / 1x32AM / 3xPC16 / 2xSocapex;DISTRIBUTION ELECTRIQUE;Armoire de distribution;Armoires 63A;Entrepôt 1 : A5;1;;
63A-3;Armoire P17 63A -> 3x32AT / 3xPC16;DISTRIBUTION ELECTRIQUE;Armoire de distribution;Armoires 63A;Entrepôt 1 : A5;1;;
63A-5;Armoire P17 63A -> 4x32AT;DISTRIBUTION ELECTRIQUE;Armoire de distribution;Armoires 63A;Entrepôt 1 : A5;12;;
63A-6-HOR;Armoire P17 63A avec horloge;DISTRIBUTION ELECTRIQUE;Armoire de distribution;Armoires 63A;Entrepôt 1 : A5;1;;
713SX;Découpe 713SX 2000W 29/50° • JULIAT;ECLAIRAGE;Traditionnel;Découpe;Entrepôt 1 : D1;29;JULIAT;
714SX;Découpe 714SX 2000W 15/38° • JULIAT;ECLAIRAGE;Traditionnel;Découpe;Entrepôt 1 : D1;20;JULIAT;
8803;Préampli/EQ 2 canaux • NEVE;SONORISATION;Périphérique;Préampli-Tube;;1;NEVE;
8XT;"Enceinte coaxiale passive 2 voies 8"" • L'ACOUSTICS";SONORISATION;Enceinte;Enceinte;Entrepôt 1 : G;1;L-ACOUSTICS;5542
8XT;"Enceinte coaxiale passive 2 voies 8"" • L'ACOUSTICS";SONORISATION;Enceinte;Enceinte;Entrepôt 1 : G;15;L-ACOUSTICS;
900SNX;Lanterne pour decoupe HMI2500 • JULIAT;ECLAIRAGE;Traditionnel;Découpe;Entrepôt 2 : M;3;JULIAT;
960L;Réverb numérique • LEXICON;SONORISATION;Périphérique;Effet;Hors stock;1;LEXICON;3256
A-MOUNT;Embase de montage sur pied pour A15 ET A10•L-ACOOUSTICS;SONORISATION;Enceinte;accessoire L-ACOUSTICS;;2;L-ACOUSTICS;
A1031U;Antenne omnidirectionnelle 450-960 Mhz • SENNHEISER;SONORISATION;Ear Monitor;Ear Monitor;Entrepôt 2 : M;5;SENNHEISER;
A15-BUMP;Bumper A15 • L'ACOUSTICS;SONORISATION;Enceinte;accessoire L-ACOUSTICS;;1;L-ACOUSTICS;1500005794
A15-BUMP;Bumper A15 • L'ACOUSTICS;SONORISATION;Enceinte;accessoire L-ACOUSTICS;;1;L-ACOUSTICS;1500005795
A15-BUMP;Bumper A15 • L'ACOUSTICS;SONORISATION;Enceinte;accessoire L-ACOUSTICS;;1;L-ACOUSTICS;A15-BUMP_1_3
A15-BUMP;Bumper A15 • L'ACOUSTICS;SONORISATION;Enceinte;accessoire L-ACOUSTICS;;1;L-ACOUSTICS;A15-BUMP_1_4
A15-FOCUS;"Enceinte 15"" WST® 10° passive 2 voies • L'ACOUSTICS";SONORISATION;Enceinte;Enceinte;;1;L-ACOUSTICS;1470016295
A15-FOCUS;"Enceinte 15"" WST® 10° passive 2 voies • L'ACOUSTICS";SONORISATION;Enceinte;Enceinte;;1;L-ACOUSTICS;1470016313
A15-FOCUS;"Enceinte 15"" WST® 10° passive 2 voies • L'ACOUSTICS";SONORISATION;Enceinte;Enceinte;;1;L-ACOUSTICS;1470016315
A15-FOCUS;"Enceinte 15"" WST® 10° passive 2 voies • L'ACOUSTICS";SONORISATION;Enceinte;Enceinte;;1;L-ACOUSTICS;1470016317
A15-FOCUS;"Enceinte 15"" WST® 10° passive 2 voies • L'ACOUSTICS";SONORISATION;Enceinte;Enceinte;;1;L-ACOUSTICS;1470016320
A15-FOCUS;"Enceinte 15"" WST® 10° passive 2 voies • L'ACOUSTICS";SONORISATION;Enceinte;Enceinte;;1;L-ACOUSTICS;1470016321
A15-FOCUS;"Enceinte 15"" WST® 10° passive 2 voies • L'ACOUSTICS";SONORISATION;Enceinte;Enceinte;;1;L-ACOUSTICS;A15-FOCUS_1_4
A15-FOCUS;"Enceinte 15"" WST® 10° passive 2 voies • L'ACOUSTICS";SONORISATION;Enceinte;Enceinte;;1;L-ACOUSTICS;A15-FOCUS_1_5
A15-FOCUS;"Enceinte 15"" WST® 10° passive 2 voies • L'ACOUSTICS";SONORISATION;Enceinte;Enceinte;;1;L-ACOUSTICS;A15-FOCUS_1_6
A15-FOCUS;"Enceinte 15"" WST® 10° passive 2 voies • L'ACOUSTICS";SONORISATION;Enceinte;Enceinte;;1;L-ACOUSTICS;A15-FOCUS_1_7
A15-FOCUS;"Enceinte 15"" WST® 10° passive 2 voies • L'ACOUSTICS";SONORISATION;Enceinte;Enceinte;;1;L-ACOUSTICS;A15-FOCUS_1_8
A15-FOCUS;"Enceinte 15"" WST® 10° passive 2 voies • L'ACOUSTICS";SONORISATION;Enceinte;Enceinte;;1;L-ACOUSTICS;A15-FOCUS_1_9
A15-LIFT;Elément d'accrochage pour déploiement horizontal de l'A15 • L'ACOUSTICS;SONORISATION;Enceinte;accessoire L-ACOUSTICS;;2;L-ACOUSTICS;
A15-TILT;Element de rigging entre A15 et KS21 stack • L'ACOUSTICS;SONORISATION;Enceinte;accessoire L-ACOUSTICS;;2;L-ACOUSTICS;
A15-WIDE;"Enceinte 15"" WST® 30° passive 2 voies • L'ACOUSTICS";SONORISATION;Enceinte;Enceinte;;1;L-ACOUSTICS;1480012513
A15-WIDE;"Enceinte 15"" WST® 30° passive 2 voies • L'ACOUSTICS";SONORISATION;Enceinte;Enceinte;;1;L-ACOUSTICS;1480012514
A15-WIDE;"Enceinte 15"" WST® 30° passive 2 voies • L'ACOUSTICS";SONORISATION;Enceinte;Enceinte;;1;L-ACOUSTICS;A15-WIDE_1_3
A15-WIDE;"Enceinte 15"" WST® 30° passive 2 voies • L'ACOUSTICS";SONORISATION;Enceinte;Enceinte;;1;L-ACOUSTICS;A15-WIDE_1_4
A2003-UHF;Antenne directionnelle passive 450-960 Mhz • SENNHEISER;SONORISATION;Ear Monitor;Ear Monitor;Entrepôt 2 : M;3;SENNHEISER;
A5000;Antenne Directionnelle • SENNHEISER;SONORISATION;Ear Monitor;Ear Monitor;Entrepôt 2 : M;1;SENNHEISER;1
A5000;Antenne Directionnelle • SENNHEISER;SONORISATION;Ear Monitor;Ear Monitor;Entrepôt 2 : M;1;SENNHEISER;2
A5000;Antenne Directionnelle • SENNHEISER;SONORISATION;Ear Monitor;Ear Monitor;Entrepôt 2 : M;1;SENNHEISER;3
A56D;Fixation pour fût de batterie universelle•SHURE;SONORISATION;Micro;Pieds / Accessoires micro;;2;SHURE;
AB168;ALLEN & HEATH • Boitier de scène numérique 12 IN / 8 OUT;SONORISATION;Console;Console numérique;;1;ALLEN & HEATH;
AC3000;Combiner actif d antenne • SENNHEISER;SONORISATION;Ear Monitor;Ear Monitor;Entrepôt 2 : M;2;SENNHEISER;
ACCROCHESAMIA;Elements de liaison pour praticables;STRUCTURE;praticables;praticables;Entrepôt 2 : K4;151;;
ACL250;Série d'acl 8x250W (2 barres);ECLAIRAGE;Traditionnel;Basse tension;Entrepôt 1 : F7;7;;
AD1;Emetteur pocket série AXIENT Bande G56 (470 à 636 MHz) • SHURE;SONORISATION;Micro;HF;;1;SHURE;2EC31802057
AD1;Emetteur pocket série AXIENT Bande G56 (470 à 636 MHz) • SHURE;SONORISATION;Micro;HF;;1;SHURE;2EC31802095
AD1;Emetteur pocket série AXIENT Bande G56 (470 à 636 MHz) • SHURE;SONORISATION;Micro;HF;;1;SHURE;2EC31802920
AD1;Emetteur pocket série AXIENT Bande G56 (470 à 636 MHz) • SHURE;SONORISATION;Micro;HF;;1;SHURE;2EC31803173
AD1;Emetteur pocket série AXIENT Bande G56 (470 à 636 MHz) • SHURE;SONORISATION;Micro;HF;;1;SHURE;AD1_1_13
AD1;Emetteur pocket série AXIENT Bande G56 (470 à 636 MHz) • SHURE;SONORISATION;Micro;HF;;1;SHURE;AD1_1_14
AD1;Emetteur pocket série AXIENT Bande G56 (470 à 636 MHz) • SHURE;SONORISATION;Micro;HF;;1;SHURE;AD1_1_15
AD1;Emetteur pocket série AXIENT Bande G56 (470 à 636 MHz) • SHURE;SONORISATION;Micro;HF;;1;SHURE;AD1_1_16
AD1;Emetteur pocket série AXIENT Bande G56 (470 à 636 MHz) • SHURE;SONORISATION;Micro;HF;;1;SHURE;AD1_1_17
AD1;Emetteur pocket série AXIENT Bande G56 (470 à 636 MHz) • SHURE;SONORISATION;Micro;HF;;1;SHURE;AD1_1_18
AD1;Emetteur pocket série AXIENT Bande G56 (470 à 636 MHz) • SHURE;SONORISATION;Micro;HF;;1;SHURE;AD1_1_19
AD1;Emetteur pocket série AXIENT Bande G56 (470 à 636 MHz) • SHURE;SONORISATION;Micro;HF;;1;SHURE;AD1_1_2
AD1;Emetteur pocket série AXIENT Bande G56 (470 à 636 MHz) • SHURE;SONORISATION;Micro;HF;;1;SHURE;AD1_1_3
AD1;Emetteur pocket série AXIENT Bande G56 (470 à 636 MHz) • SHURE;SONORISATION;Micro;HF;;1;SHURE;AD1_1_4
AD1;Emetteur pocket série AXIENT Bande G56 (470 à 636 MHz) • SHURE;SONORISATION;Micro;HF;;1;SHURE;AD1_1_5
AD1;Emetteur pocket série AXIENT Bande G56 (470 à 636 MHz) • SHURE;SONORISATION;Micro;HF;;1;SHURE;AD1_1_6
AD1;Emetteur pocket série AXIENT Bande G56 (470 à 636 MHz) • SHURE;SONORISATION;Micro;HF;;1;SHURE;AD1_1_7
AD1;Emetteur pocket série AXIENT Bande G56 (470 à 636 MHz) • SHURE;SONORISATION;Micro;HF;;1;SHURE;AD1_1_8
AD1;Emetteur pocket série AXIENT Bande G56 (470 à 636 MHz) • SHURE;SONORISATION;Micro;HF;;1;SHURE;AD1_1_9
AD2;Emetteur main série AXIENT Bande G56 (470 à 636 MHz) • SHURE;SONORISATION;Micro;HF;Entrepôt 2 : M;1;SHURE;2CK30599650
AD2;Emetteur main série AXIENT Bande G56 (470 à 636 MHz) • SHURE;SONORISATION;Micro;HF;Entrepôt 2 : M;1;SHURE;2CK30599927
AD2;Emetteur main série AXIENT Bande G56 (470 à 636 MHz) • SHURE;SONORISATION;Micro;HF;Entrepôt 2 : M;1;SHURE;2CL13419071
AD2;Emetteur main série AXIENT Bande G56 (470 à 636 MHz) • SHURE;SONORISATION;Micro;HF;Entrepôt 2 : M;1;SHURE;2CL13419437
AD2;Emetteur main série AXIENT Bande G56 (470 à 636 MHz) • SHURE;SONORISATION;Micro;HF;Entrepôt 2 : M;1;SHURE;2SB1997207
AD2;Emetteur main série AXIENT Bande G56 (470 à 636 MHz) • SHURE;SONORISATION;Micro;HF;Entrepôt 2 : M;1;SHURE;2SB1997212
AD2;Emetteur main série AXIENT Bande G56 (470 à 636 MHz) • SHURE;SONORISATION;Micro;HF;Entrepôt 2 : M;1;SHURE;2SB1997215
AD2;Emetteur main série AXIENT Bande G56 (470 à 636 MHz) • SHURE;SONORISATION;Micro;HF;Entrepôt 2 : M;1;SHURE;2SB1997218
AD2;Emetteur main série AXIENT Bande G56 (470 à 636 MHz) • SHURE;SONORISATION;Micro;HF;Entrepôt 2 : M;1;SHURE;2SB1997220
AD2;Emetteur main série AXIENT Bande G56 (470 à 636 MHz) • SHURE;SONORISATION;Micro;HF;Entrepôt 2 : M;1;SHURE;2SC0145354
AD2;Emetteur main série AXIENT Bande G56 (470 à 636 MHz) • SHURE;SONORISATION;Micro;HF;Entrepôt 2 : M;1;SHURE;2SC20768966
AD2;Emetteur main série AXIENT Bande G56 (470 à 636 MHz) • SHURE;SONORISATION;Micro;HF;Entrepôt 2 : M;1;SHURE;2SC20769107
AD2;Emetteur main série AXIENT Bande G56 (470 à 636 MHz) • SHURE;SONORISATION;Micro;HF;Entrepôt 2 : M;8;SHURE;
AD4D;Récépteur shure double numérique série AXIENT • SHURE;SONORISATION;Micro;HF;Entrepôt 2 : M;1;SHURE;2CG31157110
AD4D;Récépteur shure double numérique série AXIENT • SHURE;SONORISATION;Micro;HF;Entrepôt 2 : M;1;SHURE;2CG31157122
AD4D;Récépteur shure double numérique série AXIENT • SHURE;SONORISATION;Micro;HF;Entrepôt 2 : M;1;SHURE;2EE16211096
AD4D;Récépteur shure double numérique série AXIENT • SHURE;SONORISATION;Micro;HF;Entrepôt 2 : M;1;SHURE;2EE19211161
AD4D;Récépteur shure double numérique série AXIENT • SHURE;SONORISATION;Micro;HF;Entrepôt 2 : M;1;SHURE;2RH1597767
AD4D;Récépteur shure double numérique série AXIENT • SHURE;SONORISATION;Micro;HF;Entrepôt 2 : M;1;SHURE;2RK2959982
AD4D;Récépteur shure double numérique série AXIENT • SHURE;SONORISATION;Micro;HF;Entrepôt 2 : M;1;SHURE;2RK2959990
AD4D;Récépteur shure double numérique série AXIENT • SHURE;SONORISATION;Micro;HF;Entrepôt 2 : M;1;SHURE;2RK2959997
AD4D;Récépteur shure double numérique série AXIENT • SHURE;SONORISATION;Micro;HF;Entrepôt 2 : M;4;SHURE;
AD600;SHURE • Manageur de spectre numérique;SONORISATION;Micro;HF Accessoire;;1;SHURE;
AD8HR;Préampli de micros 8 entrées • YAMAHA;SONORISATION;Périphérique;Préampli-Tube;;2;YAMAHA;
ADAPT 125/63A;Adaptateur P17 125A mâle --> 63A fem;DISTRIBUTION ELECTRIQUE;Câblage;Adaptateurs;;2;;
ADAPT 125A/POWERLOKC;Adaptateur P17 125A mâle --> Powerlock;DISTRIBUTION ELECTRIQUE;Câblage;Adaptateurs;Entrepôt 1 : A4;1;;
ADAPT 20AT MENA.;Adaptateur P17 20AT mâle ménagère --> 32AT fem CEE17;DISTRIBUTION ELECTRIQUE;Câblage;Adaptateurs;Entrepôt 1 : A4;2;;
ADAPT 32AT MENA.;Adaptateur P17 32AT mâle ménagère --> 32AT fem CEE17;DISTRIBUTION ELECTRIQUE;Câblage;Adaptateurs;Entrepôt 1 : A5;2;;
ADAPT 32AT/32AT;Adaptateur P17 32AT mâle --> 32AT fem ménagère;DISTRIBUTION ELECTRIQUE;Câblage;Adaptateurs;Entrepôt 1 : A5;1;;
ADAPT 32AT/63A;Adaptateur P17 32A mâle --> 63A fem;DISTRIBUTION ELECTRIQUE;Câblage;Adaptateurs;Entrepôt 1 : A5;4;;
ADAPT 32M/PC16A;Adaptateur P17 32A Mono mâle --> PC16A fem;DISTRIBUTION ELECTRIQUE;Câblage;Adaptateurs;;18;;
ADAPT 63/125A;Adaptateur P17 63A mâle --> 125A fem;DISTRIBUTION ELECTRIQUE;Câblage;Adaptateurs;Entrepôt 1 : A4;3;;
ADAPT 63T/32T;Adaptateur P17 63A mâle -> 32A femelle;DISTRIBUTION ELECTRIQUE;Câblage;Adaptateurs;;2;;
ADAPT DMX 3F/5M;Adaptateur DMX 3 points femelle vers 5 points mâle;ECLAIRAGE;Câblage;DMX;Entrepôt 1 : D3;15;;
ADAPT DMX 3M/5F;Adaptateur DMX 3 points mâle vers 5 points femelle;ECLAIRAGE;Câblage;DMX;Entrepôt 1 : D3;21;;
ADAPT P1716/PC16;Adaptateur P17 16A Mono Mâle--> PC16A IP44;DISTRIBUTION ELECTRIQUE;Câblage;Adaptateurs;Entrepôt 1 : A5;2;;
ADAPT PC16A/32AM;Adaptateur PC16A mâle --> P17 32AM fem;DISTRIBUTION ELECTRIQUE;Câblage;Adaptateurs;Entrepôt 1 : A4;4;;
ADAPT PC16A/P17;Adaptateur PC16A mâle --> P17 16A mono femelle;DISTRIBUTION ELECTRIQUE;Câblage;Adaptateurs;Entrepôt 2 : M;2;;
AE2500;Micro double capsules • AUDIO TECHNICA;SONORISATION;Micro;Micro statique;Entrepôt 2 : N;1;AUDIO-TECHNICA;
AF-1;Ventilateur AIRFORCE1;ECLAIRAGE;Effets / Fumée;Ventilation;Entrepôt 1 : D3;3;;
AF-3;ANTARI•Ventilateur turbine DMX AF-3;ECLAIRAGE;Effets / Fumée;Ventilation;Entrepôt 1 : D3;4;ANTARI;
AIRBOX;Interface DMX WIFI BOXCOLOR • STARWAY;ECLAIRAGE;Asservi;Architecturaux;Entrepôt 1 : F3;2;STARWAY;
AMP100V;Ampli de ligne 100v;SONORISATION;100 V;Amplificateur;;1;;240PA305037
AMP100V;Ampli de ligne 100v;SONORISATION;100 V;Amplificateur;;4;;
ANEMOMETRE;Anémomètre RWIND2+ tube+balise de transport+tube de déport coudé;STRUCTURE;Scène;Scènes mobiles couvertes;;3;;
ANG T003;Pièce d'angle triangulaire 2D /90°;STRUCTURE;Pont Aluminium;Série 300 tri;Entrepôt 2 : L2;4;;
ANG T007;Pièce d'angle triangulaire 2D /90° pour arche pointe bas;STRUCTURE;Pont Aluminium;Série 300 tri;Entrepôt 2 : L2;6;;
ANG T012;Pièce d'angle triangulaire 3D /90° horiz./pied droit;STRUCTURE;Pont Aluminium;Série 300 tri;Entrepôt 2 : L2;3;;
ANG T013;Pièce d'angle triangulaire 3D /90° horiz./pied gauche;STRUCTURE;Pont Aluminium;Série 300 tri;Entrepôt 2 : L2;2;;
ANG T017;Pièce d'angle triangulaire 3D /T horiz;STRUCTURE;Pont Aluminium;Série 300 tri;Entrepôt 2 : L2;9;;
ANG T018;Pièce d'angle triangulaire 2D + pied;STRUCTURE;Pont Aluminium;Série 300 tri;Entrepôt 2 : L2;4;;
ANG T020;Pièce d'angle triangulaire 3D + pied;STRUCTURE;Pont Aluminium;Série 300 tri;Entrepôt 2 : L2;2;;
ANG2D-NOIR;Angle 2D / 90° C003 noir • PROLYTE;STRUCTURE;Pont Aluminium;Série 300 carré;Entrepôt 2 : L2;8;PROLYTE;
ANG3DT-NOIR;"Angle 3D / ""T"" C017 noir • PROLYTE";STRUCTURE;Pont Aluminium;Série 300 carré;Entrepôt 2 : L2;8;PROLYTE;
ANGARMEX;Barre angulaire de rallonge bumper KARA (II);SONORISATION;Enceinte;Enceinte;;8;;
ANGLE2D500TRI;Angle 2D serie 500 triangulaire 90°;STRUCTURE;Pont Aluminium;Série 500 triangulaire;Entrepôt 2 : L2;7;;
ANGLE3D500TRI;Angle 3D serie 500 triangulaire T;STRUCTURE;Pont Aluminium;Série 500 triangulaire;Entrepôt 2 : L2;2;;
ANGLE4D500TRI;Angle 4D serie 500 triangulaire X;STRUCTURE;Pont Aluminium;Série 500 triangulaire;Entrepôt 2 : L2;6;;
ANGMAG500TRI;Angle magique serie 500tri;STRUCTURE;Pont Aluminium;Série 500 triangulaire;Entrepôt 2 : L2;8;;
ANGPRO2D300CARRE;Angle 2D / 90° C003 • PROLYTE;STRUCTURE;Pont Aluminium;Série 300 carré;Entrepôt 2 : L2;14;PROLYTE;
ANGPRO3D300CARRE;Angle 3D 90°/ Pied C012 • PROLYTE;STRUCTURE;Pont Aluminium;Série 300 carré;Entrepôt 2 : L2;21;PROLYTE;
ANGPRO3DT300CARRE;"Angle 3D / ""T"" C017 • PROLYTE";STRUCTURE;Pont Aluminium;Série 300 carré;Entrepôt 2 : L2;18;PROLYTE;
ANGPRO4D300CARRE;Angle 4D /T horiz./pied C020 • PROLYTE;STRUCTURE;Pont Aluminium;Série 300 carré;Entrepôt 2 : L2;3;PROLYTE;
ANGPRO4D300CARRE+;"Angle 4D ""croix"" C016• PROLYTE";STRUCTURE;Pont Aluminium;Série 300 carré;Entrepôt 2 : L2;2;PROLYTE;
ANGPRO5D300CARRE;Angle 5D /croix horiz./pied C024 • PROLYTE;STRUCTURE;Pont Aluminium;Série 300 carré;Entrepôt 2 : L2;2;PROLYTE;
ANGPRO6D300CARRE;Angle 6D • PROLYTE;STRUCTURE;Pont Aluminium;Série 300 carré;Entrepôt 2 : L2;4;PROLYTE;
ANNEAU;Anneau de levage 1T;STRUCTURE;Levage;Accessoires levage;Entrepôt 2 : L1;16;;
APOLLOX16D;Interface audio Apollo x16D Ultimate•UNIVERSAL AUDIO;SONORISATION;Périphérique;Processeur filtrage;;2;UNIVERSAL AUDIO;
AR2412;ALLEN & HEATH • Boitier de scène numérique 24 IN / 12 OUT;SONORISATION;Console;Console numérique;;1;ALLEN & HEATH;
ARAKNO;"EUROMET•Support ""pieuvre"" VP pour tube diam 50 - max 2";AUDIOVISUEL;Accessoires;Accroche;Entrepôt 1 : F2;3;;
ARC;Enceinte WST active 2 voies • L'ACOUSTICS;SONORISATION;Enceinte;Enceinte;Entrepôt 2 : M;1;L-ACOUSTICS;1901
ARC;Enceinte WST active 2 voies • L'ACOUSTICS;SONORISATION;Enceinte;Enceinte;Entrepôt 2 : M;1;L-ACOUSTICS;1904
ARC;Enceinte WST active 2 voies • L'ACOUSTICS;SONORISATION;Enceinte;Enceinte;Entrepôt 2 : M;1;L-ACOUSTICS;1905
ARC;Enceinte WST active 2 voies • L'ACOUSTICS;SONORISATION;Enceinte;Enceinte;Entrepôt 2 : M;1;L-ACOUSTICS;1906
ARC;Enceinte WST active 2 voies • L'ACOUSTICS;SONORISATION;Enceinte;Enceinte;Entrepôt 2 : M;1;L-ACOUSTICS;1943
ARC;Enceinte WST active 2 voies • L'ACOUSTICS;SONORISATION;Enceinte;Enceinte;Entrepôt 2 : M;1;L-ACOUSTICS;2584
ARC;Enceinte WST active 2 voies • L'ACOUSTICS;SONORISATION;Enceinte;Enceinte;Entrepôt 2 : M;1;L-ACOUSTICS;2585
ARC;Enceinte WST active 2 voies • L'ACOUSTICS;SONORISATION;Enceinte;Enceinte;Entrepôt 2 : M;1;L-ACOUSTICS;2586
ARC;Enceinte WST active 2 voies • L'ACOUSTICS;SONORISATION;Enceinte;Enceinte;Entrepôt 2 : M;1;L-ACOUSTICS;2587
ARC;Enceinte WST active 2 voies • L'ACOUSTICS;SONORISATION;Enceinte;Enceinte;Entrepôt 2 : M;1;L-ACOUSTICS;2588
ARC;Enceinte WST active 2 voies • L'ACOUSTICS;SONORISATION;Enceinte;Enceinte;Entrepôt 2 : M;1;L-ACOUSTICS;2589
ARC;Enceinte WST active 2 voies • L'ACOUSTICS;SONORISATION;Enceinte;Enceinte;Entrepôt 2 : M;1;L-ACOUSTICS;2590
ARCALINE2;Barre de led Ayrton Arcaline2 3G full color (RGBW) • AYRTON;ECLAIRAGE;Asservi;Architecturaux;Entrepôt 2 : J3;1;AYRTON;AR3248037-A
ARCALINE2;Barre de led Ayrton Arcaline2 3G full color (RGBW) • AYRTON;ECLAIRAGE;Asservi;Architecturaux;Entrepôt 2 : J3;1;AYRTON;AR3248052-A
ARCALINE2;Barre de led Ayrton Arcaline2 3G full color (RGBW) • AYRTON;ECLAIRAGE;Asservi;Architecturaux;Entrepôt 2 : J3;12;AYRTON;
ARCOUPL;Barre de couplage pour ARC • L'ACOUSTICS;SONORISATION;Enceinte;Enceinte;;12;L-ACOUSTICS;
ARIANE;Barre led 14x30W RGB 30° IP66 450W DMX512 • STARWAY;ECLAIRAGE;Asservi;Architecturaux;Entrepôt 1 : F5;56;STARWAY;
AT8035;Micro canon • AUDIO TECHNICA;SONORISATION;Micro;Micro statique;Entrepôt 2 : N;7;AUDIO-TECHNICA;
AT835B;Micro à condensateur ligne+gradient AUDIO TECHNICA;SONORISATION;Micro;Micro statique;Entrepôt 2 : N;2;AUDIO-TECHNICA;
ATM350;micro à condensateur instrument • AUDIO TECHNICA;SONORISATION;Micro;Micro statique;;2;AUDIO-TECHNICA;
AURORA;LUMEN RADIO • émetteur - récepteur DMX HF 1 univers Wi-Fi / Bluetooth;ECLAIRAGE;Asservi;Accessoires asservis;Entrepôt 1 : D3;2;;
AUTAN;OXO • bloc de puissance 4 X 5A - PC16FR 10/16;ECLAIRAGE;Bloc de puissance;Bloc de puissance;Entrepôt 1 : D3;6;;
AVANTIS SURFACE;Console numérique 64 canaux-42 bus;SONORISATION;Console;Console numérique;;1;;AVANTX-1006243
AVANTIS SURFACE;Console numérique 64 canaux-42 bus;SONORISATION;Console;Console numérique;;1;;AVANTX-1006271
AVANTIS-FLIGHT;Flight case AVANTIS;SONORISATION;Console;Console numérique;;2;;
AVBX3;Auvitran•Audio toolbox 3 slots;SONORISATION;Périphérique;Périphérique;Entrepôt 2 : M;2;AUVITRAN;
AVBX7;Auvitran•Audio toolbox 7 slots;SONORISATION;Périphérique;Périphérique;Entrepôt 2 : M;1;AUVITRAN;
AX4M;Auvitran•carte 4 entrées micro ou ligne;SONORISATION;Périphérique;Périphérique;Entrepôt 2 : M;1;AUVITRAN;
AX4O;Auvitran•carte 4 sorties analogiques;SONORISATION;Périphérique;Périphérique;Entrepôt 2 : M;1;AUVITRAN;
AXCDANTE;Auvitran•carte Dante 64in / 64out;SONORISATION;Périphérique;Périphérique;Entrepôt 2 : M;2;AUVITRAN;
AXCOR300 SPOT;Lyre à led profile, 180W, zoom 8 - 40°, 7000°K • CLAYPAKY;ECLAIRAGE;Asservi;Spot;Entrepôt 1 : D3;1;CLAY PAKY;AH100524   - A06
AXCOR300 SPOT;Lyre à led profile, 180W, zoom 8 - 40°, 7000°K • CLAYPAKY;ECLAIRAGE;Asservi;Spot;Entrepôt 1 : D3;1;CLAY PAKY;AH100525   - A16
AXCOR300 SPOT;Lyre à led profile, 180W, zoom 8 - 40°, 7000°K • CLAYPAKY;ECLAIRAGE;Asservi;Spot;Entrepôt 1 : D3;1;CLAY PAKY;AH100528   - A03
AXCOR300 SPOT;Lyre à led profile, 180W, zoom 8 - 40°, 7000°K • CLAYPAKY;ECLAIRAGE;Asservi;Spot;Entrepôt 1 : D3;1;CLAY PAKY;AH100529   - A12
AXCOR300 SPOT;Lyre à led profile, 180W, zoom 8 - 40°, 7000°K • CLAYPAKY;ECLAIRAGE;Asservi;Spot;Entrepôt 1 : D3;1;CLAY PAKY;AH100532   - A13
AXCOR300 SPOT;Lyre à led profile, 180W, zoom 8 - 40°, 7000°K • CLAYPAKY;ECLAIRAGE;Asservi;Spot;Entrepôt 1 : D3;1;CLAY PAKY;AH100533   - A15
AXCOR300 SPOT;Lyre à led profile, 180W, zoom 8 - 40°, 7000°K • CLAYPAKY;ECLAIRAGE;Asservi;Spot;Entrepôt 1 : D3;1;CLAY PAKY;AH100556   - A18
AXCOR300 SPOT;Lyre à led profile, 180W, zoom 8 - 40°, 7000°K • CLAYPAKY;ECLAIRAGE;Asservi;Spot;Entrepôt 1 : D3;1;CLAY PAKY;AH100563   - A07
AXCOR300 SPOT;Lyre à led profile, 180W, zoom 8 - 40°, 7000°K • CLAYPAKY;ECLAIRAGE;Asservi;Spot;Entrepôt 1 : D3;1;CLAY PAKY;AH100565   - A01
AXCOR300 SPOT;Lyre à led profile, 180W, zoom 8 - 40°, 7000°K • CLAYPAKY;ECLAIRAGE;Asservi;Spot;Entrepôt 1 : D3;1;CLAY PAKY;AH100571   - A08
AXCOR300 SPOT;Lyre à led profile, 180W, zoom 8 - 40°, 7000°K • CLAYPAKY;ECLAIRAGE;Asservi;Spot;Entrepôt 1 : D3;1;CLAY PAKY;AH100626   - A17
AXCOR300 SPOT;Lyre à led profile, 180W, zoom 8 - 40°, 7000°K • CLAYPAKY;ECLAIRAGE;Asservi;Spot;Entrepôt 1 : D3;1;CLAY PAKY;AH100646   - A04
AXCOR300 SPOT;Lyre à led profile, 180W, zoom 8 - 40°, 7000°K • CLAYPAKY;ECLAIRAGE;Asservi;Spot;Entrepôt 1 : D3;1;CLAY PAKY;AH100662   - A09
AXCOR300 SPOT;Lyre à led profile, 180W, zoom 8 - 40°, 7000°K • CLAYPAKY;ECLAIRAGE;Asservi;Spot;Entrepôt 1 : D3;1;CLAY PAKY;AH100662   - A11
AXCOR300 SPOT;Lyre à led profile, 180W, zoom 8 - 40°, 7000°K • CLAYPAKY;ECLAIRAGE;Asservi;Spot;Entrepôt 1 : D3;1;CLAY PAKY;AH100663   - A05
AXCOR300 SPOT;Lyre à led profile, 180W, zoom 8 - 40°, 7000°K • CLAYPAKY;ECLAIRAGE;Asservi;Spot;Entrepôt 1 : D3;1;CLAY PAKY;AH100668   - A14
AXCOR300 SPOT;Lyre à led profile, 180W, zoom 8 - 40°, 7000°K • CLAYPAKY;ECLAIRAGE;Asservi;Spot;Entrepôt 1 : D3;1;CLAY PAKY;AH100785   - A02
AXCOR300 SPOT;Lyre à led profile, 180W, zoom 8 - 40°, 7000°K • CLAYPAKY;ECLAIRAGE;Asservi;Spot;Entrepôt 1 : D3;1;CLAY PAKY;AH100838   - A10
B-SOCA/SPK4;Boîtier socapex mâle -> 4 x embases speakons 4 pts;SONORISATION;Cablages audio;Câbles speakon;;2;;
B16;Boitier de scène 16 XLR Fem connecteur RMP;SONORISATION;Cablages audio;Multipaires;;2;;
B20;Boitier de scène 20 XLRM /20 XLRF Harting mâle;SONORISATION;Cablages audio;Multipaires;;25;;
B205D;"BEHRINGER • EUROLIVE enceinte amplifiée 5,25""";SONORISATION;Enceinte;Enceintes Amplifiées;;5;BEHRINGER;
BACHE10X8;Bache pour structure 80 m2;STRUCTURE;Scène;Bâche couverture scène et Layher;;1;;
BACHE12X10;Bache pour structure 120 m2;STRUCTURE;Scène;Bâche couverture scène et Layher;;1;;
BACHE257*3M;Bâche pour structure LAYHER 2,57 x 3m;STRUCTURE;Scène;Bâche couverture scène et Layher;;10;LAYHER;
BACHE257*5M;Bâche pour structure LAYHER 2,57 x 5m;STRUCTURE;Scène;Bâche couverture scène et Layher;;4;LAYHER;
BACHE257*7M;Bâche pour structure LAYHER 2,57 x 7m;STRUCTURE;Scène;Bâche couverture scène et Layher;;4;LAYHER;
BACHE8X6;Bache pour structure 48 m2;STRUCTURE;Scène;Bâche couverture scène et Layher;;1;;
BACHELATERALEFCJL;Bâche latérale MOV'160 Face Cours/Lointain Jardin;STRUCTURE;Scène;Scènes mobiles couvertes;;1;;
BACHELATERALEFJ/LC;Bâche latérale MOV'160 Face Jardin/Lointain Cours;STRUCTURE;Scène;Scènes mobiles couvertes;;1;;
BANCCLAVIER;Banquette clavier réglable en X;BACKLINE;Accessoires backline;Banquette piano;;4;;
BANCPIANO;Banquette piano KB-15BP;BACKLINE;Accessoires backline;Banquette piano;;1;;
BAR-ACC-35;Barre d'accouplement de projecteurs pour pied diam. 35mm;STRUCTURE;Levage;Pied de levage;;17;;
BAR-ACC-MT;Barre d'accouplement de projecteurs pour pied type MT470;STRUCTURE;Levage;Accessoires levage;;5;;
BARDEPAR;Barre de 6 PAR 64 (CP60-CP61-CP62);ECLAIRAGE;Traditionnel;Projecteur PAR et AC;Hors stock;7;;
BARRE-HBN;ASD • Extension en H pour échelle de projecteur;ECLAIRAGE;Sous-perches;Sous-perches;;30;;
BARRE-HCAN;ASD • accroche à 2 colliers pour echelles de projecteurs ASD;ECLAIRAGE;Sous-perches;Sous-perches;;6;;
BARRE-SUHBN;ASD • Chariot à roulette pour BARRE-HBN;ECLAIRAGE;Sous-perches;Sous-perches;;10;;
BARRESON;Barre de son SAMSUNG HW-N400;AUDIOVISUEL;Diffusion d'image;Ecran plat;Entrepôt 1 : E3;4;SAMSUNG;
BC4099;DPA•Clip pour contrebasse;SONORISATION;Micro;DPA Accessoires;;3;DPA;
BETA52;Micro dynamique BETA52 • SHURE;SONORISATION;Micro;Micro dynamique;Entrepôt 2 : N;8;SHURE;
BETA56;Micro dynamique BETA56 • SHURE;SONORISATION;Micro;Micro dynamique;Entrepôt 2 : N;3;SHURE;
BETA57;Micro dynamique BETA57 • SHURE;SONORISATION;Micro;Micro dynamique;Entrepôt 2 : N;4;SHURE;
BETA58;Micro dynamique BETA58A • SHURE;SONORISATION;Micro;Micro dynamique;Entrepôt 2 : N;24;SHURE;
BETA87;Micro hypercardioide BETA87 • SHURE;SONORISATION;Micro;Micro statique;Entrepôt 2 : N;7;SHURE;
BETA91;micro de surface à condensateur • SHURE;SONORISATION;Micro;Micro statique;;2;SHURE;
BETA91A;micro de surface à condensateur • SHURE;SONORISATION;Micro;Micro statique;;10;SHURE;
BETA98;MIicro mini statique BETA98+acc • SHURE;SONORISATION;Micro;Micro statique;Entrepôt 2 : N;10;SHURE;
BETA98H/C;Micro miniature à condensateur monté sur col de cygne • SHURE;SONORISATION;Micro;Micro statique;;2;SHURE;
BL900SNX;Ballast pour lanterne 900SNX • JULIAT;ECLAIRAGE;Traditionnel;Découpe;Entrepôt 1 : F7;3;JULIAT;
BLACKGUN;Canon à lumière noire 400W;ECLAIRAGE;Traditionnel;Projecteur divers;Entrepôt 1 : F7;8;;
BLINDER 8;Blinder Noir 8 lampes;ECLAIRAGE;Traditionnel;Molefay;Entrepôt 1 : F5;4;;
BLINDER4;Blinder 4X650W;ECLAIRAGE;Traditionnel;Molefay;Entrepôt 1 : F5;13;;
BLOC PHARE;BLOC PHARE;ECLAIRAGE;Sécurité / Eclairage site;Sécurité;Entrepôt 2 : J2;12;;
BLOC360;Bloc de secours 360lms autonome;ECLAIRAGE;Sécurité / Eclairage site;Sécurité;Hors stock;5;;
BLOC60;Bloc de secours 60lms autonome;ECLAIRAGE;Sécurité / Eclairage site;Sécurité;Hors stock;12;;
BLOCKPERCUS;Set de 2 jam Block+tambourin+support•LP;BACKLINE;Percussions;Accessoires percus;E3;1;GLP;
BLUESJUNIORIV;Ampli Blues Junio IV Black•¬†FENDER;BACKLINE;Amplis;Ampli GUIT;;1;FENDER;B884971
BOITEAMBRE;Boite ambre 300w+prises de rappel;ECLAIRAGE;Traditionnel;Projecteur divers;Hors stock;28;;
BONGO;"Set 2 bongos Matador 7 1/4"" et 8 5/8""•LP";BACKLINE;Percussions;Bongos;E3;1;GLP;
BOSES1PRO+-;Système de sonorisation autonome Noire•BOSE;SONORISATION;Enceinte;Enceintes Amplifiées;;1;BOSE;
BOSES1PRO+HOUSSE-;Housse pour enceinte S1PRO+•BOSE;SONORISATION;Enceinte;Enceintes Amplifiées;;1;BOSE;
BOSES1PRO+MICRO-;Système sans fil 2,4 GHz pour microphone•BOSE;SONORISATION;Enceinte;Enceintes Amplifiées;;1;BOSE;
BOTEX SC6;Mini console DMX 6 circuits / 1 master SC6;ECLAIRAGE;Consoles;Consoles traditionnelles;Entrepôt 1 : D3;2;;
BOUCHON-RJ45;Raccord RJ45 fem-fem;SONORISATION;Cablages audio;Câble RJ45;;30;;
BOUCHON-SPK4;RACCORD SPEAKON 4Pts;SONORISATION;Cablages audio;Câbles speakon;;60;;
BOUCHON-SPK8;RACCORD SPEAKON 8Pts;SONORISATION;Cablages audio;Câbles speakon;;9;;
BOULEFACETTE/100;Boulle a facette diam 1000+moteur;ECLAIRAGE;Asservi;Effet;;1;;
BOULEFACETTE/40;Boulle a facette diam 400+moteur;ECLAIRAGE;Asservi;Effet;Entrepôt 1 : F4;2;;
BOULEFACETTE/50;Boulle a facette diam 500+moteur;ECLAIRAGE;Asservi;Effet;Entrepôt 1 : F4;2;;
BOXKOLOR;BOXKOLOR Projecteur LED sur batterie•STARWAY;ECLAIRAGE;Asservi;Architecturaux;Entrepôt 1 : F3;1;STARWAY;220490028509357
BOXKOLOR;BOXKOLOR Projecteur LED sur batterie•STARWAY;ECLAIRAGE;Asservi;Architecturaux;Entrepôt 1 : F3;1;STARWAY;220490028509358
BOXKOLOR;BOXKOLOR Projecteur LED sur batterie•STARWAY;ECLAIRAGE;Asservi;Architecturaux;Entrepôt 1 : F3;1;STARWAY;220490028509359
BOXKOLOR;BOXKOLOR Projecteur LED sur batterie•STARWAY;ECLAIRAGE;Asservi;Architecturaux;Entrepôt 1 : F3;1;STARWAY;220490028509360
BOXKOLOR;BOXKOLOR Projecteur LED sur batterie•STARWAY;ECLAIRAGE;Asservi;Architecturaux;Entrepôt 1 : F3;1;STARWAY;220490028509361
BOXKOLOR;BOXKOLOR Projecteur LED sur batterie•STARWAY;ECLAIRAGE;Asservi;Architecturaux;Entrepôt 1 : F3;1;STARWAY;220490028509362
BOXKOLOR;BOXKOLOR Projecteur LED sur batterie•STARWAY;ECLAIRAGE;Asservi;Architecturaux;Entrepôt 1 : F3;1;STARWAY;220490028509363
BOXKOLOR;BOXKOLOR Projecteur LED sur batterie•STARWAY;ECLAIRAGE;Asservi;Architecturaux;Entrepôt 1 : F3;1;STARWAY;220490028509364
BOXKOLOR;BOXKOLOR Projecteur LED sur batterie•STARWAY;ECLAIRAGE;Asservi;Architecturaux;Entrepôt 1 : F3;1;STARWAY;220490028509365
BOXKOLOR;BOXKOLOR Projecteur LED sur batterie•STARWAY;ECLAIRAGE;Asservi;Architecturaux;Entrepôt 1 : F3;1;STARWAY;220490028509366
BOXKOLOR;BOXKOLOR Projecteur LED sur batterie•STARWAY;ECLAIRAGE;Asservi;Architecturaux;Entrepôt 1 : F3;1;STARWAY;220490028509367
BOXKOLOR;BOXKOLOR Projecteur LED sur batterie•STARWAY;ECLAIRAGE;Asservi;Architecturaux;Entrepôt 1 : F3;1;STARWAY;220490028509368
BOXKOLOR;BOXKOLOR Projecteur LED sur batterie•STARWAY;ECLAIRAGE;Asservi;Architecturaux;Entrepôt 1 : F3;1;STARWAY;220490028509573
BOXKOLOR;BOXKOLOR Projecteur LED sur batterie•STARWAY;ECLAIRAGE;Asservi;Architecturaux;Entrepôt 1 : F3;1;STARWAY;220490028509574
BOXKOLOR;BOXKOLOR Projecteur LED sur batterie•STARWAY;ECLAIRAGE;Asservi;Architecturaux;Entrepôt 1 : F3;1;STARWAY;220490028509575
BOXKOLOR;BOXKOLOR Projecteur LED sur batterie•STARWAY;ECLAIRAGE;Asservi;Architecturaux;Entrepôt 1 : F3;1;STARWAY;220490028509576
BOXKOLOR;BOXKOLOR Projecteur LED sur batterie•STARWAY;ECLAIRAGE;Asservi;Architecturaux;Entrepôt 1 : F3;1;STARWAY;220490028509577
BOXKOLOR;BOXKOLOR Projecteur LED sur batterie•STARWAY;ECLAIRAGE;Asservi;Architecturaux;Entrepôt 1 : F3;1;STARWAY;220490028509578
BOXKOLOR;BOXKOLOR Projecteur LED sur batterie•STARWAY;ECLAIRAGE;Asservi;Architecturaux;Entrepôt 1 : F3;1;STARWAY;220490028509579
BOXKOLOR;BOXKOLOR Projecteur LED sur batterie•STARWAY;ECLAIRAGE;Asservi;Architecturaux;Entrepôt 1 : F3;1;STARWAY;220490028509580
BOXKOLOR;BOXKOLOR Projecteur LED sur batterie•STARWAY;ECLAIRAGE;Asservi;Architecturaux;Entrepôt 1 : F3;1;STARWAY;220490028509581
BOXKOLOR;BOXKOLOR Projecteur LED sur batterie•STARWAY;ECLAIRAGE;Asservi;Architecturaux;Entrepôt 1 : F3;1;STARWAY;220490028509582
BOXKOLOR;BOXKOLOR Projecteur LED sur batterie•STARWAY;ECLAIRAGE;Asservi;Architecturaux;Entrepôt 1 : F3;1;STARWAY;220490028509583
BOXKOLOR;BOXKOLOR Projecteur LED sur batterie•STARWAY;ECLAIRAGE;Asservi;Architecturaux;Entrepôt 1 : F3;1;STARWAY;220490028509584
BOXKOLOR FLIGHT;Flight-case 12 BoxKolor;ECLAIRAGE;Asservi;Architecturaux;;2;;
BOXKOLORTUB120;BOXKOLOR Tube lumineux 120 cm•STARWAY;ECLAIRAGE;Asservi;Architecturaux;Entrepôt 1 : F3;12;STARWAY;
BOXKOLORTUB60;BOXKOLOR Tube lumineux 60 cm•STARWAY;ECLAIRAGE;Asservi;Architecturaux;Entrepôt 1 : F3;12;STARWAY;
BRETELLES;Bretelles de série 110V/220V;ECLAIRAGE;Câblage;Divers;Entrepôt 1 : A1;11;;
BRIDE IPN;Bride IPN pour poutre alu 300 carré;STRUCTURE;Pont Aluminium;Accessoire structure;;8;;
BT250;Projecteur basse tension 250W;ECLAIRAGE;Traditionnel;Basse tension;Entrepôt 1 : F5;4;;
BT500;Projecteur basse tension 500W;ECLAIRAGE;Traditionnel;Basse tension;Entrepôt 1 : F5;2;;
BUMPARC;Bump ARC • L'ACOUSTICS;SONORISATION;Enceinte;accessoire L-ACOUSTICS;;1;L-ACOUSTICS;1215
BUMPARC;Bump ARC • L'ACOUSTICS;SONORISATION;Enceinte;accessoire L-ACOUSTICS;;1;L-ACOUSTICS;1312
BUMPARC;Bump ARC • L'ACOUSTICS;SONORISATION;Enceinte;accessoire L-ACOUSTICS;;1;L-ACOUSTICS;1429
BUMPARC;Bump ARC • L'ACOUSTICS;SONORISATION;Enceinte;accessoire L-ACOUSTICS;;1;L-ACOUSTICS;1733
C101;Projecteur plan convexe 1000/12000W 10/65° • ADB;ECLAIRAGE;Traditionnel;Plans convexe;Entrepôt 1 : D1;40;ADB;
C201;Projecteur plan convexe 2000W 10/60° • ADB;ECLAIRAGE;Traditionnel;Plans convexe;Entrepôt 1 : F5;22;ADB;
C214;Micro à condensateur large membrane • AKG;SONORISATION;Micro;Micro statique;Entrepôt 2 : N;4;AKG;
C414;Micro à condensateur large membrane • AKG;SONORISATION;Micro;Micro statique;Entrepôt 2 : N;7;AKG;
C535;Micro statique C535 • AKG;SONORISATION;Micro;Micro statique;Entrepôt 2 : N;5;AKG;
CAB-AES05;XLR AES-EBU M/F Long 5M;SONORISATION;Cablages audio;Câble AES-EBU;;13;;
CAB-AES10;XLR AES-EBU M/F Long 10M;SONORISATION;Cablages audio;Câble AES-EBU;;16;;
CAB125A/05M;Cable 5G25 HO7RNF P17 125A 05M;DISTRIBUTION ELECTRIQUE;Câblage;125 ampères triphasé;Entrepôt 1 : A4;9;;
CAB125A/10M;Cable 5G25 HO7RNF P17 125A 10M;DISTRIBUTION ELECTRIQUE;Câblage;125 ampères triphasé;Entrepôt 1 : A4;12;;
CAB125A/20M;Cable 5G25 HO7RNF P17 125A 20M;DISTRIBUTION ELECTRIQUE;Câblage;125 ampères triphasé;Entrepôt 1 : A5;2;;
CAB125A/25M;Cable 5G25 HO7RNF P17 125A 25M;DISTRIBUTION ELECTRIQUE;Câblage;125 ampères triphasé;Entrepôt 1 : A5;1;;
CAB125A/30M;Cable 5G25 HO7RNF P17 125A 30M;DISTRIBUTION ELECTRIQUE;Câblage;125 ampères triphasé;Entrepôt 1 : A5;4;;
CAB125A/35M;Cable 5G25 HO7RNF P17 125A 35M;DISTRIBUTION ELECTRIQUE;Câblage;125 ampères triphasé;Entrepôt 1 : A5;1;;
CAB125A/45M;Cable 5G25 HO7RNF P17 125A 45M;DISTRIBUTION ELECTRIQUE;Câblage;125 ampères triphasé;Entrepôt 2 : M;1;;
CAB125A/50M;Cable 5G25 HO7RNF P17 125A 50M;DISTRIBUTION ELECTRIQUE;Câblage;125 ampères triphasé;Entrepôt 2 : M;1;;
CAB125A/ECLATE;Cable 5G25 HO7RNF EPANOUIE + P17;DISTRIBUTION ELECTRIQUE;Câblage;125 ampères triphasé;Entrepôt 1 : A4;6;;
CAB32M/005M;Cable 3G6 H07RNF P17 32 mono 5M;DISTRIBUTION ELECTRIQUE;Câblage;32 ampères mono;Entrepôt 1 : A2;17;;
CAB32M/010M;Câble 3G6 HO7RNF P17 32 mono 10M;DISTRIBUTION ELECTRIQUE;Câblage;32 ampères mono;Entrepôt 1 : A2;17;;
CAB32M/020M;Cable 3G6 H07RNF P17 32 mono 20M;DISTRIBUTION ELECTRIQUE;Câblage;32 ampères mono;Entrepôt 1 : A2;27;;
CAB32M/040M;Cable 3G6 H07RNF P17 32 mono 40M;DISTRIBUTION ELECTRIQUE;Câblage;32 ampères mono;Entrepôt 1 : A2;1;;
CAB32M/075M;Cable 3G6 H07RNF P17 32 mono 75M;DISTRIBUTION ELECTRIQUE;Câblage;32 ampères mono;Entrepôt 2 : M;1;;
CAB32M/100M;Câble 3G6 HO7RNF P17 32 mono 100M;DISTRIBUTION ELECTRIQUE;Câblage;32 ampères mono;Entrepôt 2 : M;2;;
CAB32M/30M;Cable 3G6 H07RNF P17 32 mono 30M;DISTRIBUTION ELECTRIQUE;Câblage;32 ampères mono;Entrepôt 1 : A2;5;;
CAB32T/005M;Cable 5G6 HO7RNF P17 32A 5M;DISTRIBUTION ELECTRIQUE;Câblage;32 ampères triphasé;Entrepôt 1 : A4;19;;
CAB32T/010M;Cable 5G6 HO7RNF P17 32A 10M;DISTRIBUTION ELECTRIQUE;Câblage;32 ampères triphasé;Entrepôt 1 : A4;33;;
CAB32T/015M;Cable 5G6 HO7RNF P17 32A 15M;DISTRIBUTION ELECTRIQUE;Câblage;32 ampères triphasé;Entrepôt 1 : A4;8;;
CAB32T/020M;Cable 5G6 HO7RNF P17 32A 20M;DISTRIBUTION ELECTRIQUE;Câblage;32 ampères triphasé;Entrepôt 1 : A4;19;;
CAB32T/025M;Cable 5G6 HO7RNF P17 32A 25M;DISTRIBUTION ELECTRIQUE;Câblage;32 ampères triphasé;Entrepôt 1 : A4;12;;
CAB32T/035M;Cable 5G6 HO7RNF P17 32A 35M;DISTRIBUTION ELECTRIQUE;Câblage;32 ampères triphasé;;1;;
CAB32T/050M;Cable 5G6 HO7RNF P17 32A 50M;DISTRIBUTION ELECTRIQUE;Câblage;32 ampères triphasé;Entrepôt 1 : A4;6;;
CAB32T/060M;Cable 5G6 HO7RNF P17 32A 60M;DISTRIBUTION ELECTRIQUE;Câblage;32 ampères triphasé;Entrepôt 1 : A4;1;;
CAB32T/100M;Cable 5G6 HO7RNF P17 32A 100M;DISTRIBUTION ELECTRIQUE;Câblage;32 ampères triphasé;;2;;
CAB32T/ECLATE;Cable 5G6 HO7RNF EPANOUIE + P17;DISTRIBUTION ELECTRIQUE;Câblage;32 ampères triphasé;Entrepôt 1 : A4;10;;
CAB400/10M;Cable 5X120 HO7RNF POWERLOCK 400amp 10M;DISTRIBUTION ELECTRIQUE;Câblage;400 ampères triphasé powerlock;Entrepôt 1 : A5;1;;
CAB400/20M;Cable 5X95 HO7RNF POWERLOCK 400amp 20M;DISTRIBUTION ELECTRIQUE;Câblage;400 ampères triphasé powerlock;Entrepôt 1 : A5;1;;
CAB400/50M;Cable 5X120 HO7RNF POWERLOCK 400amp 50M;DISTRIBUTION ELECTRIQUE;Câblage;400 ampères triphasé powerlock;Entrepôt 1 : A5;1;;
CAB400/5M;Cable 5X120 HO7RNF POWERLOCK 400amp 5M;DISTRIBUTION ELECTRIQUE;Câblage;400 ampères triphasé powerlock;;1;;
CAB400/ECL-COS;Eclaté cossé 5X120 HO7RNF POWERLOCK 400amp;DISTRIBUTION ELECTRIQUE;Câblage;400 ampères triphasé powerlock;;3;;
CAB400/ECL-NU;Eclaté nu 5X120 HO7RNF POWERLOCK 400amp;DISTRIBUTION ELECTRIQUE;Câblage;400 ampères triphasé powerlock;;2;;
CAB63A/005M;Cable 5G16 HO7RNF P17 63A 5M;DISTRIBUTION ELECTRIQUE;Câblage;63 ampères triphasé;Entrepôt 1 : A4;18;;
CAB63A/010M;Cable 5G16 HO7RNF P17 63A 10M;DISTRIBUTION ELECTRIQUE;Câblage;63 ampères triphasé;Entrepôt 1 : A4;18;;
CAB63A/020M;Cable 5G16 HO7RNF P17 63A 20M;DISTRIBUTION ELECTRIQUE;Câblage;63 ampères triphasé;Entrepôt 1 : A4;10;;
CAB63A/030M;Cable 5G16 HO7RNF P17 63A 30M;DISTRIBUTION ELECTRIQUE;Câblage;63 ampères triphasé;Entrepôt 1 : A5;5;;
CAB63A/050M;Cable 5G16 HO7RNF P17 63A 50M;DISTRIBUTION ELECTRIQUE;Câblage;63 ampères triphasé;Entrepôt 2 : M;3;;
CAB63A/075M;Cable 5G16 HO7RNF P17 63A 75M;DISTRIBUTION ELECTRIQUE;Câblage;63 ampères triphasé;Entrepôt 2 : M;1;;
CAB63A/100M;Cable 5G10 HO7RNF P17 63A 100M;DISTRIBUTION ELECTRIQUE;Câblage;63 ampères triphasé;Entrepôt 2 : M;1;;
CAB63A/120M;Cable 5G16 HO7RNF P17 63A 120M;DISTRIBUTION ELECTRIQUE;Câblage;63 ampères triphasé;Entrepôt 2 : M;1;;
CAB63A/ECLATE;Cable 5G16 HO7RNF EPANOUIE + P17;DISTRIBUTION ELECTRIQUE;Câblage;63 ampères triphasé;Entrepôt 1 : A4;10;;
CABMICRO03;XLR M/F Long 3M;SONORISATION;Cablages audio;Cables module;Entrepôt 1 : G;78;;
CABMICRO05;XLR M/F Long 5M;SONORISATION;Cablages audio;Cables module;Entrepôt 1 : G;188;;
CABMICRO07;XLR M/F Long 7M;SONORISATION;Cablages audio;Cables module;Entrepôt 1 : G;171;;
CABMICRO10;XLR M/F Long 10M;SONORISATION;Cablages audio;Cables module;Entrepôt 1 : G;257;;
CABMICRO100M;XLR M/F Long 100M sur Touret;SONORISATION;Cablages audio;Cables module;;1;;
CABMICRO15;XLR M/F Long 15M;SONORISATION;Cablages audio;Cables module;Entrepôt 1 : G;11;;
CABMICRO20;XLR M/F Long 20M;SONORISATION;Cablages audio;Cables module;Entrepôt 1 : G;18;;
CABSPEAKON4/10;SPEAKON 4P 10,00m;SONORISATION;Cablages audio;Câbles speakon;;137;;
CABSPEAKON4/15;SPEAKON 4P 15,00m;SONORISATION;Cablages audio;Câbles speakon;;44;;
CABSPEAKON4/20;SPEAKON 4P 20,00m;SONORISATION;Cablages audio;Câbles speakon;;53;;
CABSPEAKON4/3;SPEAKON 4P 3,00m;SONORISATION;Cablages audio;Câbles speakon;;42;;
CABSPEAKON4/30;SPEAKON 4P 30,00m;SONORISATION;Cablages audio;Câbles speakon;;16;;
CABSPEAKON4/5;SPEAKON 4P 5,00m;SONORISATION;Cablages audio;Câbles speakon;;62;;
CABSPEAKON4/RAL;RALLONGE SPEAKON 4 M/F 10M;SONORISATION;Cablages audio;Câbles speakon;;10;;
CABSPEAKON8/10;SPEAKON 8P 10,00m;SONORISATION;Cablages audio;Câbles speakon;;2;;
CABSPEAKON8/20;SPEAKON 8P 20,00m;SONORISATION;Cablages audio;Câbles speakon;;1;;
CABSPEAKON8/5;SPEAKON 8P 5,00m;SONORISATION;Cablages audio;Câbles speakon;;4;;
CAJON;Cajon ajustable•LP;BACKLINE;Percussions;Accessoires percus;E3;1;GLP;
CALE 30X30;Cales bois 30 cm x 30 cm • LAYHER;STRUCTURE;Layher;Echaffaudage;;300;LAYHER;
CC1000;Changeur 1KW • DIAFORA;ECLAIRAGE;Asservi;Changeur de couleur;Entrepôt 2 : J3;1;DIAFORA;2904
CC1000;Changeur 1KW • DIAFORA;ECLAIRAGE;Asservi;Changeur de couleur;Entrepôt 2 : J3;1;DIAFORA;2906
CC1000;Changeur 1KW • DIAFORA;ECLAIRAGE;Asservi;Changeur de couleur;Entrepôt 2 : J3;5;DIAFORA;
CC4099;DPA•Clip pour violoncelle;SONORISATION;Micro;DPA Accessoires;;5;DPA;
CCDW;"Caisse claire DW Collector 14""•DW";BACKLINE;Batteries;Fûts batterie;;1;DW;
CCGRESTCH;"Caisse claire Catalina Club 14""x5,5""•GRETSCH";BACKLINE;Batteries;Fûts batterie;;1;GRETSCH;
CCPEARLF;"Caisse claire 14""x6,5"" Free Floating Bronze•PEARL";BACKLINE;Batteries;Fûts batterie;;1;PEARL;
CCPEARLPIC;"Caisse claire Piccolo 13""x3""•PEARL02";BACKLINE;Batteries;Fûts batterie;;1;PEARL;
CCPEARLS;"Caisse claire Pearl Signature 14""•PEARL";BACKLINE;Batteries;Fûts batterie;;1;PEARL;
CD-01U;Lecteur de CD rackable 1U•TASCAM;SONORISATION;Source;Lecteur/enregistreur CD-MD;Entrepôt 2 : M;2;TASCAM;
CDAUTO;Lecteur CD autopause;SONORISATION;Source;Lecteur/enregistreur CD-MD;Hors stock;1;SENNHEISER;0480481
CDAUTO;Lecteur CD autopause;SONORISATION;Source;Lecteur/enregistreur CD-MD;Hors stock;1;SENNHEISER;0480487
CDAUTO;Lecteur CD autopause;SONORISATION;Source;Lecteur/enregistreur CD-MD;Hors stock;1;SENNHEISER;0480489
CDAUTO;Lecteur CD autopause;SONORISATION;Source;Lecteur/enregistreur CD-MD;Hors stock;1;SENNHEISER;480481
CDAUTO;Lecteur CD autopause;SONORISATION;Source;Lecteur/enregistreur CD-MD;Hors stock;1;SENNHEISER;480487
CDAUTO;Lecteur CD autopause;SONORISATION;Source;Lecteur/enregistreur CD-MD;Hors stock;1;SENNHEISER;480489
CDJ2000 NXSII;Lecteur multi-sources : CD, DVD, USB, Cartes SD et DD • PIONEER;SONORISATION;Source;Lecteur DJ;;1;PIONEER;SHMP845144YY
CDJ2000 NXSII;Lecteur multi-sources : CD, DVD, USB, Cartes SD et DD • PIONEER;SONORISATION;Source;Lecteur DJ;;1;PIONEER;SHMP845147YY
CDJ2000 NXSII;Lecteur multi-sources : CD, DVD, USB, Cartes SD et DD • PIONEER;SONORISATION;Source;Lecteur DJ;;1;PIONEER;SHMP845157YY
CDMD;Lecteur/enregistreur combi CD/MD autopause;SONORISATION;Source;Lecteur/enregistreur CD-MD;Entrepôt 2 : M;1;TASCAM;0090347
CDMD;Lecteur/enregistreur combi CD/MD autopause;SONORISATION;Source;Lecteur/enregistreur CD-MD;Entrepôt 2 : M;1;TASCAM;0110333
CDMD;Lecteur/enregistreur combi CD/MD autopause;SONORISATION;Source;Lecteur/enregistreur CD-MD;Entrepôt 2 : M;1;TASCAM;110333
CDMD;Lecteur/enregistreur combi CD/MD autopause;SONORISATION;Source;Lecteur/enregistreur CD-MD;Entrepôt 2 : M;1;TASCAM;90347
CDMP1;Lecteur multimédia : CD, USB, carte SD, compatible MP3•LD SYSTEMS;SONORISATION;Source;Lecteur/enregistreur CD-MD;;1;LD SYSTEMS;
CDPRO;Lecteur CD USB MP3•LINEAR SOUND;SONORISATION;Source;Lecteur/enregistreur CD-MD;Entrepôt 2 : M;2;LINEAR SOUND;
CDR-250N;TASCAM•Lecteur / enregistreur CD - USb - SD auto-pause;SONORISATION;Source;Lecteur/enregistreur CD-MD;Entrepôt 2 : M;1;TASCAM;
CENTURY2500;Projecteur architecturale 60°x 45°, 2800W;ECLAIRAGE;Asservi;Architecturaux;Entrepôt 2 : J3;4;;
CERCE6M;CERCE DE 6 M DIAM TRI 300;STRUCTURE;Pont Aluminium;Cercle série 300 tri;Entrepôt 2 : L2;1;;
CHARLEY;"Cymbales charleston 14"" HHX•SABIAN";BACKLINE;Batteries;Cymbales;;2;SABIAN;
CHARNIERE;Charnière pour casquette • LAYHER;STRUCTURE;Layher;Echaffaudage;;18;LAYHER;
CHAUSS2MC;Chausette Lycra 2M pour 300 Carre;RIDEAU-MACHINERIE;Rideau;Rideau et pendrillon;;8;;
CHIMES;Chimes 25 tubes doublés + pied•LP02;BACKLINE;Percussions;Accessoires percus;E3;1;LP02;
CHIN;"Cymbale Chinoise HHX 20""•SABIAN";BACKLINE;Batteries;Cymbales;;2;SABIAN;
CL1B;Compresseur mono CL1B • TUBE TECH;SONORISATION;Périphérique;Compresseurs;Entrepôt 2 : M;1;TUBE TECH;12643
CL1B;Compresseur mono CL1B • TUBE TECH;SONORISATION;Périphérique;Compresseurs;Entrepôt 2 : M;1;TUBE TECH;12742
CL5 SURFACE;Console 32 faders / 72 canaux / 34 bus, Dante • YAMAHA;SONORISATION;Console;Console numérique;Entrepôt 1 : A1;1;YAMAHA;EASN01054
CL5 SURFACE;Console 32 faders / 72 canaux / 34 bus, Dante • YAMAHA;SONORISATION;Console;Console numérique;Entrepôt 1 : A1;1;YAMAHA;EASN011054
CL5 SURFACE;Console 32 faders / 72 canaux / 34 bus, Dante • YAMAHA;SONORISATION;Console;Console numérique;Entrepôt 1 : A1;1;YAMAHA;EAYI01063
CLAMP;Pince micro - clamp 592A • LP;SONORISATION;Micro;Pieds / Accessoires micro;;2;GLP;
CLOCHE;Set de 4 cloches salsa/chacha (acier)•LP;BACKLINE;Percussions;Accessoires percus;E3;1;GLP;
CM1;Boîtier de distribution P17 32AM -> 4 x PC16A;DISTRIBUTION ELECTRIQUE;Armoire de distribution;CM1;Entrepôt 1 : A5;29;;
CO2;Bouteille de CO2 le Kg;ECLAIRAGE;Effets / Fumée;Consommables;Entrepôt 1 : D4;15;;
COAX-10M;Câble coaxial BNC/BNC 50 ohms / 10m;SONORISATION;Cablages audio;Câble coax antenne HF;;10;;
COAX-20M;Câble coaxial BNC/BNC 50 ohms / 20m;SONORISATION;Cablages audio;Câble coax antenne HF;;5;;
COAX-5M;Câble coaxial BNC/BNC 50 ohms / 5m;SONORISATION;Cablages audio;Câble coax antenne HF;;11;;
COAX-STRAP;Câble coaxial BNC/BNC 50 ohms / 0,5m;SONORISATION;Cablages audio;Câble coax antenne HF;;20;;
COLDECYGNE-A;Micro shure R185B col de cygne 30cm MX412 • SHURE;SONORISATION;Micro;Micro statique;Entrepôt 2 : M;2;SHURE;
COLLIER;Collier de liaison des poutres • LAYHER;STRUCTURE;Layher;Echaffaudage;;18;LAYHER;
COLLIER SIMPLE;Collier mills simple + anneau de levage;STRUCTURE;Levage;Accessoires levage;Entrepôt 2 : L1;24;MILLS;
COLLIERCLAV;Collier double à clavette • LAYHER;STRUCTURE;Layher;Echaffaudage;;61;LAYHER;
COLLIERS MILLS;Collier rotatif•MILLS/LAYHER;STRUCTURE;Pont Aluminium;Accessoire structure;Entrepôt 2 : L1;155;LAYHER;
COLLIERS MILLS 90°;Collier mills fixe 90°;STRUCTURE;Pont Aluminium;Accessoire structure;Entrepôt 2 : L1;37;MILLS;
COLOR-STRIKE M V2;Blinder Strobe LED Motorisé / tilt 180° / 18000lm / 700W • CHAUVET;ECLAIRAGE;Asservi;Blinder Led;Entrepôt 1 : D2;1;CHAUVET;030117990723023243
COLOR-STRIKE M V2;Blinder Strobe LED Motorisé / tilt 180° / 18000lm / 700W • CHAUVET;ECLAIRAGE;Asservi;Blinder Led;Entrepôt 1 : D2;1;CHAUVET;030117990723023245
COLOR-STRIKE M V2;Blinder Strobe LED Motorisé / tilt 180° / 18000lm / 700W • CHAUVET;ECLAIRAGE;Asservi;Blinder Led;Entrepôt 1 : D2;1;CHAUVET;030117990723023252
COLOR-STRIKE M V2;Blinder Strobe LED Motorisé / tilt 180° / 18000lm / 700W • CHAUVET;ECLAIRAGE;Asservi;Blinder Led;Entrepôt 1 : D2;1;CHAUVET;030117990723023253
COLOR-STRIKE M V2;Blinder Strobe LED Motorisé / tilt 180° / 18000lm / 700W • CHAUVET;ECLAIRAGE;Asservi;Blinder Led;Entrepôt 1 : D2;1;CHAUVET;030117990723023262
COLOR-STRIKE M V2;Blinder Strobe LED Motorisé / tilt 180° / 18000lm / 700W • CHAUVET;ECLAIRAGE;Asservi;Blinder Led;Entrepôt 1 : D2;1;CHAUVET;030117990723023292
COLOR-STRIKE M V2;Blinder Strobe LED Motorisé / tilt 180° / 18000lm / 700W • CHAUVET;ECLAIRAGE;Asservi;Blinder Led;Entrepôt 1 : D2;1;CHAUVET;030117990723023297
COLOR-STRIKE M V2;Blinder Strobe LED Motorisé / tilt 180° / 18000lm / 700W • CHAUVET;ECLAIRAGE;Asservi;Blinder Led;Entrepôt 1 : D2;1;CHAUVET;030117990723023302
COLOR-STRIKE M V2;Blinder Strobe LED Motorisé / tilt 180° / 18000lm / 700W • CHAUVET;ECLAIRAGE;Asservi;Blinder Led;Entrepôt 1 : D2;1;CHAUVET;030117990723023305
COLOR-STRIKE M V2;Blinder Strobe LED Motorisé / tilt 180° / 18000lm / 700W • CHAUVET;ECLAIRAGE;Asservi;Blinder Led;Entrepôt 1 : D2;1;CHAUVET;030117990723023306
COLOR-STRIKE M V2;Blinder Strobe LED Motorisé / tilt 180° / 18000lm / 700W • CHAUVET;ECLAIRAGE;Asservi;Blinder Led;Entrepôt 1 : D2;1;CHAUVET;030117990723023319
COLOR-STRIKE M V2;Blinder Strobe LED Motorisé / tilt 180° / 18000lm / 700W • CHAUVET;ECLAIRAGE;Asservi;Blinder Led;Entrepôt 1 : D2;1;CHAUVET;030117990723023327
COLOR-STRIKE M V2;Blinder Strobe LED Motorisé / tilt 180° / 18000lm / 700W • CHAUVET;ECLAIRAGE;Asservi;Blinder Led;Entrepôt 1 : D2;16;CHAUVET;
COMBI207;Plancher Combi 2,07 m • LAYHER;STRUCTURE;Layher;Echaffaudage;;6;LAYHER;
COMBI257;Plancher Combi 2,57 m • LAYHER;STRUCTURE;Layher;Echaffaudage;;50;LAYHER;
CONDOM;AIRSTAR•protection pour projecteur auto gongfé diam80 h80;ECLAIRAGE;Asservi;Accessoires asservis;Hors stock;4;;
CONGA;"Congas Matador 11"" 3/4•LP";BACKLINE;Percussions;Congas;E3;1;GLP;
CONGOKID;Pupitre lumière CongoKid • ETC;ECLAIRAGE;Consoles;Consoles traditionnelles;Entrepôt 1 : D3;1;ETC;
CONVHDMI/SDI;CONVERTISSEUR HDMI VERS SDI 6G;AUDIOVISUEL;Accessoires;Convertisseur;Entrepôt 1 : F2;4;;
CONVSDI/HDMI;CONVERTISSEUR 6G SDI VERS HDMI;AUDIOVISUEL;Accessoires;Convertisseur;Entrepôt 1 : F2;6;;
COUPELLE AURA;Support coupelle MAC AURA pour pied 35mm;ECLAIRAGE;Asservi;Accessoires asservis;Hors stock;23;;
COUPELLE-35;Coupelle projecteur pour pied diam.35mm;ECLAIRAGE;Traditionnel;Accessoire Trad;Entrepôt 1 : D1;32;;
COUPELLE-SPIGOT;Coupelle projecteur pour pied wind-up•MANFROTTO;ECLAIRAGE;Traditionnel;Accessoire Trad;Entrepôt 1 : D1;17;MANFROTTO;
COUPLEMIC;Barrette de couplage fixe/2 micros;SONORISATION;Micro;Pieds / Accessoires micro;;10;;
CRASH14;"Cymbale Crash 14""•SABIAN";BACKLINE;Batteries;Cymbales;;2;SABIAN;
CRASH15;"Cymbale Crash 15""•SABIAN";BACKLINE;Batteries;Cymbales;;2;SABIAN;
CRASH16;"Cymbale Crash 16"" •SABIAN";BACKLINE;Batteries;Cymbales;;2;SABIAN;
CRASH18;"Cymbale Crash 18"" •SABIAN";BACKLINE;Batteries;Cymbales;;2;SABIAN;
CRASH19;"Cymbale Crash 19"" •SABIAN";BACKLINE;Batteries;Cymbales;;2;SABIAN;
CRASHALU;STACCO•crash barrière aluminium 1m;STRUCTURE;protente / Crash / Leste;Crash barrières;;41;STACCO;
CRASHALU-PC-;STACCO•crash barrière passage de câble 1m;STRUCTURE;protente / Crash / Leste;Crash barrières;;1;STACCO;
CRASHALU/ANG;STACCO•panneau d'angle pour crash barrière;STRUCTURE;protente / Crash / Leste;Crash barrières;;2;STACCO;
CROCHETPLANCHER;Crochet plancher tribune T16 • LAYHER;STRUCTURE;Layher;Echaffaudage;;164;LAYHER;
CS4;Rampe ACL motorisée;ECLAIRAGE;Traditionnel;Basse tension;Entrepôt 2 : J4;1;STUDIO DUE;11692C
CS4;Rampe ACL motorisée;ECLAIRAGE;Traditionnel;Basse tension;Entrepôt 2 : J4;1;STUDIO DUE;11696C
CS4;Rampe ACL motorisée;ECLAIRAGE;Traditionnel;Basse tension;Entrepôt 2 : J4;1;STUDIO DUE;11699C
CS4;Rampe ACL motorisée;ECLAIRAGE;Traditionnel;Basse tension;Entrepôt 2 : J4;1;STUDIO DUE;11700
CS4;Rampe ACL motorisée;ECLAIRAGE;Traditionnel;Basse tension;Entrepôt 2 : J4;4;STUDIO DUE;
CT1;Boîtier de distribution P17 32AT -> 6 x PC16A;DISTRIBUTION ELECTRIQUE;Armoire de distribution;CTA / CT1;Entrepôt 1 : A5;4;;
CTA;Boîtier de distribution P17 32AT -> 2 x P17 32AM / 2 x PC16;DISTRIBUTION ELECTRIQUE;Armoire de distribution;CTA / CT1;Entrepôt 1 : A5;6;;
CTA-2;Boîtier de distribution P17 32AT -> 3 x P17 32AM;DISTRIBUTION ELECTRIQUE;Armoire de distribution;CTA / CT1;Entrepôt 1 : A5;6;;
CYCL1000;Projecteur assymétrique ACP1001 1000W • ADB;ECLAIRAGE;Traditionnel;Cycliodes;Entrepôt 1 : F5;35;ADB;
CYCLOGM;Toile cyclo blanc/gris 12,00x8,00;RIDEAU-MACHINERIE;Machinerie;Cyclorama;Entrepôt 2 : M;1;;
CYCLOPM;Toile cyclo blanc/gris 8,00x6,00;RIDEAU-MACHINERIE;Machinerie;Cyclorama;Entrepôt 2 : M;1;;
D FACTO 4018;Micro main à condensateur supercardioïde • DPA;SONORISATION;Micro;DPA Micro;;2;DPA;
D-TWO;Delay D-TWO •TC ELECTRONIC;SONORISATION;Périphérique;Effet;Entrepôt 2 : M;1;TC ELECTRONIC;3117134
D2;Micro dynamique • AUDIX;SONORISATION;Micro;Micro dynamique;Entrepôt 2 : N;2;AUDIX;
D4;Micro dynamique • AUDIX;SONORISATION;Micro;Micro dynamique;Entrepôt 2 : N;1;AUDIX;
D5000;Delay D5000 • YAMAHA;SONORISATION;Périphérique;Effet;Entrepôt 2 : M;1;YAMAHA;QKO1006
D6;Micro dynamique large membrane • AUDIX;SONORISATION;Micro;Micro dynamique;Entrepôt 2 : N;3;AUDIX;
DAD6001;DPA•MicroDot vers 3-pin XLR, clip ceinture;SONORISATION;Micro;DPA Accessoires;;6;DPA;
DAD6010;DPA•Adaptateur Shure TA4F - microdot;SONORISATION;Micro;DPA Accessoires;Entrepôt 2 : N;3;SHURE;
DANT128-AX;Carte réseau audio Dante 128x128 DLIVE • ALLEN & HEATH;SONORISATION;Console;Accessoire console;;1;ALLEN & HEATH;MDD128W1002973
DANT64-AX;Carte réseau audio Dante 64x64 DLIVE • ALLEN & HEATH;SONORISATION;Console;Accessoire console;;2;ALLEN & HEATH;
DBT PLUS;double symétriseur par transformateur 600 ohms • LA-AUDIO;SONORISATION;Micro;Boitier de direct;Entrepôt 2 : N;8;LA-AUDIO;
DBX160A;Compresseur 160A mono • DBX;SONORISATION;Périphérique;Compresseurs;Entrepôt 2 : M;4;DBX;
DECIBELMETRE;Décibel mètre;SONORISATION;Périphérique;Appareil de mesure;Entrepôt 2 : N;1;;
DECK CHAINE 3T;deck chaine 3T;STRUCTURE;Levage;Accessoires levage;;8;;
DECK CHAINE 5,3T;deck chaine 5,3T;STRUCTURE;Levage;Accessoires levage;;10;;
DEMITRAVERSE;1/2 traverse•STACCO;STRUCTURE;Scène;Scènes traditionnelles;;90;STACCO;
DI BSS;Boitier de direct AR133 • BSS;SONORISATION;Micro;Boitier de direct;Entrepôt 2 : N;76;BSS;
DI HACIENDA;Boitier de direct DI01 • HACIENDA LAB;SONORISATION;Micro;Boitier de direct;;8;HACIENDA LAB;
DI KLARK;Boitier de direct DN100 • KLARK TEKNIK;SONORISATION;Micro;Boitier de direct;Entrepôt 2 : N;21;KLARK TEKNIK;
DI RADIAL;Boîtier de direct J48• RADIAL;SONORISATION;Micro;Boitier de direct;Entrepôt 2 : N;9;RADIAL;
DI SAMSON;Boitier de direct stéréo • SAMSON;SONORISATION;Micro;Boitier de direct;Entrepôt 2 : N;2;SAMSON;
DIAGO157;Diagonale 1,57 m X 2 m • LAYHER;STRUCTURE;Layher;Echaffaudage;;5;LAYHER;
DIAGO207;Diagonale 2,07 m X 2 m • LAYHER;STRUCTURE;Layher;Echaffaudage;;30;LAYHER;
DIAGO257;Diagonale 2,57m x 2,57 m • LAYHER;STRUCTURE;Layher;Echaffaudage;;177;LAYHER;
DIAGO257/050;Diagonale acier 2,57 X 0,50 M • LAYHER;STRUCTURE;Layher;Echaffaudage;;7;LAYHER;
DIAGO257/150;Diagonale acier 2,57 X 1,50 M • LAYHER;STRUCTURE;Layher;Echaffaudage;;46;LAYHER;
DIAGO307;Diagonale 3,07 m • LAYHER;STRUCTURE;Layher;Echaffaudage;;12;LAYHER;
DIGIFLUO6X3KW;JULIAT • bloc de puissance numérique DIGI 6X3KW FLUO;ECLAIRAGE;Bloc de puissance;Bloc de puissance;Entrepôt 2 : J2;1;JULIAT;
DIMKIT12X3;RVE•Bloc de puissance DIMKIT 12x3Kw;ECLAIRAGE;Bloc de puissance;Bloc de puissance;Entrepôt 1 : D3;3;RVE;
DISQUE;Disque d'adaptation 22mm • LAYHER;STRUCTURE;Layher;Echaffaudage;;20;LAYHER;
DISTRESSOR;Processeur dynamique mono • EMPIRICAL LAB;SONORISATION;Périphérique;Compresseurs;Entrepôt 2 : M;1;EMPIRICAL LAB;19136
DISTRESSOR;Processeur dynamique mono • EMPIRICAL LAB;SONORISATION;Périphérique;Compresseurs;Entrepôt 2 : M;1;EMPIRICAL LAB;19137
DISTRIHDMI1/2;Distributeur HDMI 1 In/2 Out;AUDIOVISUEL;Accessoires;Distributeur;Entrepôt 1 : F2;5;;
DISTRIHDMI1/4;Distributeur HDMI 1 In/4 Out;AUDIOVISUEL;Accessoires;Distributeur;Entrepôt 1 : F2;2;;
DISTRISDI1/8;DISTRIBUTEUR SDI SD/HD ET UHD;AUDIOVISUEL;Accessoires;Distributeur;Entrepôt 1 : F2;2;;
DISTRIVGA1/2;DISTRIBUTEUR VGA 1 IN/2 OUT 400MHZ SMART VIEW;AUDIOVISUEL;Accessoires;Distributeur;Entrepôt 1 : F2;4;;
DISTRIVGA1/4;DISTRIBUTEUR VGA1IN/4 OUT 400MHZ SMART VIEW;AUDIOVISUEL;Accessoires;Distributeur;Entrepôt 1 : F2;2;;
DIV 125/63;Armoire divisionnaire 1 x P17 125A -> 2 x P17 63A;DISTRIBUTION ELECTRIQUE;Armoire de distribution;Divisionnaire;Entrepôt 1 : A5;3;;
DIV 63/32;Armoire divisionnaire 1 x P17 63A -> 2 x P17 32A;DISTRIBUTION ELECTRIQUE;Armoire de distribution;Divisionnaire;Entrepôt 1 : A5;1;;
DJM900 NXS2;Table 4 voies audio (in : 5xCD/line, 3xPhono, 4xDigital) • PIONEER;SONORISATION;Console;Console DJ;;1;PIONEER;SGMP027958EH
DL241;Autocompresseur/gate stéréo • DRAWMER;SONORISATION;Périphérique;Compresseurs;Entrepôt 2 : M;1;DRAWMER;04032
DL241;Autocompresseur/gate stéréo • DRAWMER;SONORISATION;Périphérique;Compresseurs;Entrepôt 2 : M;1;DRAWMER;04033
DL241;Autocompresseur/gate stéréo • DRAWMER;SONORISATION;Périphérique;Compresseurs;Entrepôt 2 : M;1;DRAWMER;04034
DL241;Autocompresseur/gate stéréo • DRAWMER;SONORISATION;Périphérique;Compresseurs;Entrepôt 2 : M;1;DRAWMER;04380
DL241;Autocompresseur/gate stéréo • DRAWMER;SONORISATION;Périphérique;Compresseurs;Entrepôt 2 : M;1;DRAWMER;08056
DL241;Autocompresseur/gate stéréo • DRAWMER;SONORISATION;Périphérique;Compresseurs;Entrepôt 2 : M;1;DRAWMER;08057
DL241;Autocompresseur/gate stéréo • DRAWMER;SONORISATION;Périphérique;Compresseurs;Entrepôt 2 : M;1;DRAWMER;08058
DL241;Autocompresseur/gate stéréo • DRAWMER;SONORISATION;Périphérique;Compresseurs;Entrepôt 2 : M;1;DRAWMER;4032
DL241;Autocompresseur/gate stéréo • DRAWMER;SONORISATION;Périphérique;Compresseurs;Entrepôt 2 : M;1;DRAWMER;4033
DL241;Autocompresseur/gate stéréo • DRAWMER;SONORISATION;Périphérique;Compresseurs;Entrepôt 2 : M;1;DRAWMER;4034
DL241;Autocompresseur/gate stéréo • DRAWMER;SONORISATION;Périphérique;Compresseurs;Entrepôt 2 : M;1;DRAWMER;4380
DL241;Autocompresseur/gate stéréo • DRAWMER;SONORISATION;Périphérique;Compresseurs;Entrepôt 2 : M;1;DRAWMER;8056
DL241;Autocompresseur/gate stéréo • DRAWMER;SONORISATION;Périphérique;Compresseurs;Entrepôt 2 : M;1;DRAWMER;8057
DL241;Autocompresseur/gate stéréo • DRAWMER;SONORISATION;Périphérique;Compresseurs;Entrepôt 2 : M;1;DRAWMER;8058
DL441;Quadruple compresseur/gate • DRAWMER;SONORISATION;Périphérique;Compresseurs;Entrepôt 2 : M;1;DRAWMER;03803
DL441;Quadruple compresseur/gate • DRAWMER;SONORISATION;Périphérique;Compresseurs;Entrepôt 2 : M;1;DRAWMER;03810
DL441;Quadruple compresseur/gate • DRAWMER;SONORISATION;Périphérique;Compresseurs;Entrepôt 2 : M;1;DRAWMER;04341
DL441;Quadruple compresseur/gate • DRAWMER;SONORISATION;Périphérique;Compresseurs;Entrepôt 2 : M;1;DRAWMER;3803
DL441;Quadruple compresseur/gate • DRAWMER;SONORISATION;Périphérique;Compresseurs;Entrepôt 2 : M;1;DRAWMER;3810
DL441;Quadruple compresseur/gate • DRAWMER;SONORISATION;Périphérique;Compresseurs;Entrepôt 2 : M;1;DRAWMER;4341
DLIVE-FLIGHT;Flight case pour DLIVE•ALLEN & HEATH;SONORISATION;Console;Console numérique;;2;ALLEN & HEATH;
DM1;Footswitch splitter radial DM1 • RADIAL;SONORISATION;Micro;Boitier de direct;;20;RADIAL;
DM3;console 9 faders / 16 canaux / 6 aux • YAMAHA;SONORISATION;Console;Console numérique;;2;YAMAHA;
DM48;Mixracks 48 entrées, 24 sorties • ALLEN & HEATH;SONORISATION;Console;Accessoire console;;2;ALLEN & HEATH;
DM7-;Console 28 faders / 120 canaux 32 physiques / 48 bus, Dante • YAMAHA;SONORISATION;Console;Console numérique;;1;YAMAHA;21EGDX01110
DM7-;Console 28 faders / 120 canaux 32 physiques / 48 bus, Dante • YAMAHA;SONORISATION;Console;Console numérique;;1;YAMAHA;21EGDX01122
DM7-;Console 28 faders / 120 canaux 32 physiques / 48 bus, Dante • YAMAHA;SONORISATION;Console;Console numérique;;1;YAMAHA;21EGEP01158
DMX HYBR 10M;Câble DMX hybride 5 pts + 3 pts 10M;ECLAIRAGE;Câblage;DMX;Entrepôt 1 : A2;15;;
DMX HYBR 20M;Câble DMX hybride 5 pts + 3 pts 20M;ECLAIRAGE;Câblage;DMX;Entrepôt 1 : A2;15;;
DMX3/03M;Câble DMX 3 pts 3m;ECLAIRAGE;Câblage;DMX;Entrepôt 1 : A2;45;;
DMX3/05M;Câble DMX 3 pts 5m;ECLAIRAGE;Câblage;DMX;Entrepôt 1 : A2;130;;
DMX3/10M;Câble DMX 3 pts 10m;ECLAIRAGE;Câblage;DMX;Entrepôt 1 : A2;55;;
DMX3/15M;Câble DMX 3 pts 15m;ECLAIRAGE;Câblage;DMX;Entrepôt 1 : A2;14;;
DMX3/20M;Câble DMX 3 pts 20m;ECLAIRAGE;Câblage;DMX;Entrepôt 1 : A2;31;;
DMX3/30M;Câble DMX 3 pts 30m;ECLAIRAGE;Câblage;DMX;Entrepôt 1 : A2;6;;
DMX3/50M;Câble DMX 3 pts 50m;ECLAIRAGE;Câblage;DMX;Entrepôt 1 : A2;4;;
DMX3/PWR-10M;Câble DMX 3pts + Powercon 10 mètres;ECLAIRAGE;Câblage;DMX + POWERCON;Entrepôt 1 : A2;9;;
DMX3/PWR-3M;Câble DMX 3pts + Powercon 3 mètres;ECLAIRAGE;Câblage;DMX + POWERCON;Entrepôt 1 : A2;16;;
DMX3/PWR-5M;Câble DMX 3pts + Powercon 5 mètres;ECLAIRAGE;Câblage;DMX + POWERCON;Entrepôt 1 : A2;7;;
DMX5/003M;Câble DMX 5 pts 3m;ECLAIRAGE;Câblage;DMX;Entrepôt 1 : A2;181;;
DMX5/005M;Câble DMX 5 pts 5m;ECLAIRAGE;Câblage;DMX;Entrepôt 1 : A2;262;;
DMX5/010M;Câble DMX 5 pts 10m;ECLAIRAGE;Câblage;DMX;Entrepôt 1 : A2;113;;
DMX5/050M;Câble DMX 5 pts 50m;ECLAIRAGE;Câblage;DMX;Entrepôt 1 : A2;6;;
DMX5/15M;Câble DMX 5 pts 15m;ECLAIRAGE;Câblage;DMX;Entrepôt 1 : A2;4;;
DMX5/20M;Câble DMX 5 pts 20m;ECLAIRAGE;Câblage;DMX;Entrepôt 1 : A2;60;;
DMX5/30M;Câble DMX 5 pts 30m;ECLAIRAGE;Câblage;DMX;Entrepôt 1 : A2;12;;
DMX5/5M4P;Câble 4 paires DMX 5 pts 5m;ECLAIRAGE;Câblage;DMX;Entrepôt 1 : A2;5;;
DMX5/PWR-10M;Câble DMX 5pts + Powercon 10 mètres;ECLAIRAGE;Câblage;DMX + POWERCON;Entrepôt 1 : A2;45;;
DMX5/PWR-3M;Câble DMX 5pts + Powercon 3 mètres;ECLAIRAGE;Câblage;DMX + POWERCON;Entrepôt 1 : A2;61;;
DMX5/PWR-5M;Câble DMX 5pts + Powercon 5 mètres;ECLAIRAGE;Câblage;DMX + POWERCON;Entrepôt 1 : A2;72;;
DMX5/TRUE-10M;Câble DMX 5pts + TrueOne 10 mètres;ECLAIRAGE;Câblage;DMX + POWERCON;Hors stock;6;;
DMX5/TRUE-3M;Câble DMX 5pts + TrueOne 3 mètres;ECLAIRAGE;Câblage;DMX + POWERCON;Entrepôt 1 : A2;46;;
DMX5/TRUE-5M;Câble DMX 5pts + TrueOne 5 mètres;ECLAIRAGE;Câblage;DMX + POWERCON;Entrepôt 1 : A2;31;;
DO.7;Câble HP : 8 x 4mm2 CA-COM longueur 0,7m;SONORISATION;Cablages audio;Câbles L-Acoustics;;20;;
DO10;Câble HP : 8 x 4mm2 CA-COM longueur 10m;SONORISATION;Cablages audio;Câbles L-Acoustics;;18;;
DO10(P);Câble HP rallonge : 8 x 4mm2 CA-COM longueur 10m;SONORISATION;Cablages audio;Câbles L-Acoustics;;9;;
DO25;Câble HP : 8 x 4mm2 CA-COM longueur 25m;SONORISATION;Cablages audio;Câbles L-Acoustics;;25;;
DO7;Câble HP : 8 x 4mm2 CA-COM longueur 10m;SONORISATION;Cablages audio;Câbles L-Acoustics;;5;;
DOFILL;Extension de câble HP pour enceintes actives 2 voies : CA-COM > 2 x NL-4;SONORISATION;Cablages audio;Câbles L-Acoustics;;4;;
DOFILL-LA8;Extension de câble HP pour enceintes actives 2 voies : CA-COM > 2 x NL-4;SONORISATION;Cablages audio;Câbles L-Acoustics;;23;;
DOLBYLAKE;Processeur LP4D12 • DOLBY;SONORISATION;Périphérique;Processeur filtrage;Entrepôt 2 : M;1;DOLBY;502527
DOM-F;éclaté 6 paires XLR femelles pour DOM30;SONORISATION;Cablages audio;Câbles L-Acoustics;;9;;
DOM-M;éclaté 6 paires XLR mâle pour DOM30;SONORISATION;Cablages audio;Câbles L-Acoustics;;9;;
DOM-P2;Bouchon mâle/mâle pour DOM30 / DOM-MF;SONORISATION;Cablages audio;Câbles L-Acoustics;;10;;
DOM30;Câble 6 paires AMP LINK longueur 30m;SONORISATION;Cablages audio;Câbles L-Acoustics;;5;;
DOSUB;Extension de câble HP pour enceintes passives : CA-COM > 4 x NL-2 longue;SONORISATION;Cablages audio;Câbles L-Acoustics;;11;;
DOSUB-LA8;Extension de câble HP pour enceintes passives : CA-COM > 4 x NL-2 longue;SONORISATION;Cablages audio;Câbles L-Acoustics;;20;;
DOT2 XL-F;console asservis DOT2 XL-Faders • MA LIGHTING;ECLAIRAGE;Consoles;Consoles projecteurs asservis;Entrepôt 1 : D3;1;MA LIGHTING;
DOUBLETTE;Doublette étanche IP 220v 16amp;DISTRIBUTION ELECTRIQUE;Câblage;Multipries 16 ampères;Entrepôt 1 : A5;97;;
DOUBLEUR32A;Armoire doubleur 32A/2X32ATRI;DISTRIBUTION ELECTRIQUE;Câblage;Adaptateurs;Entrepôt 1 : A5;7;;
DPA 2012;Compact Cardioid Microphone;SONORISATION;Micro;Micro statique;;1;;
DPA 4018-EMB120;DPA • 4018 sur embase de sol tige 120cm;SONORISATION;Micro;Micro statique;;1;CM;
DPA 4055;Micro open cardioïde à condensateur pour grosse caisse • DPA;SONORISATION;Micro;DPA Micro;;1;DPA;
DPA 4088;Micro casque DPA d:fine 4088 chair;SONORISATION;Micro;DPA Micro;;1;DPA;M013445
DPA 4088;Micro casque DPA d:fine 4088 chair;SONORISATION;Micro;DPA Micro;;1;DPA;M013447
DPA 4088;Micro casque DPA d:fine 4088 chair;SONORISATION;Micro;DPA Micro;;1;DPA;M013448
DPA 4088;Micro casque DPA d:fine 4088 chair;SONORISATION;Micro;DPA Micro;;1;DPA;M013452
DPA 4088;Micro casque DPA d:fine 4088 chair;SONORISATION;Micro;DPA Micro;;1;DPA;M013460
DPA 4088;Micro casque DPA d:fine 4088 chair;SONORISATION;Micro;DPA Micro;;1;DPA;M013786
DPA2012;Micro compact cardioïde•DPA;SONORISATION;Micro;DPA Micro;;1;DPA;2829387
DPA4060 NOIR;Micro miniature omni 4060 noir Hi-sens;SONORISATION;Micro;DPA Micro;Entrepôt 2 : N;1;DPA;H57256
DPA4060 NOIR;Micro miniature omni 4060 noir Hi-sens;SONORISATION;Micro;DPA Micro;Entrepôt 2 : N;1;DPA;H70135
DPA4061 CHAIR;Micro miniature omni 4061 chair Lo-sens;SONORISATION;Micro;DPA Micro;Entrepôt 2 : N;8;;
DPA4061 NOIR;Micro miniature omni 4061 noir Lo-sens;SONORISATION;Micro;DPA Micro;Entrepôt 2 : N;2;;
DPA4066;Micro casque DPA4066 chair;SONORISATION;Micro;DPA Micro;Entrepôt 2 : N;1;DPA;P50055
DPA4066;Micro casque DPA4066 chair;SONORISATION;Micro;DPA Micro;Entrepôt 2 : N;1;DPA;P71998
DPA4066;Micro casque DPA4066 chair;SONORISATION;Micro;DPA Micro;Entrepôt 2 : N;1;DPA;P72321
DPA4066;Micro casque DPA4066 chair;SONORISATION;Micro;DPA Micro;Entrepôt 2 : N;1;DPA;P72322
DPA4066;Micro casque DPA4066 chair;SONORISATION;Micro;DPA Micro;Entrepôt 2 : N;1;DPA;P72325
DPA4066;Micro casque DPA4066 chair;SONORISATION;Micro;DPA Micro;Entrepôt 2 : N;1;DPA;P72671
DPA4066;Micro casque DPA4066 chair;SONORISATION;Micro;DPA Micro;Entrepôt 2 : N;5;DPA;
DPA4099;Micro instrument DPA 4099 d:vote;SONORISATION;Micro;DPA Micro;Entrepôt 2 : N;14;DPA;
DPA4099 XTREM;Micro instrument DPA 4099 d:vote XTREM SPL;SONORISATION;Micro;DPA Micro;;9;DPA;
DPA4466;Micro casque DPA4466 Omnidirectionnel Core Beige MicroLock;SONORISATION;Micro;DPA Micro;Entrepôt 2 : N;2;;
DPR402;Compresseur/limiteur/dé-esser stéréo • BSS;SONORISATION;Périphérique;Compresseurs;Entrepôt 2 : M;1;BSS;022609
DPR402;Compresseur/limiteur/dé-esser stéréo • BSS;SONORISATION;Périphérique;Compresseurs;Entrepôt 2 : M;1;BSS;22609
DPR402;Compresseur/limiteur/dé-esser stéréo • BSS;SONORISATION;Périphérique;Compresseurs;Entrepôt 2 : M;1;BSS;??
DPR404;Quadruple compresseur• BSS;SONORISATION;Périphérique;Compresseurs;Entrepôt 2 : M;3;BSS;
DS1312;VMB•Bloc de puissance 12 x 3Kw;ECLAIRAGE;Bloc de puissance;Bloc de puissance;Entrepôt 1 : D3;3;VMB;
DS201;Double Noise Gate • DRAWMER;SONORISATION;Périphérique;Gates;Entrepôt 2 : M;1;DRAWMER;2158
DS201;Double Noise Gate • DRAWMER;SONORISATION;Périphérique;Gates;Entrepôt 2 : M;1;DRAWMER;2159
DS201;Double Noise Gate • DRAWMER;SONORISATION;Périphérique;Gates;Entrepôt 2 : M;1;DRAWMER;25424
DS201;Double Noise Gate • DRAWMER;SONORISATION;Périphérique;Gates;Entrepôt 2 : M;1;DRAWMER;25426
DS404;Quadruple Noisegate • DRAWMER;SONORISATION;Périphérique;Gates;Entrepôt 2 : M;1;DRAWMER;05554
DS404;Quadruple Noisegate • DRAWMER;SONORISATION;Périphérique;Gates;Entrepôt 2 : M;1;DRAWMER;06178
DS404;Quadruple Noisegate • DRAWMER;SONORISATION;Périphérique;Gates;Entrepôt 2 : M;1;DRAWMER;5554
DS404;Quadruple Noisegate • DRAWMER;SONORISATION;Périphérique;Gates;Entrepôt 2 : M;1;DRAWMER;6178
DVBUMP;Bumper DV DOSC • L'ACOUSTICS;SONORISATION;Enceinte;accessoire L-ACOUSTICS;Hors stock;1;L-ACOUSTICS;1001
DVBUMP;Bumper DV DOSC • L'ACOUSTICS;SONORISATION;Enceinte;accessoire L-ACOUSTICS;Hors stock;1;L-ACOUSTICS;1002
DVBUMP;Bumper DV DOSC • L'ACOUSTICS;SONORISATION;Enceinte;accessoire L-ACOUSTICS;Hors stock;1;L-ACOUSTICS;1003
DVBUMP;Bumper DV DOSC • L'ACOUSTICS;SONORISATION;Enceinte;accessoire L-ACOUSTICS;Hors stock;1;L-ACOUSTICS;1004
DVBUMP;Bumper DV DOSC • L'ACOUSTICS;SONORISATION;Enceinte;accessoire L-ACOUSTICS;Hors stock;1;L-ACOUSTICS;1005
DVBUMP;Bumper DV DOSC • L'ACOUSTICS;SONORISATION;Enceinte;accessoire L-ACOUSTICS;Hors stock;1;L-ACOUSTICS;1006
DVDOSC;Enceinte WST active 2 voies • L'ACOUSTICS;SONORISATION;Enceinte;Enceinte;Entrepôt 2 : M;1;L-ACOUSTICS;4884
DVDOSC;Enceinte WST active 2 voies • L'ACOUSTICS;SONORISATION;Enceinte;Enceinte;Entrepôt 2 : M;1;L-ACOUSTICS;4885
DVDOSC;Enceinte WST active 2 voies • L'ACOUSTICS;SONORISATION;Enceinte;Enceinte;Entrepôt 2 : M;1;L-ACOUSTICS;4886
DVDOSC;Enceinte WST active 2 voies • L'ACOUSTICS;SONORISATION;Enceinte;Enceinte;Entrepôt 2 : M;1;L-ACOUSTICS;4887
DVDOSC;Enceinte WST active 2 voies • L'ACOUSTICS;SONORISATION;Enceinte;Enceinte;Entrepôt 2 : M;1;L-ACOUSTICS;4888
DVDOSC;Enceinte WST active 2 voies • L'ACOUSTICS;SONORISATION;Enceinte;Enceinte;Entrepôt 2 : M;1;L-ACOUSTICS;4889
DVDOSC;Enceinte WST active 2 voies • L'ACOUSTICS;SONORISATION;Enceinte;Enceinte;Entrepôt 2 : M;1;L-ACOUSTICS;4890
DVDOSC;Enceinte WST active 2 voies • L'ACOUSTICS;SONORISATION;Enceinte;Enceinte;Entrepôt 2 : M;1;L-ACOUSTICS;4891
DVDOSC;Enceinte WST active 2 voies • L'ACOUSTICS;SONORISATION;Enceinte;Enceinte;Entrepôt 2 : M;1;L-ACOUSTICS;4892
DVDOSC;Enceinte WST active 2 voies • L'ACOUSTICS;SONORISATION;Enceinte;Enceinte;Entrepôt 2 : M;1;L-ACOUSTICS;4893
DVDOSC;Enceinte WST active 2 voies • L'ACOUSTICS;SONORISATION;Enceinte;Enceinte;Entrepôt 2 : M;1;L-ACOUSTICS;4894
DVDOSC;Enceinte WST active 2 voies • L'ACOUSTICS;SONORISATION;Enceinte;Enceinte;Entrepôt 2 : M;1;L-ACOUSTICS;4895
DVDOSC;Enceinte WST active 2 voies • L'ACOUSTICS;SONORISATION;Enceinte;Enceinte;Entrepôt 2 : M;1;L-ACOUSTICS;4896
DVDOSC;Enceinte WST active 2 voies • L'ACOUSTICS;SONORISATION;Enceinte;Enceinte;Entrepôt 2 : M;1;L-ACOUSTICS;4897
DVDOSC;Enceinte WST active 2 voies • L'ACOUSTICS;SONORISATION;Enceinte;Enceinte;Entrepôt 2 : M;1;L-ACOUSTICS;4898
DVDOSC;Enceinte WST active 2 voies • L'ACOUSTICS;SONORISATION;Enceinte;Enceinte;Entrepôt 2 : M;1;L-ACOUSTICS;4899
DVDOSC;Enceinte WST active 2 voies • L'ACOUSTICS;SONORISATION;Enceinte;Enceinte;Entrepôt 2 : M;1;L-ACOUSTICS;4900
DVDOSC;Enceinte WST active 2 voies • L'ACOUSTICS;SONORISATION;Enceinte;Enceinte;Entrepôt 2 : M;1;L-ACOUSTICS;4901
DVDOSC;Enceinte WST active 2 voies • L'ACOUSTICS;SONORISATION;Enceinte;Enceinte;Entrepôt 2 : M;1;L-ACOUSTICS;4902
DVDOSC;Enceinte WST active 2 voies • L'ACOUSTICS;SONORISATION;Enceinte;Enceinte;Entrepôt 2 : M;1;L-ACOUSTICS;4903
DVDOSC;Enceinte WST active 2 voies • L'ACOUSTICS;SONORISATION;Enceinte;Enceinte;Entrepôt 2 : M;1;L-ACOUSTICS;4904
DVDOSC;Enceinte WST active 2 voies • L'ACOUSTICS;SONORISATION;Enceinte;Enceinte;Entrepôt 2 : M;1;L-ACOUSTICS;4905
DVDOSC;Enceinte WST active 2 voies • L'ACOUSTICS;SONORISATION;Enceinte;Enceinte;Entrepôt 2 : M;1;L-ACOUSTICS;4906
DVDOSC;Enceinte WST active 2 voies • L'ACOUSTICS;SONORISATION;Enceinte;Enceinte;Entrepôt 2 : M;1;L-ACOUSTICS;5153
DVDOSC;Enceinte WST active 2 voies • L'ACOUSTICS;SONORISATION;Enceinte;Enceinte;Entrepôt 2 : M;1;L-ACOUSTICS;8096
DVDOSC;Enceinte WST active 2 voies • L'ACOUSTICS;SONORISATION;Enceinte;Enceinte;Entrepôt 2 : M;1;L-ACOUSTICS;8097
DVDOSC;Enceinte WST active 2 voies • L'ACOUSTICS;SONORISATION;Enceinte;Enceinte;Entrepôt 2 : M;1;L-ACOUSTICS;8099
DVDOSC;Enceinte WST active 2 voies • L'ACOUSTICS;SONORISATION;Enceinte;Enceinte;Entrepôt 2 : M;1;L-ACOUSTICS;8105
DVDOSC;Enceinte WST active 2 voies • L'ACOUSTICS;SONORISATION;Enceinte;Enceinte;Entrepôt 2 : M;1;L-ACOUSTICS;8136
DVDOSC;Enceinte WST active 2 voies • L'ACOUSTICS;SONORISATION;Enceinte;Enceinte;Entrepôt 2 : M;1;L-ACOUSTICS;8140
DVDOSC;Enceinte WST active 2 voies • L'ACOUSTICS;SONORISATION;Enceinte;Enceinte;Entrepôt 2 : M;1;L-ACOUSTICS;9196
DVDOSC;Enceinte WST active 2 voies • L'ACOUSTICS;SONORISATION;Enceinte;Enceinte;Entrepôt 2 : M;1;L-ACOUSTICS;9197
DVDOSC;Enceinte WST active 2 voies • L'ACOUSTICS;SONORISATION;Enceinte;Enceinte;Entrepôt 2 : M;1;L-ACOUSTICS;9198
DVDOSC;Enceinte WST active 2 voies • L'ACOUSTICS;SONORISATION;Enceinte;Enceinte;Entrepôt 2 : M;1;L-ACOUSTICS;9199
DVDOSC;Enceinte WST active 2 voies • L'ACOUSTICS;SONORISATION;Enceinte;Enceinte;Entrepôt 2 : M;1;L-ACOUSTICS;9200
DVDOSC;Enceinte WST active 2 voies • L'ACOUSTICS;SONORISATION;Enceinte;Enceinte;Entrepôt 2 : M;1;L-ACOUSTICS;9201
DVDPRO;Lecteur de DVD V7300D;AUDIOVISUEL;Captation d'image;Lecteurs - decodeurs;Entrepôt 1 : F3;1;;
DVSUB;"Renfort de graves 3 X 15"" • L'ACOUSTICS";SONORISATION;Enceinte;Enceinte;Hors stock;1;L-ACOUSTICS;2070
DVSUB;"Renfort de graves 3 X 15"" • L'ACOUSTICS";SONORISATION;Enceinte;Enceinte;Hors stock;1;L-ACOUSTICS;2089
DVSUB;"Renfort de graves 3 X 15"" • L'ACOUSTICS";SONORISATION;Enceinte;Enceinte;Hors stock;1;L-ACOUSTICS;2090
DVSUB;"Renfort de graves 3 X 15"" • L'ACOUSTICS";SONORISATION;Enceinte;Enceinte;Hors stock;1;L-ACOUSTICS;2091
DVSUB;"Renfort de graves 3 X 15"" • L'ACOUSTICS";SONORISATION;Enceinte;Enceinte;Hors stock;1;L-ACOUSTICS;2092
DVSUB;"Renfort de graves 3 X 15"" • L'ACOUSTICS";SONORISATION;Enceinte;Enceinte;Hors stock;1;L-ACOUSTICS;2093
DVSUB;"Renfort de graves 3 X 15"" • L'ACOUSTICS";SONORISATION;Enceinte;Enceinte;Hors stock;1;L-ACOUSTICS;2094
DVSUB;"Renfort de graves 3 X 15"" • L'ACOUSTICS";SONORISATION;Enceinte;Enceinte;Hors stock;1;L-ACOUSTICS;2095
DX012;Boitier extensions de 12 sorties analog - AES • ALLEN & HEATH;SONORISATION;Console;Accessoire console;;2;ALLEN & HEATH;
DX168;Boitier de scène numérique d'entrées/sorties-96 kHz•ALLEN & HEATH;SONORISATION;Console;Accessoire console;;5;ALLEN & HEATH;
DX80;Auvitran•carte 4 sorties stéréo AES/EBU;SONORISATION;Périphérique;Périphérique;Entrepôt 2 : M;2;AUVITRAN;
DXR12-;"Enceinte bi-amplifiée 12"" 1100 W•YAMAHA";SONORISATION;Enceinte;Enceintes Amplifiées;Entrepôt 1 : F;1;YAMAHA;EETNO1323
DXR12-;"Enceinte bi-amplifiée 12"" 1100 W•YAMAHA";SONORISATION;Enceinte;Enceintes Amplifiées;Entrepôt 1 : F;1;YAMAHA;EETNO1325
DXR12-;"Enceinte bi-amplifiée 12"" 1100 W•YAMAHA";SONORISATION;Enceinte;Enceintes Amplifiées;Entrepôt 1 : F;8;YAMAHA;
DXR12HOUSSE-;Housse de protection pour enceinte DXR12;SONORISATION;Enceinte;Enceintes Amplifiées;Entrepôt 1 : F;10;;
DXR15-;"Enceinte bi-amplifiée 15"" 1100 W•YAMAHA";SONORISATION;Enceinte;Enceintes Amplifiées;Entrepôt 1 : F;1;YAMAHA;EETO01021
DXR15-;"Enceinte bi-amplifiée 15"" 1100 W•YAMAHA";SONORISATION;Enceinte;Enceintes Amplifiées;Entrepôt 1 : F;1;YAMAHA;EETO01026
DXR15-;"Enceinte bi-amplifiée 15"" 1100 W•YAMAHA";SONORISATION;Enceinte;Enceintes Amplifiées;Entrepôt 1 : F;6;YAMAHA;
DXR15HOUSSE-;Housse de protection pour enceinte DXR15;SONORISATION;Enceinte;Enceintes Amplifiées;Entrepôt 1 : F;8;;
DXR8-;"Enceinte bi-amplifiée 8"" 1100 W•YAMAHA";SONORISATION;Enceinte;Enceintes Amplifiées;Entrepôt 1 : F;1;YAMAHA;EETMO1119
DXR8-;"Enceinte bi-amplifiée 8"" 1100 W•YAMAHA";SONORISATION;Enceinte;Enceintes Amplifiées;Entrepôt 1 : F;1;YAMAHA;EETMO1120
DXR8-;"Enceinte bi-amplifiée 8"" 1100 W•YAMAHA";SONORISATION;Enceinte;Enceintes Amplifiées;Entrepôt 1 : F;1;YAMAHA;EETMO1125
DXR8-;"Enceinte bi-amplifiée 8"" 1100 W•YAMAHA";SONORISATION;Enceinte;Enceintes Amplifiées;Entrepôt 1 : F;1;YAMAHA;EETMO1128
DXR8HOUSSE-;Housse de protection pour enceinte DXR8;SONORISATION;Enceinte;Enceintes Amplifiées;Entrepôt 1 : F;4;;
DXS15 SUB;"Caisson de basse amplifié 15"" YAMAHA";SONORISATION;Enceinte;Enceintes Amplifiées;Entrepôt 1 : F;1;YAMAHA;DXS15 SUB_1_4
DXS15 SUB;"Caisson de basse amplifié 15"" YAMAHA";SONORISATION;Enceinte;Enceintes Amplifiées;Entrepôt 1 : F;1;YAMAHA;EEUO01114
DXS15 SUB;"Caisson de basse amplifié 15"" YAMAHA";SONORISATION;Enceinte;Enceintes Amplifiées;Entrepôt 1 : F;1;YAMAHA;EEWN01262
DXS15 SUB;"Caisson de basse amplifié 15"" YAMAHA";SONORISATION;Enceinte;Enceintes Amplifiées;Entrepôt 1 : F;1;YAMAHA;WV09460
DYNAKOLOR;Barre led 9x10W RGBW+strob IP66 DMX512 • STARWAY;ECLAIRAGE;Asservi;Architecturaux;Entrepôt 1 : F4;43;STARWAY;
E16M;Fouet RMP 16 paires mâles;SONORISATION;Cablages audio;Multipaires;Entrepôt 1 : G;4;;
E20F;Fouet Harting 20 paires femelle;SONORISATION;Cablages audio;Multipaires;Entrepôt 1 : G;19;;
E20M;Fouet Harting 20 paires mâles;SONORISATION;Cablages audio;Multipaires;Entrepôt 1 : G;44;;
E604;Micro dynamique • SENNHEISER;SONORISATION;Micro;Micro dynamique;Entrepôt 2 : N;3;SENNHEISER;
E904;Micro dynamique • SENNHEISER;SONORISATION;Micro;Micro dynamique;Entrepôt 2 : N;22;SENNHEISER;
E906;Micro Dynamique pour Guitare • SENNHEISER;SONORISATION;Micro;Micro dynamique;Entrepôt 2 : N;9;SENNHEISER;
EASYTILT;Pied basculant pour console;SONORISATION;Console;Accessoire console;Entrepôt 2 : N;3;;
ECHELFRANCH514;Poutre de franchissement Universel Lg 5,14m -2 mâchoires • LAYHER;STRUCTURE;Layher;Echaffaudage;;7;LAYHER;
ECHELFRANCH771;Poutre de franchissement Universel Lg 7,71m -2 mâchoires02 • LAYHER;STRUCTURE;Layher;Echaffaudage;;2;LAYHER;
ECHELLE257;Echelle renforcée 2,57 m • LAYHER;STRUCTURE;Layher;Echaffaudage;;12;LAYHER;
ECHELLE3PLANS;Echelle transformable 3 plans;STRUCTURE;Pont Aluminium;Accessoire structure;;5;;
ECHELSPELEO10m;Echelle de speleologie 10m;STRUCTURE;Pont Aluminium;Accessoire structure;Entrepôt 2 : J;4;;
ECHELTOIT;Echelle toit 2.57 • LAYHER;STRUCTURE;Layher;Echaffaudage;;16;LAYHER;
ECRAN GRANDMA;Ecran de controle pour console asservi;ECLAIRAGE;Consoles;Consoles projecteurs asservis;Entrepôt 1 : D3;4;;
ECRAN0300;Ecran sur cadre blanc (face/retro) 3,00x2,00m;AUDIOVISUEL;Diffusion d'image;Ecran de projection;Entrepôt 1 : F3;1;;
ECRAN0400;Ecran sur cadre blanc (face/retro) 4,00x3,00m;AUDIOVISUEL;Diffusion d'image;Ecran de projection;Entrepôt 1 : F3;1;;
ECRAN0600;Ecran sur cadre blanc (face/retro) 6,00x4,50m;AUDIOVISUEL;Diffusion d'image;Ecran de projection;Entrepôt 1 : F3;1;;
"ECRANPC21.5"" LED";Ecran PC Full HD 1080p - 1920 x 1080 pixels • IIYAMA;AUDIOVISUEL;Diffusion d'image;Moniteur;Entrepôt 1 : D3;2;IIYAMA;
EK2000-IEM-GW;body pack IN-EAR récepteur de poche stéréo • SENNHEISER;SONORISATION;Ear Monitor;Ear Monitor;Entrepôt 2 : M;1;SENNHEISER;8188635606
EK2000-IEM-GW;body pack IN-EAR récepteur de poche stéréo • SENNHEISER;SONORISATION;Ear Monitor;Ear Monitor;Entrepôt 2 : M;1;SENNHEISER;8188635626
EK2000-IEM-GW;body pack IN-EAR récepteur de poche stéréo • SENNHEISER;SONORISATION;Ear Monitor;Ear Monitor;Entrepôt 2 : M;1;SENNHEISER;8188646390
EK2000-IEM-GW;body pack IN-EAR récepteur de poche stéréo • SENNHEISER;SONORISATION;Ear Monitor;Ear Monitor;Entrepôt 2 : M;1;SENNHEISER;8188646391
EK2000-IEM-GW;body pack IN-EAR récepteur de poche stéréo • SENNHEISER;SONORISATION;Ear Monitor;Ear Monitor;Entrepôt 2 : M;14;SENNHEISER;
EKSPOLED 200;Projecteur HQI led 200W / 120° / 5000K IP65 • NICOLS;ECLAIRAGE;Sécurité / Eclairage site;HQI;Entrepôt 1 : F7;39;NICOLS;
ELINGUE1,5T/1,45M;Elingue 1,5T/lg 1,45m;STRUCTURE;Levage;Elingues acier;Entrepôt 2 : L1;37;;
ELINGUE1,5T/1.20M;Elingue 1,5T/lg 1,2m;STRUCTURE;Levage;Elingues acier;Entrepôt 2 : L1;8;;
ELINGUE1,5T/10M;Elingue 1,5T/lg 10m;STRUCTURE;Levage;Elingues acier;Entrepôt 2 : L1;54;;
ELINGUE1,5T/2,20m;Elingue 1,5T/lg 2,2m;STRUCTURE;Levage;Elingues acier;Entrepôt 2 : L1;100;;
ELINGUE1,5T/3,20M;Elingue 1,5T/lg 3,20m;STRUCTURE;Levage;Elingues acier;Entrepôt 2 : L1;58;;
ELINGUE1,5T/3M;Elingue 1,5T/lg 3m;STRUCTURE;Levage;Elingues acier;Entrepôt 2 : L1;70;;
ELINGUE1,5T/5M;Elingue 1,5T/lg 5m;STRUCTURE;Levage;Elingues acier;Entrepôt 2 : L1;87;;
ELINGUE1.5T/2M;Elingue 1,5T/lg 2m;STRUCTURE;Levage;Elingues acier;Entrepôt 2 : L1;105;;
ELINGUE1.5T/4M;Elingue 1,5T/lg 4m;STRUCTURE;Levage;Elingues acier;Entrepôt 2 : L1;1;;
ELINGUE1T/0,80M;Elingue 1,5T/lg 0,8m;STRUCTURE;Levage;Elingues acier;Entrepôt 2 : L1;68;;
ELINGUE1T/10M;Elingue câble acier 10mm - gaine transparente - CMU 1T - 10m RIGLIFT;STRUCTURE;Levage;Elingues acier;Entrepôt 2 : L1;20;;
ELINGUE1T/1M5;Elingue câble acier 10mm - gaine transparente -CMU 1T - 1,5m RIGLIFT Cos;STRUCTURE;Levage;Elingues acier;Entrepôt 2 : L1;30;;
ELINGUE1T/2M;Elingue câble acier 10mm - gaine transparente -CMU 1T - 2m RIGLIFT Cosse;STRUCTURE;Levage;Elingues acier;Entrepôt 2 : L1;34;;
ELINGUE1T/3M;Elingue câble acier 10mm - gaine transparente -CMU 1T - 10m RIGLIFT Coss;STRUCTURE;Levage;Elingues acier;Entrepôt 2 : L1;20;;
ELINGUE1T/4M;Elingue 1T/lg 4m;STRUCTURE;Levage;Elingues acier;Entrepôt 2 : L1;20;;
EMB.SB18;Embase pour SB18 pour structure Prolyte et ASD;SONORISATION;Enceinte;accessoire L-ACOUSTICS;;12;PROLYTE;
EMBASE-LEG;Embase légère série 300 Carré;STRUCTURE;Pont Aluminium;Série 300 carré;Entrepôt 2 : J;22;;
EMBASELOUR;Embase lourde ronde série 300 Diam 80;STRUCTURE;Pont Aluminium;Série 300 carré;Entrepôt 2 : L2;24;;
EMBASELOUR-RECT;Embase lourde rectangulaire série 300 1m x 0,5m;STRUCTURE;Pont Aluminium;Série 300 carré;Entrepôt 2 : L2;8;;
EMBASELOURTRI;Embase lourde série 300TRI diam. 80;STRUCTURE;Pont Aluminium;Série 300 tri;Entrepôt 2 : L2;2;;
EP-220PR;Mixeur 4 entrées ST + lecteur BT / SD / USB / FM EP-220PR Omnitronic;SONORISATION;Console;Console analogique;;4;;
EQAPEX;Egaliseur 2 X 31 bandes GX230• APEX;SONORISATION;Périphérique;Egalisation;Entrepôt 2 : M;1;APEX;509603276
EQAPEX;Egaliseur 2 X 31 bandes GX230• APEX;SONORISATION;Périphérique;Egalisation;Entrepôt 2 : M;4;APEX;
EQBSS;Egaliseur 2 X 31 bandes OPAL• BSS 966;SONORISATION;Périphérique;Egalisation;Entrepôt 2 : M;1;BSS;51579
EQBSS;Egaliseur 2 X 31 bandes OPAL• BSS 966;SONORISATION;Périphérique;Egalisation;Entrepôt 2 : M;1;BSS;
ESCALIER;Escalier pour scène traditionnelle +main courante;STRUCTURE;Scène;Scènes traditionnelles;;3;;
ESCALIERSSAMIA;Escalier pour praticable;STRUCTURE;praticables;praticables;Entrepôt 2 : K4;4;;
ESPRITE;ROBE•Lyre profile LED à couteaux, 650W, zoom 5,5-50°;ECLAIRAGE;Asservi;Spot;Entrepôt 1 : D3;1;ROBE;1900759405
ESPRITE;ROBE•Lyre profile LED à couteaux, 650W, zoom 5,5-50°;ECLAIRAGE;Asservi;Spot;Entrepôt 1 : D3;1;ROBE;1900759410
ESPRITE;ROBE•Lyre profile LED à couteaux, 650W, zoom 5,5-50°;ECLAIRAGE;Asservi;Spot;Entrepôt 1 : D3;1;ROBE;E01 - 2300855748
ESPRITE;ROBE•Lyre profile LED à couteaux, 650W, zoom 5,5-50°;ECLAIRAGE;Asservi;Spot;Entrepôt 1 : D3;1;ROBE;E02 - 2300855753
ESPRITE;ROBE•Lyre profile LED à couteaux, 650W, zoom 5,5-50°;ECLAIRAGE;Asservi;Spot;Entrepôt 1 : D3;1;ROBE;E03 - 2300880584
ESPRITE;ROBE•Lyre profile LED à couteaux, 650W, zoom 5,5-50°;ECLAIRAGE;Asservi;Spot;Entrepôt 1 : D3;1;ROBE;E04 - 1900759406
ESPRITE;ROBE•Lyre profile LED à couteaux, 650W, zoom 5,5-50°;ECLAIRAGE;Asservi;Spot;Entrepôt 1 : D3;1;ROBE;E05 - 2300855752
ESPRITE;ROBE•Lyre profile LED à couteaux, 650W, zoom 5,5-50°;ECLAIRAGE;Asservi;Spot;Entrepôt 1 : D3;1;ROBE;E06 - 2200796837
ESPRITE;ROBE•Lyre profile LED à couteaux, 650W, zoom 5,5-50°;ECLAIRAGE;Asservi;Spot;Entrepôt 1 : D3;1;ROBE;E07 - 1900789407
ESPRITE;ROBE•Lyre profile LED à couteaux, 650W, zoom 5,5-50°;ECLAIRAGE;Asservi;Spot;Entrepôt 1 : D3;1;ROBE;E08 - 2200796838
ESPRITE;ROBE•Lyre profile LED à couteaux, 650W, zoom 5,5-50°;ECLAIRAGE;Asservi;Spot;Entrepôt 1 : D3;1;ROBE;E09 - 2200812220
ESPRITE;ROBE•Lyre profile LED à couteaux, 650W, zoom 5,5-50°;ECLAIRAGE;Asservi;Spot;Entrepôt 1 : D3;1;ROBE;E10 - 2300880227
ESPRITE;ROBE•Lyre profile LED à couteaux, 650W, zoom 5,5-50°;ECLAIRAGE;Asservi;Spot;Entrepôt 1 : D3;1;ROBE;E11 - 1900759408
ESPRITE;ROBE•Lyre profile LED à couteaux, 650W, zoom 5,5-50°;ECLAIRAGE;Asservi;Spot;Entrepôt 1 : D3;1;ROBE;E12 - 2100752257
ESPRITE;ROBE•Lyre profile LED à couteaux, 650W, zoom 5,5-50°;ECLAIRAGE;Asservi;Spot;Entrepôt 1 : D3;1;ROBE;E13 - 2200812225
ESPRITE;ROBE•Lyre profile LED à couteaux, 650W, zoom 5,5-50°;ECLAIRAGE;Asservi;Spot;Entrepôt 1 : D3;1;ROBE;E14 - 1900759513
ESPRITE;ROBE•Lyre profile LED à couteaux, 650W, zoom 5,5-50°;ECLAIRAGE;Asservi;Spot;Entrepôt 1 : D3;1;ROBE;E15 - 2300880550
ESPRITE;ROBE•Lyre profile LED à couteaux, 650W, zoom 5,5-50°;ECLAIRAGE;Asservi;Spot;Entrepôt 1 : D3;1;ROBE;E16 - 2200796836
ESPRITE;ROBE•Lyre profile LED à couteaux, 650W, zoom 5,5-50°;ECLAIRAGE;Asservi;Spot;Entrepôt 1 : D3;1;ROBE;E18 - 2300855747
ESPRITE;ROBE•Lyre profile LED à couteaux, 650W, zoom 5,5-50°;ECLAIRAGE;Asservi;Spot;Entrepôt 1 : D3;1;ROBE;E19 - 2300855754
ESPRITE;ROBE•Lyre profile LED à couteaux, 650W, zoom 5,5-50°;ECLAIRAGE;Asservi;Spot;Entrepôt 1 : D3;1;ROBE;E20 - 2300855750
ESPRITE;ROBE•Lyre profile LED à couteaux, 650W, zoom 5,5-50°;ECLAIRAGE;Asservi;Spot;Entrepôt 1 : D3;1;ROBE;E21 - 1900759409
ESPRITE;ROBE•Lyre profile LED à couteaux, 650W, zoom 5,5-50°;ECLAIRAGE;Asservi;Spot;Entrepôt 1 : D3;1;ROBE;E23 - 2300880230
ESPRITE;ROBE•Lyre profile LED à couteaux, 650W, zoom 5,5-50°;ECLAIRAGE;Asservi;Spot;Entrepôt 1 : D3;1;ROBE;E24 - 2300855749
ESPRITE;ROBE•Lyre profile LED à couteaux, 650W, zoom 5,5-50°;ECLAIRAGE;Asservi;Spot;Entrepôt 1 : D3;1;ROBE;E25 - 2200812219
ESPRITE;ROBE•Lyre profile LED à couteaux, 650W, zoom 5,5-50°;ECLAIRAGE;Asservi;Spot;Entrepôt 1 : D3;1;ROBE;E26 - 2300855751
ESPRITE;ROBE•Lyre profile LED à couteaux, 650W, zoom 5,5-50°;ECLAIRAGE;Asservi;Spot;Entrepôt 1 : D3;1;ROBE;E27 - 1900759404
ESPRITE;ROBE•Lyre profile LED à couteaux, 650W, zoom 5,5-50°;ECLAIRAGE;Asservi;Spot;Entrepôt 1 : D3;1;ROBE;E28 - 2200796835
ESPRITE;ROBE•Lyre profile LED à couteaux, 650W, zoom 5,5-50°;ECLAIRAGE;Asservi;Spot;Entrepôt 1 : D3;1;ROBE;E29 - 2200812226
EZ-CON 24W;Mini console DMX 24 circuits sur batterie wireless solution;ECLAIRAGE;Consoles;Consoles traditionnelles;Entrepôt 1 : D3;3;;
FAS-01;Support 55 cm pour Line Array,;SONORISATION;Enceinte;accessoire L-ACOUSTICS;;4;;
FDS366T;Controleur filtre numérique 3entrées/8 sorties • BSS;SONORISATION;Périphérique;Processeur filtrage;Entrepôt 2 : M;1;BSS;
FERME1,22;Ferme STACCO 1,22 M;STRUCTURE;Scène;Scènes traditionnelles;;12;STACCO;
FERME2,44;Ferme STACCO 2.44 M;STRUCTURE;Scène;Scènes traditionnelles;;65;STACCO;
FERMETOIT;Ferme pour bâche toit lg 2,57 m;STRUCTURE;Scène;Bâche couverture scène et Layher;;15;;
FIBERLINK150MOBILKAB;Câble optical CON QUAD sur enrouleur FiberLink - multimode OM4•KLOTZ;ECLAIRAGE;Câblage;Divers;;2;KLOTZ;
FIBERLINK150SMARTBEA;Câble SmartBeam Duo sur enrouleur FiberLing Multimode 150m•KLOTZ;ECLAIRAGE;Câblage;Divers;;2;KLOTZ;
FISCHERAPMS-161AA;Chargeur rackable 1 U pour16 piles AA;DISTRIBUTION ELECTRIQUE;Armoire de distribution;Divisionnaire;;11;;
FISCHERAPMS-AA;ACCUMULATEUR aa lr06 2850mAh•FISCHER AMPS;DISTRIBUTION ELECTRIQUE;Armoire de distribution;Divisionnaire;;186;FISCHER AMPS;
FL1300;Projecteur FL1300 2X650W;ECLAIRAGE;Traditionnel;Molefay;Entrepôt 1 : D1;26;;
FL1300-LED;Projecteur FL1300 2X100W blanc chaud / froid •PROLIGHT;ECLAIRAGE;Asservi;Blinder Led;Entrepôt 1 : C;8;PROLIGHTS;
FL650;Projecteur FL 650 1X650W;ECLAIRAGE;Traditionnel;Molefay;Entrepôt 2 : J1;14;;
FLATPAR;PAR plat à LED TGB 7X3W Boitier noir • CAMEO;ECLAIRAGE;Asservi;PAR Led;Entrepôt 1 : F6;9;CAMEO;
FLOODLITE;FLOODLITE HD BLINDER +VOLET1 RGBW 200W•STARWAY;ECLAIRAGE;Asservi;Blinder Led;;1;STARWAY;250331576001209
FLOODLITE;FLOODLITE HD BLINDER +VOLET1 RGBW 200W•STARWAY;ECLAIRAGE;Asservi;Blinder Led;;1;STARWAY;250331576001210
FLOODLITE;FLOODLITE HD BLINDER +VOLET1 RGBW 200W•STARWAY;ECLAIRAGE;Asservi;Blinder Led;;1;STARWAY;250331576001225
FLOODLITE;FLOODLITE HD BLINDER +VOLET1 RGBW 200W•STARWAY;ECLAIRAGE;Asservi;Blinder Led;;1;STARWAY;250331576001226
FLOODLITE;FLOODLITE HD BLINDER +VOLET1 RGBW 200W•STARWAY;ECLAIRAGE;Asservi;Blinder Led;;1;STARWAY;250331576001227
FLOODLITE;FLOODLITE HD BLINDER +VOLET1 RGBW 200W•STARWAY;ECLAIRAGE;Asservi;Blinder Led;;1;STARWAY;250331576001228
FLOODLITE;FLOODLITE HD BLINDER +VOLET1 RGBW 200W•STARWAY;ECLAIRAGE;Asservi;Blinder Led;;1;STARWAY;250331576001235
FLOODLITE;FLOODLITE HD BLINDER +VOLET1 RGBW 200W•STARWAY;ECLAIRAGE;Asservi;Blinder Led;;1;STARWAY;250331576001236
FLOODLITE;FLOODLITE HD BLINDER +VOLET1 RGBW 200W•STARWAY;ECLAIRAGE;Asservi;Blinder Led;;1;STARWAY;250331576001245
FLOODLITE;FLOODLITE HD BLINDER +VOLET1 RGBW 200W•STARWAY;ECLAIRAGE;Asservi;Blinder Led;;1;STARWAY;250331576001246
FLOODLITE;FLOODLITE HD BLINDER +VOLET1 RGBW 200W•STARWAY;ECLAIRAGE;Asservi;Blinder Led;;1;STARWAY;250331576001249
FLOODLITE;FLOODLITE HD BLINDER +VOLET1 RGBW 200W•STARWAY;ECLAIRAGE;Asservi;Blinder Led;;1;STARWAY;250331576001250
FLOODLITE;FLOODLITE HD BLINDER +VOLET1 RGBW 200W•STARWAY;ECLAIRAGE;Asservi;Blinder Led;;1;STARWAY;250331576001251
FLOODLITE;FLOODLITE HD BLINDER +VOLET1 RGBW 200W•STARWAY;ECLAIRAGE;Asservi;Blinder Led;;1;STARWAY;250331576001252
FLOODLITE;FLOODLITE HD BLINDER +VOLET1 RGBW 200W•STARWAY;ECLAIRAGE;Asservi;Blinder Led;;1;STARWAY;250331576001259
FLOODLITE;FLOODLITE HD BLINDER +VOLET1 RGBW 200W•STARWAY;ECLAIRAGE;Asservi;Blinder Led;;1;STARWAY;250331576001260
FLOODLITE;FLOODLITE HD BLINDER +VOLET1 RGBW 200W•STARWAY;ECLAIRAGE;Asservi;Blinder Led;;1;STARWAY;250331576001265
FLOODLITE;FLOODLITE HD BLINDER +VOLET1 RGBW 200W•STARWAY;ECLAIRAGE;Asservi;Blinder Led;;1;STARWAY;250331576001266
FLOODLITE;FLOODLITE HD BLINDER +VOLET1 RGBW 200W•STARWAY;ECLAIRAGE;Asservi;Blinder Led;;1;STARWAY;250331576001267
FLOODLITE;FLOODLITE HD BLINDER +VOLET1 RGBW 200W•STARWAY;ECLAIRAGE;Asservi;Blinder Led;;1;STARWAY;250331576001268
FLOODLITE;FLOODLITE HD BLINDER +VOLET1 RGBW 200W•STARWAY;ECLAIRAGE;Asservi;Blinder Led;;1;STARWAY;250331576001281
FLOODLITE;FLOODLITE HD BLINDER +VOLET1 RGBW 200W•STARWAY;ECLAIRAGE;Asservi;Blinder Led;;1;STARWAY;250331576001282
FLOODLITE;FLOODLITE HD BLINDER +VOLET1 RGBW 200W•STARWAY;ECLAIRAGE;Asservi;Blinder Led;;1;STARWAY;250331576001287
FLOODLITE;FLOODLITE HD BLINDER +VOLET1 RGBW 200W•STARWAY;ECLAIRAGE;Asservi;Blinder Led;;1;STARWAY;250331576001288
FLOODLITE;FLOODLITE HD BLINDER +VOLET1 RGBW 200W•STARWAY;ECLAIRAGE;Asservi;Blinder Led;;1;STARWAY;250331576001291
FLOODLITE;FLOODLITE HD BLINDER +VOLET1 RGBW 200W•STARWAY;ECLAIRAGE;Asservi;Blinder Led;;1;STARWAY;250331576001292
FLOODLITE;FLOODLITE HD BLINDER +VOLET1 RGBW 200W•STARWAY;ECLAIRAGE;Asservi;Blinder Led;;1;STARWAY;250331576001293
FLOODLITE;FLOODLITE HD BLINDER +VOLET1 RGBW 200W•STARWAY;ECLAIRAGE;Asservi;Blinder Led;;1;STARWAY;250331576001294
FLOODLITE;FLOODLITE HD BLINDER +VOLET1 RGBW 200W•STARWAY;ECLAIRAGE;Asservi;Blinder Led;;1;STARWAY;250331576001295
FLOODLITE;FLOODLITE HD BLINDER +VOLET1 RGBW 200W•STARWAY;ECLAIRAGE;Asservi;Blinder Led;;1;STARWAY;250331576001296
FLOODLITE;FLOODLITE HD BLINDER +VOLET1 RGBW 200W•STARWAY;ECLAIRAGE;Asservi;Blinder Led;;1;STARWAY;250331576001297
FLOODLITE;FLOODLITE HD BLINDER +VOLET1 RGBW 200W•STARWAY;ECLAIRAGE;Asservi;Blinder Led;;1;STARWAY;250331576001298
FLYDW;Flight-case pour 6 fûts DW;BACKLINE;Batteries;Accesoires batteries;;1;;
FLYGCDW;Flight-case pour grosse caisse DW;BACKLINE;Batteries;Accesoires batteries;;1;;
FLYPIEDSDW;Flight-case pour pieds DW;BACKLINE;Batteries;Accesoires batteries;;1;;
FNH 0644 BLK;Malle 600x400x400 HEXA NOIR+Cuvette+Cloison+capitonnage;STRUCTURE;Pont Aluminium;Accessoire structure;;2;;
FNH 0666 BLK;Malle 600x600x600 HEXA NOIR+Cuvette+Cloison+capitonnage+bac;STRUCTURE;Pont Aluminium;Accessoire structure;;2;;
FNH 0866;Malle 800x600x600;STRUCTURE;Pont Aluminium;Accessoire structure;;13;;
FNH 1266 BLK;Malle 1200x600x600 HEXA NOIR+Cuvette+Cloison+capitonnage+bac02;STRUCTURE;Pont Aluminium;Accessoire structure;;3;;
FNS 0644 63;Malle 600x400x400+kit de cloisonnage;STRUCTURE;Pont Aluminium;Accessoire structure;;4;;
FOUET DECALE;fouet femelle décalé 8 circuits;ECLAIRAGE;Câblage;Multipaire 8 circuit;Entrepôt 1 : A2;33;;
FOUET F;Fouet femelle 8 circuits;ECLAIRAGE;Câblage;Multipaire 8 circuit;Entrepôt 1 : A2;49;;
FOUET M;Fouet mâle 8 circuit;ECLAIRAGE;Câblage;Multipaire 8 circuit;Entrepôt 1 : A2;55;;
FRESN2KW;Projecteur Fresnel 2000W avec volets • STRAND;ECLAIRAGE;Traditionnel;Fresnels;Entrepôt 1 : F6;20;STRAND;
FRESN500W;Fresnal 500w 10 à 64° GX9,5 • SCENA;ECLAIRAGE;Traditionnel;Fresnels;Entrepôt 1 : F6;60;SCENA;
FRESN5KW;Projecteur Fresnel 5000W avec volets • STRAND;ECLAIRAGE;Traditionnel;Fresnels;Entrepôt 1 : F6;6;STRAND;
FRISE 12/1,5;Frise noire longueur 12m / hauteur 1,50m;RIDEAU-MACHINERIE;Rideau;Frises;Entrepôt 2 : M;1;;
FRISE 15/0.5;Frise noire longueur 15m / hauteur 0,50m;RIDEAU-MACHINERIE;Rideau;Frises;Entrepôt 2 : M;2;;
FRISE 6/1.5;Frise noire longueur 6m / hauteur 1,50m;RIDEAU-MACHINERIE;Rideau;Frises;Entrepôt 2 : M;9;;
FRISE 6/2,5;Frise noire longueur 6m / hauteur 2,50m;RIDEAU-MACHINERIE;Rideau;Frises;Entrepôt 2 : M;7;;
FSE LA A15.G2;Flight-case pour 2 enceintes A15 Focus/Wide en grappe;SONORISATION;Enceinte;Enceinte;;4;;
FSE LA BPKARA.2;Flight case pour 2 BUMP KARA et 2MBAR et accessoires;SONORISATION;Enceinte;Enceinte;;1;;
FSE LA KARA.3;Flight case pour 3 enceintes KARA/KARA II;SONORISATION;Enceinte;Enceinte;;8;;
FT7045;Pied à Fourches LINE ARRAY Noir-7m / 450-515 kg avec support 1 point•FAN;STRUCTURE;Levage;Pied de levage;;2;FAN;
G11V;Talkie Walkie•MIDLAND;SONORISATION;Intercomm / Talky;Talky;;16;MIDLAND;
GARDECORPS SAMIA;Garde corps pour praticables Samia Px/m;STRUCTURE;praticables;praticables;Entrepôt 2 : K4;34;SAMIA;
GARDECORPS122;Garde corps pour scène traditionnelle lg 1,22 Px/m•STACCO02;STRUCTURE;Scène;Scènes traditionnelles;;2;STACCO;
GARDECORPS244;Garde corps pour scène traditionnelle lg 2,44 Px/m•STACCO;STRUCTURE;Scène;Scènes traditionnelles;;3;STACCO;
GC2PEARL;Double pédale grosse caisse 2002C-E•PEARL;BACKLINE;Batteries;Accesoires batteries;;1;PEARL;
GC4099;DPA•Clip pour guitare;SONORISATION;Micro;DPA Accessoires;Entrepôt 2 : N;6;DPA;
GCDW22;"Grosse caisse DW Collector 22""•DW";BACKLINE;Batteries;Fûts batterie;;1;DW;
GCPEARL18;"Grosse Caisse PEARL MASTERS JAZZ 18""";BACKLINE;Batteries;Fûts batterie;;1;PEARL;
GCPEARL20;"Grosse Caisse PEARL MASTERS JAZZ 20""";BACKLINE;Batteries;Fûts batterie;;1;PEARL;
GCPEARL22;"Grosse caisse Pearl Référence 22""•PEARL";BACKLINE;Batteries;Fûts batterie;;1;PEARL;
GOUPILLERABATABLE;Goupille rabattable diam 12 mm • LAYHER;STRUCTURE;Layher;Echaffaudage;;242;LAYHER;
GRANDMA1;Console asservis light 2048 circuits • MA LIGHTING;ECLAIRAGE;Consoles;Consoles projecteurs asservis;Entrepôt 1 : D3;2;MA LIGHTING;
GRANDMA3ONPC;Commande Wing XT grandMA3 onPC•MA LIGHTING;ECLAIRAGE;Consoles;Consoles projecteurs asservis;Entrepôt 1 : D3;1;MA LIGHTING;101951
GRANDMAV2;Console asservis grandMA Version 2 light • MA LIGHTING;ECLAIRAGE;Consoles;Consoles projecteurs asservis;Entrepôt 1 : D3;1;MA LIGHTING;L101100634
GRANDMAV2;Console asservis grandMA Version 2 light • MA LIGHTING;ECLAIRAGE;Consoles;Consoles projecteurs asservis;Entrepôt 1 : D3;1;MA LIGHTING;L120201367
GRANDMAV3;Console asservis grandMA Version 3 light • MA LIGHTING;ECLAIRAGE;Consoles;Consoles projecteurs asservis;Entrepôt 1 : D3;1;MA LIGHTING;102492
GRANDMAV3;Console asservis grandMA Version 3 light • MA LIGHTING;ECLAIRAGE;Consoles;Consoles projecteurs asservis;Entrepôt 1 : D3;1;MA LIGHTING;102493
GRANDMAV3;Console asservis grandMA Version 3 light • MA LIGHTING;ECLAIRAGE;Consoles;Consoles projecteurs asservis;Entrepôt 1 : D3;1;MA LIGHTING;107203
GRANDMAV3;Console asservis grandMA Version 3 light • MA LIGHTING;ECLAIRAGE;Consoles;Consoles projecteurs asservis;Entrepôt 1 : D3;1;MA LIGHTING;108163
GRANDMAV3;Console asservis grandMA Version 3 light • MA LIGHTING;ECLAIRAGE;Consoles;Consoles projecteurs asservis;Entrepôt 1 : D3;1;MA LIGHTING;108439
GRANDMAV3;Console asservis grandMA Version 3 light • MA LIGHTING;ECLAIRAGE;Consoles;Consoles projecteurs asservis;Entrepôt 1 : D3;1;MA LIGHTING;1521000000-107215
GRAVITY;Support d'écran, montage sur table,;INFORMATIQUE;Ordinateurs;Ordinateurs;;1;;
GRIFFE150;DOUGHTY•griffe spécial tente 50-110mm CMU 150KG;STRUCTURE;Levage;Accessoires levage;Entrepôt 2 : L1;10;CM;
GRIFFE250;DOUGHTY•griffe spécial tente 50-150mm CMU 250KG;STRUCTURE;Levage;Accessoires levage;Entrepôt 2 : L1;10;CM;
GTR-STD4;Stand pliable pour 4 guitares•GATOR;BACKLINE;Instruments;Guitares;E3;1;GATOR;
GX48;Mixracks 48 entrées, 16 sorties • ALLEN & HEATH;SONORISATION;Console;Accessoire console;;2;ALLEN & HEATH;
HA8089;SHURE•Antenne hélicoîdale large bande 460 à 900 Mhz;SONORISATION;Ear Monitor;Accessoires;Entrepôt 2 : M;1;SHURE;HA8089_1_1
HA8089;SHURE•Antenne hélicoîdale large bande 460 à 900 Mhz;SONORISATION;Ear Monitor;Accessoires;Entrepôt 2 : M;1;SHURE;HA8089_1_2
HA8089;SHURE•Antenne hélicoîdale large bande 460 à 900 Mhz;SONORISATION;Ear Monitor;Accessoires;Entrepôt 2 : M;1;SHURE;HA8089_1_3
HA8089;SHURE•Antenne hélicoîdale large bande 460 à 900 Mhz;SONORISATION;Ear Monitor;Accessoires;Entrepôt 2 : M;1;SHURE;HA8089_1_4
HA8089;SHURE•Antenne hélicoîdale large bande 460 à 900 Mhz;SONORISATION;Ear Monitor;Accessoires;Entrepôt 2 : M;1;SHURE;HA8089_1_5
HA8089;SHURE•Antenne hélicoîdale large bande 460 à 900 Mhz;SONORISATION;Ear Monitor;Accessoires;Entrepôt 2 : M;1;SHURE;HA8089_1_6
HDIRVE12;RVE•Bloc de puissance HDI 12X3KW;ECLAIRAGE;Bloc de puissance;Bloc de puissance;Entrepôt 1 : D3;1;RVE;2742-8
HDIRVE12;RVE•Bloc de puissance HDI 12X3KW;ECLAIRAGE;Bloc de puissance;Bloc de puissance;Entrepôt 1 : D3;1;RVE;
HDIRVE5KW;RVE•Bloc de puissance HDI 6X5kw;ECLAIRAGE;Bloc de puissance;Bloc de puissance;Entrepôt 1 : D3;3;RVE;
HDL6 x 3KW;RVE•Bloc puissance HDL 6 X 3KW;ECLAIRAGE;Bloc de puissance;Bloc de puissance;Hors stock;2;RVE;
HDMI/RJ45;MUXLAB•Kit Extender hdmi/rj45 100m émetteur + récepteur;AUDIOVISUEL;Accessoires;Extender;Entrepôt 1 : F2;1;;
HDMI01M;Câble HDMI 1m;AUDIOVISUEL;Câblage;HDMI;Entrepôt 1 : F2;4;;
HDMI02M;Câble HDMI 2m;AUDIOVISUEL;Câblage;HDMI;Entrepôt 1 : F2;3;;
HDMI03M;Câble HDMI 3m;AUDIOVISUEL;Câblage;HDMI;Entrepôt 1 : F2;4;;
HDMI05M;Câble HDMI 5m;AUDIOVISUEL;Câblage;HDMI;Entrepôt 1 : F2;10;;
HDMI10M;Câble HDMI 10m;AUDIOVISUEL;Câblage;HDMI;Entrepôt 1 : F2;10;;
HDMI20M;Câble HDMI 20m;AUDIOVISUEL;Câblage;HDMI;;2;;
HF CAPSBETA58A;Capsule Shure Beta 58A pour UR2;SONORISATION;Micro;HF;Entrepôt 2 : M;13;SHURE;
HF CAPSBETA87A;Capsule Shure Beta 87A pour UR2;SONORISATION;Micro;HF;Entrepôt 2 : M;4;SHURE;
HF CAPSKSM9;Capsule Shure KSM9 pour UR2;SONORISATION;Micro;HF;Entrepôt 2 : M;6;SHURE;
HF CAPSSM58;Capsule Shure SM58 pour UR2;SONORISATION;Micro;HF;Entrepôt 2 : M;31;SHURE;
HIPPOCRITTER;MEDIA SERVEUR;AUDIOVISUEL;Captation d'image;Medias;;1;;
HITOWERS400;Kit HI-TOWER S400 (embase /chariot 4D/tête);STRUCTURE;Pont Aluminium;Série S400 carré;;6;;
HITOWERS500;Kit HI-TOWER (embase/stabilo/tête) serie 500;STRUCTURE;Pont Aluminium;Série 500 triangulaire;;8;;
HOTDOD2;Ampli Hot Rod Deluxe•FENDER;BACKLINE;Amplis;Ampli GUIT;;1;FENDER;
HOTROD3;Ampli Hot Rod Deluxe III•FENDER;BACKLINE;Amplis;Ampli GUIT;;1;FENDER;
HQI400;Projecteur HQI 400 Watt;ECLAIRAGE;Sécurité / Eclairage site;HQI;Entrepôt 2 : J2;32;;
HTXZ1000;Barre de totem circulaire pour structure alu 300 carré / tri;STRUCTURE;Pont Aluminium;Accessoire structure;;10;;
HYDRAU IV;Scene mobile 9 x6,7 HYDRAU IV•EUROPODIUM;STRUCTURE;Scène;Scènes mobiles couvertes;;2;EUROPODIUM;
HZ500;Machine à brouillard • ANTARI;ECLAIRAGE;Effets / Fumée;Machine à fumée;Entrepôt 1 : D3;1;ANTARI;HZ500_1_000001
HZ500;Machine à brouillard • ANTARI;ECLAIRAGE;Effets / Fumée;Machine à fumée;Entrepôt 1 : D3;1;ANTARI;HZ500_1_000002
HZ500;Machine à brouillard • ANTARI;ECLAIRAGE;Effets / Fumée;Machine à fumée;Entrepôt 1 : D3;1;ANTARI;HZ500_1_000003
HZ500;Machine à brouillard • ANTARI;ECLAIRAGE;Effets / Fumée;Machine à fumée;Entrepôt 1 : D3;1;ANTARI;HZ500_1_000004
I5;Micro dynamique cadioïde instruments • AUDIX;SONORISATION;Micro;Micro dynamique;Entrepôt 2 : N;1;AUDIX;
ICE FILTRE42;Filtre 42° pour IceColor 250/500 • AYRTON;ECLAIRAGE;Asservi;Architecturaux;Entrepôt 2 : J3;32;AYRTON;
ICECOLOR500;Projecteur fixe à LED RGBW 11° IP 65 400W • AYRTON;ECLAIRAGE;Asservi;Architecturaux;Entrepôt 2 : J3;1;AYRTON;CC1125030
ICECOLOR500;Projecteur fixe à LED RGBW 11° IP 65 400W • AYRTON;ECLAIRAGE;Asservi;Architecturaux;Entrepôt 2 : J3;1;AYRTON;CC1125032
ICECOLOR500;Projecteur fixe à LED RGBW 11° IP 65 400W • AYRTON;ECLAIRAGE;Asservi;Architecturaux;Entrepôt 2 : J3;1;AYRTON;CC2249016-D
ICECOLOR500;Projecteur fixe à LED RGBW 11° IP 65 400W • AYRTON;ECLAIRAGE;Asservi;Architecturaux;Entrepôt 2 : J3;1;AYRTON;CC2249029-D
ICECOLOR500;Projecteur fixe à LED RGBW 11° IP 65 400W • AYRTON;ECLAIRAGE;Asservi;Architecturaux;Entrepôt 2 : J3;1;AYRTON;CC2249063-D
ICECOLOR500;Projecteur fixe à LED RGBW 11° IP 65 400W • AYRTON;ECLAIRAGE;Asservi;Architecturaux;Entrepôt 2 : J3;1;AYRTON;CC2249067-D
ICECOLOR500;Projecteur fixe à LED RGBW 11° IP 65 400W • AYRTON;ECLAIRAGE;Asservi;Architecturaux;Entrepôt 2 : J3;1;AYRTON;CC2249087-D
ICECOLOR500;Projecteur fixe à LED RGBW 11° IP 65 400W • AYRTON;ECLAIRAGE;Asservi;Architecturaux;Entrepôt 2 : J3;1;AYRTON;CC2249092-D
IE4;SENNHEISER• casque intra-auriculaire;SONORISATION;Ear Monitor;Accessoires;;4;SENNHEISER;
IN-EAR FISCH;In-ear monitor filaire • FISCHER AMPS;SONORISATION;Ear Monitor;Fischer Amp;;5;FISCHER AMPS;
INCLINOMETRE;Inclinomètre LAP-TEQ PLUS•TEQSAS;SONORISATION;Micro;Pieds / Accessoires micro;;2;TEQSAS;
INTERCOM;Système 5 postes + centrale 1 circuit;SONORISATION;Intercomm / Talky;Intercom filaire;;2;;
INTERCOMHF;Centrale Intercom HF 1 canal-4 postes;SONORISATION;Intercomm / Talky;Intercom HF;;2;;
IPAD;IPAD APPLE 10;INFORMATIQUE;Ordinateurs;Ordinateurs;;2;APPLE;
IPNLAYER;IPN de levage pour tour layher • LAYHER;STRUCTURE;Layher;Kit Tour 2,57m;;24;LAYHER;
IRISDEC;Iris pour découpes • JULIAT;ECLAIRAGE;Traditionnel;Découpe;Entrepôt 1 : D3;19;JULIAT;
ISA220;Préampli/eq/comp • FOCUSRITE;SONORISATION;Périphérique;Préampli-Tube;Entrepôt 2 : M;1;FOCUSRITE;OT00955
JACK10;Jack instruments 10m•NEUTRICK;BACKLINE;Cablage;Jack instruments;E3;10;NEUTRICK;
JACK3;Jack instruments 3m•NEUTRICK;BACKLINE;Cablage;Jack instruments;E3;10;NEUTRICK;
JACK5;Jack instruments 5m•NEUTRICK;BACKLINE;Cablage;Jack instruments;E3;10;NEUTRICK;
JACK6;Jack instruments (coupe son) 6m•NEUTRICK;BACKLINE;Cablage;Jack instruments;E3;10;NEUTRICK;
JARAG5;Projecteur asservi 25 PAR30-JARAG-5 • CHROMLECH;ECLAIRAGE;Asservi;Effet;Entrepôt 2 : J4;12;CHROMLECH;
JOINTSECU;Joint de sécurité pour support plancher 2.57 • LAYHER;STRUCTURE;Layher;Echaffaudage;;14;LAYHER;
JOMOTILT;Support incliner pour Lyre Clay-Paky K10 / K20;ECLAIRAGE;Asservi;Accessoires asservis;Hors stock;8;;
K2;"Enceinte large bande ""WST"" 3 voies active • L'ACOUSTICS";SONORISATION;Enceinte;Enceinte;Entrepôt 1 : H;24;L-ACOUSTICS;
K20BEYE;Lyre led wash, 37 x 15W, zoom 4-60° • CLAY PAKY;ECLAIRAGE;Asservi;Wash;Entrepôt 1 : D2;1;CLAY PAKY;AG012241   - K04
K20BEYE;Lyre led wash, 37 x 15W, zoom 4-60° • CLAY PAKY;ECLAIRAGE;Asservi;Wash;Entrepôt 1 : D2;1;CLAY PAKY;AG012242   - K15
K20BEYE;Lyre led wash, 37 x 15W, zoom 4-60° • CLAY PAKY;ECLAIRAGE;Asservi;Wash;Entrepôt 1 : D2;1;CLAY PAKY;AG012243   - K02
K20BEYE;Lyre led wash, 37 x 15W, zoom 4-60° • CLAY PAKY;ECLAIRAGE;Asservi;Wash;Entrepôt 1 : D2;1;CLAY PAKY;AG012246   - K16
K20BEYE;Lyre led wash, 37 x 15W, zoom 4-60° • CLAY PAKY;ECLAIRAGE;Asservi;Wash;Entrepôt 1 : D2;1;CLAY PAKY;AH000030   - K05
K20BEYE;Lyre led wash, 37 x 15W, zoom 4-60° • CLAY PAKY;ECLAIRAGE;Asservi;Wash;Entrepôt 1 : D2;1;CLAY PAKY;AH000039   - K06
K20BEYE;Lyre led wash, 37 x 15W, zoom 4-60° • CLAY PAKY;ECLAIRAGE;Asservi;Wash;Entrepôt 1 : D2;1;CLAY PAKY;AH000040   - K09
K20BEYE;Lyre led wash, 37 x 15W, zoom 4-60° • CLAY PAKY;ECLAIRAGE;Asservi;Wash;Entrepôt 1 : D2;1;CLAY PAKY;AH000041   - K12
K20BEYE;Lyre led wash, 37 x 15W, zoom 4-60° • CLAY PAKY;ECLAIRAGE;Asservi;Wash;Entrepôt 1 : D2;1;CLAY PAKY;AH000058   - K08
K20BEYE;Lyre led wash, 37 x 15W, zoom 4-60° • CLAY PAKY;ECLAIRAGE;Asservi;Wash;Entrepôt 1 : D2;1;CLAY PAKY;AH000228   - K07
K20BEYE;Lyre led wash, 37 x 15W, zoom 4-60° • CLAY PAKY;ECLAIRAGE;Asservi;Wash;Entrepôt 1 : D2;1;CLAY PAKY;AH000229   - K13
K20BEYE;Lyre led wash, 37 x 15W, zoom 4-60° • CLAY PAKY;ECLAIRAGE;Asservi;Wash;Entrepôt 1 : D2;1;CLAY PAKY;AH000230   - K01
K20BEYE;Lyre led wash, 37 x 15W, zoom 4-60° • CLAY PAKY;ECLAIRAGE;Asservi;Wash;Entrepôt 1 : D2;1;CLAY PAKY;AH000232   - K10
K20BEYE;Lyre led wash, 37 x 15W, zoom 4-60° • CLAY PAKY;ECLAIRAGE;Asservi;Wash;Entrepôt 1 : D2;1;CLAY PAKY;AH000235   - K14
K20BEYE;Lyre led wash, 37 x 15W, zoom 4-60° • CLAY PAKY;ECLAIRAGE;Asservi;Wash;Entrepôt 1 : D2;1;CLAY PAKY;AH000236   - K03
K20BEYE;Lyre led wash, 37 x 15W, zoom 4-60° • CLAY PAKY;ECLAIRAGE;Asservi;Wash;Entrepôt 1 : D2;1;CLAY PAKY;AH000306   - K11
K2BAR;barre d'extension du K2 Bump • L'ACOUSTICS;SONORISATION;Enceinte;accessoire L-ACOUSTICS;Entrepôt 1 : G;4;L-ACOUSTICS;
K2BUMP;strucrure de levage du K2 • L'ACOUSTICS;SONORISATION;Enceinte;accessoire L-ACOUSTICS;Entrepôt 1 : G;4;L-ACOUSTICS;
KALIBRO;Cadre Berceau pour VP 600 x 600 mm;AUDIOVISUEL;Accessoires;Accroche;Entrepôt 1 : F2;1;;
KARA;Enceinte WST Modulaire 2 voies • L'ACOUSTICS;SONORISATION;Enceinte;Enceinte;Entrepôt 1 : H;1;L-ACOUSTICS;08954
KARA;Enceinte WST Modulaire 2 voies • L'ACOUSTICS;SONORISATION;Enceinte;Enceinte;Entrepôt 1 : H;1;L-ACOUSTICS;08976
KARA;Enceinte WST Modulaire 2 voies • L'ACOUSTICS;SONORISATION;Enceinte;Enceinte;Entrepôt 1 : H;1;L-ACOUSTICS;09027
KARA;Enceinte WST Modulaire 2 voies • L'ACOUSTICS;SONORISATION;Enceinte;Enceinte;Entrepôt 1 : H;1;L-ACOUSTICS;09036
KARA;Enceinte WST Modulaire 2 voies • L'ACOUSTICS;SONORISATION;Enceinte;Enceinte;Entrepôt 1 : H;1;L-ACOUSTICS;09037
KARA;Enceinte WST Modulaire 2 voies • L'ACOUSTICS;SONORISATION;Enceinte;Enceinte;Entrepôt 1 : H;1;L-ACOUSTICS;09042
KARA;Enceinte WST Modulaire 2 voies • L'ACOUSTICS;SONORISATION;Enceinte;Enceinte;Entrepôt 1 : H;1;L-ACOUSTICS;09053
KARA;Enceinte WST Modulaire 2 voies • L'ACOUSTICS;SONORISATION;Enceinte;Enceinte;Entrepôt 1 : H;1;L-ACOUSTICS;09061
KARA;Enceinte WST Modulaire 2 voies • L'ACOUSTICS;SONORISATION;Enceinte;Enceinte;Entrepôt 1 : H;1;L-ACOUSTICS;09066
KARA;Enceinte WST Modulaire 2 voies • L'ACOUSTICS;SONORISATION;Enceinte;Enceinte;Entrepôt 1 : H;1;L-ACOUSTICS;09070
KARA;Enceinte WST Modulaire 2 voies • L'ACOUSTICS;SONORISATION;Enceinte;Enceinte;Entrepôt 1 : H;1;L-ACOUSTICS;09077
KARA;Enceinte WST Modulaire 2 voies • L'ACOUSTICS;SONORISATION;Enceinte;Enceinte;Entrepôt 1 : H;1;L-ACOUSTICS;09078
KARA;Enceinte WST Modulaire 2 voies • L'ACOUSTICS;SONORISATION;Enceinte;Enceinte;Entrepôt 1 : H;1;L-ACOUSTICS;09079
KARA;Enceinte WST Modulaire 2 voies • L'ACOUSTICS;SONORISATION;Enceinte;Enceinte;Entrepôt 1 : H;1;L-ACOUSTICS;09081
KARA;Enceinte WST Modulaire 2 voies • L'ACOUSTICS;SONORISATION;Enceinte;Enceinte;Entrepôt 1 : H;1;L-ACOUSTICS;09091
KARA;Enceinte WST Modulaire 2 voies • L'ACOUSTICS;SONORISATION;Enceinte;Enceinte;Entrepôt 1 : H;1;L-ACOUSTICS;09092
KARA;Enceinte WST Modulaire 2 voies • L'ACOUSTICS;SONORISATION;Enceinte;Enceinte;Entrepôt 1 : H;1;L-ACOUSTICS;09093
KARA;Enceinte WST Modulaire 2 voies • L'ACOUSTICS;SONORISATION;Enceinte;Enceinte;Entrepôt 1 : H;1;L-ACOUSTICS;09094
KARA;Enceinte WST Modulaire 2 voies • L'ACOUSTICS;SONORISATION;Enceinte;Enceinte;Entrepôt 1 : H;1;L-ACOUSTICS;09095
KARA;Enceinte WST Modulaire 2 voies • L'ACOUSTICS;SONORISATION;Enceinte;Enceinte;Entrepôt 1 : H;1;L-ACOUSTICS;09096
KARA;Enceinte WST Modulaire 2 voies • L'ACOUSTICS;SONORISATION;Enceinte;Enceinte;Entrepôt 1 : H;1;L-ACOUSTICS;09097
KARA;Enceinte WST Modulaire 2 voies • L'ACOUSTICS;SONORISATION;Enceinte;Enceinte;Entrepôt 1 : H;1;L-ACOUSTICS;11743
KARA;Enceinte WST Modulaire 2 voies • L'ACOUSTICS;SONORISATION;Enceinte;Enceinte;Entrepôt 1 : H;1;L-ACOUSTICS;11744
KARA;Enceinte WST Modulaire 2 voies • L'ACOUSTICS;SONORISATION;Enceinte;Enceinte;Entrepôt 1 : H;1;L-ACOUSTICS;11745
KARA;Enceinte WST Modulaire 2 voies • L'ACOUSTICS;SONORISATION;Enceinte;Enceinte;Entrepôt 1 : H;1;L-ACOUSTICS;11746
KARA;Enceinte WST Modulaire 2 voies • L'ACOUSTICS;SONORISATION;Enceinte;Enceinte;Entrepôt 1 : H;1;L-ACOUSTICS;11747
KARA;Enceinte WST Modulaire 2 voies • L'ACOUSTICS;SONORISATION;Enceinte;Enceinte;Entrepôt 1 : H;1;L-ACOUSTICS;11748
KARA;Enceinte WST Modulaire 2 voies • L'ACOUSTICS;SONORISATION;Enceinte;Enceinte;Entrepôt 1 : H;1;L-ACOUSTICS;11776
KARA;Enceinte WST Modulaire 2 voies • L'ACOUSTICS;SONORISATION;Enceinte;Enceinte;Entrepôt 1 : H;1;L-ACOUSTICS;11777
KARA;Enceinte WST Modulaire 2 voies • L'ACOUSTICS;SONORISATION;Enceinte;Enceinte;Entrepôt 1 : H;1;L-ACOUSTICS;11778
KARA;Enceinte WST Modulaire 2 voies • L'ACOUSTICS;SONORISATION;Enceinte;Enceinte;Entrepôt 1 : H;1;L-ACOUSTICS;11779
KARA;Enceinte WST Modulaire 2 voies • L'ACOUSTICS;SONORISATION;Enceinte;Enceinte;Entrepôt 1 : H;1;L-ACOUSTICS;77015725
KARA;Enceinte WST Modulaire 2 voies • L'ACOUSTICS;SONORISATION;Enceinte;Enceinte;Entrepôt 1 : H;1;L-ACOUSTICS;77015736
KARA;Enceinte WST Modulaire 2 voies • L'ACOUSTICS;SONORISATION;Enceinte;Enceinte;Entrepôt 1 : H;1;L-ACOUSTICS;77015758
KARA;Enceinte WST Modulaire 2 voies • L'ACOUSTICS;SONORISATION;Enceinte;Enceinte;Entrepôt 1 : H;1;L-ACOUSTICS;77015759
KARA;Enceinte WST Modulaire 2 voies • L'ACOUSTICS;SONORISATION;Enceinte;Enceinte;Entrepôt 1 : H;1;L-ACOUSTICS;77015760
KARA;Enceinte WST Modulaire 2 voies • L'ACOUSTICS;SONORISATION;Enceinte;Enceinte;Entrepôt 1 : H;1;L-ACOUSTICS;77015761
KARA;Enceinte WST Modulaire 2 voies • L'ACOUSTICS;SONORISATION;Enceinte;Enceinte;Entrepôt 1 : H;1;L-ACOUSTICS;77015762
KARA;Enceinte WST Modulaire 2 voies • L'ACOUSTICS;SONORISATION;Enceinte;Enceinte;Entrepôt 1 : H;1;L-ACOUSTICS;77015763
KARA;Enceinte WST Modulaire 2 voies • L'ACOUSTICS;SONORISATION;Enceinte;Enceinte;Entrepôt 1 : H;1;L-ACOUSTICS;77015764
KARA;Enceinte WST Modulaire 2 voies • L'ACOUSTICS;SONORISATION;Enceinte;Enceinte;Entrepôt 1 : H;1;L-ACOUSTICS;77015765
KARA;Enceinte WST Modulaire 2 voies • L'ACOUSTICS;SONORISATION;Enceinte;Enceinte;Entrepôt 1 : H;1;L-ACOUSTICS;77015766
KARA;Enceinte WST Modulaire 2 voies • L'ACOUSTICS;SONORISATION;Enceinte;Enceinte;Entrepôt 1 : H;1;L-ACOUSTICS;77015768
KARA;Enceinte WST Modulaire 2 voies • L'ACOUSTICS;SONORISATION;Enceinte;Enceinte;Entrepôt 1 : H;1;L-ACOUSTICS;8954
KARA;Enceinte WST Modulaire 2 voies • L'ACOUSTICS;SONORISATION;Enceinte;Enceinte;Entrepôt 1 : H;1;L-ACOUSTICS;8976
KARA;Enceinte WST Modulaire 2 voies • L'ACOUSTICS;SONORISATION;Enceinte;Enceinte;Entrepôt 1 : H;1;L-ACOUSTICS;9027
KARA;Enceinte WST Modulaire 2 voies • L'ACOUSTICS;SONORISATION;Enceinte;Enceinte;Entrepôt 1 : H;1;L-ACOUSTICS;9036
KARA;Enceinte WST Modulaire 2 voies • L'ACOUSTICS;SONORISATION;Enceinte;Enceinte;Entrepôt 1 : H;1;L-ACOUSTICS;9037
KARA;Enceinte WST Modulaire 2 voies • L'ACOUSTICS;SONORISATION;Enceinte;Enceinte;Entrepôt 1 : H;1;L-ACOUSTICS;9042
KARA;Enceinte WST Modulaire 2 voies • L'ACOUSTICS;SONORISATION;Enceinte;Enceinte;Entrepôt 1 : H;1;L-ACOUSTICS;9053
KARA;Enceinte WST Modulaire 2 voies • L'ACOUSTICS;SONORISATION;Enceinte;Enceinte;Entrepôt 1 : H;1;L-ACOUSTICS;9061
KARA;Enceinte WST Modulaire 2 voies • L'ACOUSTICS;SONORISATION;Enceinte;Enceinte;Entrepôt 1 : H;1;L-ACOUSTICS;9066
KARA;Enceinte WST Modulaire 2 voies • L'ACOUSTICS;SONORISATION;Enceinte;Enceinte;Entrepôt 1 : H;1;L-ACOUSTICS;9070
KARA;Enceinte WST Modulaire 2 voies • L'ACOUSTICS;SONORISATION;Enceinte;Enceinte;Entrepôt 1 : H;1;L-ACOUSTICS;9077
KARA;Enceinte WST Modulaire 2 voies • L'ACOUSTICS;SONORISATION;Enceinte;Enceinte;Entrepôt 1 : H;1;L-ACOUSTICS;9078
KARA;Enceinte WST Modulaire 2 voies • L'ACOUSTICS;SONORISATION;Enceinte;Enceinte;Entrepôt 1 : H;1;L-ACOUSTICS;9079
KARA;Enceinte WST Modulaire 2 voies • L'ACOUSTICS;SONORISATION;Enceinte;Enceinte;Entrepôt 1 : H;1;L-ACOUSTICS;9081
KARA;Enceinte WST Modulaire 2 voies • L'ACOUSTICS;SONORISATION;Enceinte;Enceinte;Entrepôt 1 : H;1;L-ACOUSTICS;9091
KARA;Enceinte WST Modulaire 2 voies • L'ACOUSTICS;SONORISATION;Enceinte;Enceinte;Entrepôt 1 : H;1;L-ACOUSTICS;9092
KARA;Enceinte WST Modulaire 2 voies • L'ACOUSTICS;SONORISATION;Enceinte;Enceinte;Entrepôt 1 : H;1;L-ACOUSTICS;9093
KARA;Enceinte WST Modulaire 2 voies • L'ACOUSTICS;SONORISATION;Enceinte;Enceinte;Entrepôt 1 : H;1;L-ACOUSTICS;9094
KARA;Enceinte WST Modulaire 2 voies • L'ACOUSTICS;SONORISATION;Enceinte;Enceinte;Entrepôt 1 : H;1;L-ACOUSTICS;9095
KARA;Enceinte WST Modulaire 2 voies • L'ACOUSTICS;SONORISATION;Enceinte;Enceinte;Entrepôt 1 : H;1;L-ACOUSTICS;9096
KARA;Enceinte WST Modulaire 2 voies • L'ACOUSTICS;SONORISATION;Enceinte;Enceinte;Entrepôt 1 : H;1;L-ACOUSTICS;9097
KARA;Enceinte WST Modulaire 2 voies • L'ACOUSTICS;SONORISATION;Enceinte;Enceinte;Entrepôt 1 : H;8;L-ACOUSTICS;
KARA DOWN K2;Levage KARA sous K2;SONORISATION;Enceinte;accessoire L-ACOUSTICS;Entrepôt 1 : G;1;L-ACOUSTICS;1560001416
KARA DOWN K2;Levage KARA sous K2;SONORISATION;Enceinte;accessoire L-ACOUSTICS;Entrepôt 1 : G;1;L-ACOUSTICS;1560001425
KARABUMP;Bumper KARA/SB18 • L'ACOUSTICS;SONORISATION;Enceinte;accessoire L-ACOUSTICS;;10;L-ACOUSTICS;
KIBU;Bumper KIVA • L'ACOUSTICS;SONORISATION;Enceinte;accessoire L-ACOUSTICS;Entrepôt 1 : G;1;L-ACOUSTICS;3212
KIBU;Bumper KIVA • L'ACOUSTICS;SONORISATION;Enceinte;accessoire L-ACOUSTICS;Entrepôt 1 : G;1;L-ACOUSTICS;3213
KIBU;Bumper KIVA • L'ACOUSTICS;SONORISATION;Enceinte;accessoire L-ACOUSTICS;Entrepôt 1 : G;2;L-ACOUSTICS;
KIET;Bumper KIVA sur pied • L'ACOUSTICS;SONORISATION;Enceinte;accessoire L-ACOUSTICS;Entrepôt 1 : G;1;L-ACOUSTICS;2103
KIET;Bumper KIVA sur pied • L'ACOUSTICS;SONORISATION;Enceinte;accessoire L-ACOUSTICS;Entrepôt 1 : G;1;L-ACOUSTICS;2104
KIET;Bumper KIVA sur pied • L'ACOUSTICS;SONORISATION;Enceinte;accessoire L-ACOUSTICS;Entrepôt 1 : G;2;L-ACOUSTICS;
KILO;"Renfort de grave 1 x 12"" • L'ACOUSTICS";SONORISATION;Enceinte;Enceinte;Entrepôt 2 : M;4;L-ACOUSTICS;
KIVA;Enceinte WST passive 2 voies • L'ACOUSTICS;SONORISATION;Enceinte;Enceinte;Entrepôt 2 : M;1;L-ACOUSTICS;11131
KIVA;Enceinte WST passive 2 voies • L'ACOUSTICS;SONORISATION;Enceinte;Enceinte;Entrepôt 2 : M;1;L-ACOUSTICS;11132
KIVA;Enceinte WST passive 2 voies • L'ACOUSTICS;SONORISATION;Enceinte;Enceinte;Entrepôt 2 : M;1;L-ACOUSTICS;11133
KIVA;Enceinte WST passive 2 voies • L'ACOUSTICS;SONORISATION;Enceinte;Enceinte;Entrepôt 2 : M;1;L-ACOUSTICS;11134
KIVA;Enceinte WST passive 2 voies • L'ACOUSTICS;SONORISATION;Enceinte;Enceinte;Entrepôt 2 : M;1;L-ACOUSTICS;11135
KIVA;Enceinte WST passive 2 voies • L'ACOUSTICS;SONORISATION;Enceinte;Enceinte;Entrepôt 2 : M;1;L-ACOUSTICS;11136
KIVA;Enceinte WST passive 2 voies • L'ACOUSTICS;SONORISATION;Enceinte;Enceinte;Entrepôt 2 : M;1;L-ACOUSTICS;11137
KIVA;Enceinte WST passive 2 voies • L'ACOUSTICS;SONORISATION;Enceinte;Enceinte;Entrepôt 2 : M;1;L-ACOUSTICS;11138
KIVA;Enceinte WST passive 2 voies • L'ACOUSTICS;SONORISATION;Enceinte;Enceinte;Entrepôt 2 : M;1;L-ACOUSTICS;6289
KIVA;Enceinte WST passive 2 voies • L'ACOUSTICS;SONORISATION;Enceinte;Enceinte;Entrepôt 2 : M;1;L-ACOUSTICS;6290
KIVA;Enceinte WST passive 2 voies • L'ACOUSTICS;SONORISATION;Enceinte;Enceinte;Entrepôt 2 : M;1;L-ACOUSTICS;6291
KIVA;Enceinte WST passive 2 voies • L'ACOUSTICS;SONORISATION;Enceinte;Enceinte;Entrepôt 2 : M;1;L-ACOUSTICS;6292
KIVA;Enceinte WST passive 2 voies • L'ACOUSTICS;SONORISATION;Enceinte;Enceinte;Entrepôt 2 : M;1;L-ACOUSTICS;6293
KIVA;Enceinte WST passive 2 voies • L'ACOUSTICS;SONORISATION;Enceinte;Enceinte;Entrepôt 2 : M;1;L-ACOUSTICS;6294
KIVA;Enceinte WST passive 2 voies • L'ACOUSTICS;SONORISATION;Enceinte;Enceinte;Entrepôt 2 : M;1;L-ACOUSTICS;6295
KIVA;Enceinte WST passive 2 voies • L'ACOUSTICS;SONORISATION;Enceinte;Enceinte;Entrepôt 2 : M;1;L-ACOUSTICS;6296
KM184;Micro statique KM184 • NEUMANN;SONORISATION;Micro;Micro statique;Entrepôt 2 : N;24;NEUMANN;
KMS105;Micro voix cardioide KMS105 • NEUMANN;SONORISATION;Micro;Micro statique;Entrepôt 2 : N;4;NEUMANN;
KS21;Subwoofer compact haute puissance : 1x21'' • L'ACOUSTICS;SONORISATION;Enceinte;Enceinte;;6;L-ACOUSTICS;
KS21-CHARIOT;Chariot pour 3 x KS21;SONORISATION;Enceinte;accessoire L-ACOUSTICS;;1;;2010001463
KS21-CHARIOT;Chariot pour 3 x KS21;SONORISATION;Enceinte;accessoire L-ACOUSTICS;;1;;2010001464
KS21-CHARIOTCOV;Housse de protection pour 2 ou 3 KS21 sur KS21-chariot;SONORISATION;Enceinte;accessoire L-ACOUSTICS;;2;;
KS21-OUTRIGG;Barre stabilisatrice pour KS21 • L'ACOUSTICS;SONORISATION;Enceinte;accessoire L-ACOUSTICS;;4;L-ACOUSTICS;
KS28;Renfort de grave accrochable 2 x 18'' • L'ACOUSTICS;SONORISATION;Enceinte;Enceinte;Entrepôt 1 : H;1;L-ACOUSTICS;1320009851
KS28;Renfort de grave accrochable 2 x 18'' • L'ACOUSTICS;SONORISATION;Enceinte;Enceinte;Entrepôt 1 : H;1;L-ACOUSTICS;1320009852
KS28;Renfort de grave accrochable 2 x 18'' • L'ACOUSTICS;SONORISATION;Enceinte;Enceinte;Entrepôt 1 : H;1;L-ACOUSTICS;1320009853
KS28;Renfort de grave accrochable 2 x 18'' • L'ACOUSTICS;SONORISATION;Enceinte;Enceinte;Entrepôt 1 : H;1;L-ACOUSTICS;1320009854
KS28;Renfort de grave accrochable 2 x 18'' • L'ACOUSTICS;SONORISATION;Enceinte;Enceinte;Entrepôt 1 : H;1;L-ACOUSTICS;1320009862
KS28;Renfort de grave accrochable 2 x 18'' • L'ACOUSTICS;SONORISATION;Enceinte;Enceinte;Entrepôt 1 : H;1;L-ACOUSTICS;1320009864
KS28;Renfort de grave accrochable 2 x 18'' • L'ACOUSTICS;SONORISATION;Enceinte;Enceinte;Entrepôt 1 : H;1;L-ACOUSTICS;1320009871
KS28;Renfort de grave accrochable 2 x 18'' • L'ACOUSTICS;SONORISATION;Enceinte;Enceinte;Entrepôt 1 : H;1;L-ACOUSTICS;1320009872
KS28;Renfort de grave accrochable 2 x 18'' • L'ACOUSTICS;SONORISATION;Enceinte;Enceinte;Entrepôt 1 : H;1;L-ACOUSTICS;1320036115
KS28;Renfort de grave accrochable 2 x 18'' • L'ACOUSTICS;SONORISATION;Enceinte;Enceinte;Entrepôt 1 : H;1;L-ACOUSTICS;1320036116
KS28;Renfort de grave accrochable 2 x 18'' • L'ACOUSTICS;SONORISATION;Enceinte;Enceinte;Entrepôt 1 : H;1;L-ACOUSTICS;1320036129
KS28;Renfort de grave accrochable 2 x 18'' • L'ACOUSTICS;SONORISATION;Enceinte;Enceinte;Entrepôt 1 : H;1;L-ACOUSTICS;1320036129143
KS28;Renfort de grave accrochable 2 x 18'' • L'ACOUSTICS;SONORISATION;Enceinte;Enceinte;Entrepôt 1 : H;1;L-ACOUSTICS;1320036135
KS28;Renfort de grave accrochable 2 x 18'' • L'ACOUSTICS;SONORISATION;Enceinte;Enceinte;Entrepôt 1 : H;1;L-ACOUSTICS;1320036144
KS28;Renfort de grave accrochable 2 x 18'' • L'ACOUSTICS;SONORISATION;Enceinte;Enceinte;Entrepôt 1 : H;1;L-ACOUSTICS;KS28_1_000015
KS28;Renfort de grave accrochable 2 x 18'' • L'ACOUSTICS;SONORISATION;Enceinte;Enceinte;Entrepôt 1 : H;1;L-ACOUSTICS;KS28_1_000016
KS28;Renfort de grave accrochable 2 x 18'' • L'ACOUSTICS;SONORISATION;Enceinte;Enceinte;Entrepôt 1 : H;1;L-ACOUSTICS;KS28_1_000017
KS28;Renfort de grave accrochable 2 x 18'' • L'ACOUSTICS;SONORISATION;Enceinte;Enceinte;Entrepôt 1 : H;1;L-ACOUSTICS;KS28_1_000018
KS28-CHARIOT;Chariot pour 4 x KS28;SONORISATION;Enceinte;accessoire L-ACOUSTICS;;2;;
KS28-CHARIOTCOV;Housse de protection pour 3 ou 4 KS28 sur KS28-chariot;SONORISATION;Enceinte;accessoire L-ACOUSTICS;;2;;
KS28-COV;Housse de protection pour 1 KS28;SONORISATION;Enceinte;Enceinte;;6;;
KS28-PLA;Plateau pour 1 KS28;SONORISATION;Enceinte;Enceinte;;6;;
KSBUMP;Bumper pour KS 28 • L'ACOUSTICS;SONORISATION;Enceinte;accessoire L-ACOUSTICS;;2;L-ACOUSTICS;
KSM137;Micro statique à condensateur • SHURE;SONORISATION;Micro;Micro statique;Entrepôt 2 : N;24;SHURE;
KSM32;Shure micro statique cardio large membrane • SHURE;SONORISATION;Micro;Micro statique;Entrepôt 2 : N;1;SHURE;
LA12X;Amplificateur processé 4x2600W • L'ACOUSTICS;SONORISATION;Amplification;Ampli;Entrepôt 1 : G;1;L-ACOUSTICS;1140013199
LA12X;Amplificateur processé 4x2600W • L'ACOUSTICS;SONORISATION;Amplification;Ampli;Entrepôt 1 : G;1;L-ACOUSTICS;1140013204
LA12X;Amplificateur processé 4x2600W • L'ACOUSTICS;SONORISATION;Amplification;Ampli;Entrepôt 1 : G;1;L-ACOUSTICS;1140013205
LA12X;Amplificateur processé 4x2600W • L'ACOUSTICS;SONORISATION;Amplification;Ampli;Entrepôt 1 : G;1;L-ACOUSTICS;1140013424
LA12X;Amplificateur processé 4x2600W • L'ACOUSTICS;SONORISATION;Amplification;Ampli;Entrepôt 1 : G;1;L-ACOUSTICS;1140013425
LA12X;Amplificateur processé 4x2600W • L'ACOUSTICS;SONORISATION;Amplification;Ampli;Entrepôt 1 : G;1;L-ACOUSTICS;1140013438
LA12X;Amplificateur processé 4x2600W • L'ACOUSTICS;SONORISATION;Amplification;Ampli;Entrepôt 1 : G;1;L-ACOUSTICS;1140013448
LA12X;Amplificateur processé 4x2600W • L'ACOUSTICS;SONORISATION;Amplification;Ampli;Entrepôt 1 : G;1;L-ACOUSTICS;1140013449
LA12X;Amplificateur processé 4x2600W • L'ACOUSTICS;SONORISATION;Amplification;Ampli;Entrepôt 1 : G;1;L-ACOUSTICS;1140013450
LA12X;Amplificateur processé 4x2600W • L'ACOUSTICS;SONORISATION;Amplification;Ampli;Entrepôt 1 : G;1;L-ACOUSTICS;1140013817
LA12X;Amplificateur processé 4x2600W • L'ACOUSTICS;SONORISATION;Amplification;Ampli;Entrepôt 1 : G;1;L-ACOUSTICS;1140013844
LA12X;Amplificateur processé 4x2600W • L'ACOUSTICS;SONORISATION;Amplification;Ampli;Entrepôt 1 : G;1;L-ACOUSTICS;1140013845
LA12X;Amplificateur processé 4x2600W • L'ACOUSTICS;SONORISATION;Amplification;Ampli;Entrepôt 1 : G;1;L-ACOUSTICS;1140013864
LA12X;Amplificateur processé 4x2600W • L'ACOUSTICS;SONORISATION;Amplification;Ampli;Entrepôt 1 : G;1;L-ACOUSTICS;1140013865
LA12X;Amplificateur processé 4x2600W • L'ACOUSTICS;SONORISATION;Amplification;Ampli;Entrepôt 1 : G;1;L-ACOUSTICS;1140013867
LA12X;Amplificateur processé 4x2600W • L'ACOUSTICS;SONORISATION;Amplification;Ampli;Entrepôt 1 : G;1;L-ACOUSTICS;1140040734
LA12X;Amplificateur processé 4x2600W • L'ACOUSTICS;SONORISATION;Amplification;Ampli;Entrepôt 1 : G;1;L-ACOUSTICS;1140044083
LA12X;Amplificateur processé 4x2600W • L'ACOUSTICS;SONORISATION;Amplification;Ampli;Entrepôt 1 : G;1;L-ACOUSTICS;1140044124
LA12X;Amplificateur processé 4x2600W • L'ACOUSTICS;SONORISATION;Amplification;Ampli;Entrepôt 1 : G;1;L-ACOUSTICS;1140044167
LA12X;Amplificateur processé 4x2600W • L'ACOUSTICS;SONORISATION;Amplification;Ampli;Entrepôt 1 : G;1;L-ACOUSTICS;1140044169
LA12X;Amplificateur processé 4x2600W • L'ACOUSTICS;SONORISATION;Amplification;Ampli;Entrepôt 1 : G;1;L-ACOUSTICS;1140044170
LA12X;Amplificateur processé 4x2600W • L'ACOUSTICS;SONORISATION;Amplification;Ampli;Entrepôt 1 : G;1;L-ACOUSTICS;1140044346
LA12X;Amplificateur processé 4x2600W • L'ACOUSTICS;SONORISATION;Amplification;Ampli;Entrepôt 1 : G;1;L-ACOUSTICS;1140049027
LA12X;Amplificateur processé 4x2600W • L'ACOUSTICS;SONORISATION;Amplification;Ampli;Entrepôt 1 : G;1;L-ACOUSTICS;1140049028
LA12X;Amplificateur processé 4x2600W • L'ACOUSTICS;SONORISATION;Amplification;Ampli;Entrepôt 1 : G;1;L-ACOUSTICS;1140049048
LA12X;Amplificateur processé 4x2600W • L'ACOUSTICS;SONORISATION;Amplification;Ampli;Entrepôt 1 : G;1;L-ACOUSTICS;1140049049
LA12X;Amplificateur processé 4x2600W • L'ACOUSTICS;SONORISATION;Amplification;Ampli;Entrepôt 1 : G;1;L-ACOUSTICS;1140049050
LA12X;Amplificateur processé 4x2600W • L'ACOUSTICS;SONORISATION;Amplification;Ampli;Entrepôt 1 : G;1;L-ACOUSTICS;1140049051
LA12X;Amplificateur processé 4x2600W • L'ACOUSTICS;SONORISATION;Amplification;Ampli;Entrepôt 1 : G;1;L-ACOUSTICS;1140049056
LA12X;Amplificateur processé 4x2600W • L'ACOUSTICS;SONORISATION;Amplification;Ampli;Entrepôt 1 : G;1;L-ACOUSTICS;1140049057
LA12X;Amplificateur processé 4x2600W • L'ACOUSTICS;SONORISATION;Amplification;Ampli;Entrepôt 1 : G;1;L-ACOUSTICS;1140049064
LA12X;Amplificateur processé 4x2600W • L'ACOUSTICS;SONORISATION;Amplification;Ampli;Entrepôt 1 : G;1;L-ACOUSTICS;1140049076
LA12X;Amplificateur processé 4x2600W • L'ACOUSTICS;SONORISATION;Amplification;Ampli;Entrepôt 1 : G;1;L-ACOUSTICS;1140049077
LA12X;Amplificateur processé 4x2600W • L'ACOUSTICS;SONORISATION;Amplification;Ampli;Entrepôt 1 : G;1;L-ACOUSTICS;1140049078
LA12X;Amplificateur processé 4x2600W • L'ACOUSTICS;SONORISATION;Amplification;Ampli;Entrepôt 1 : G;1;L-ACOUSTICS;1140049079
LA12X;Amplificateur processé 4x2600W • L'ACOUSTICS;SONORISATION;Amplification;Ampli;Entrepôt 1 : G;1;L-ACOUSTICS;1140049119
LA12X;Amplificateur processé 4x2600W • L'ACOUSTICS;SONORISATION;Amplification;Ampli;Entrepôt 1 : G;1;L-ACOUSTICS;1140049120
LA12X;Amplificateur processé 4x2600W • L'ACOUSTICS;SONORISATION;Amplification;Ampli;Entrepôt 1 : G;1;L-ACOUSTICS;1140049121
LA12X;Amplificateur processé 4x2600W • L'ACOUSTICS;SONORISATION;Amplification;Ampli;Entrepôt 1 : G;1;L-ACOUSTICS;1140049122
LA12X;Amplificateur processé 4x2600W • L'ACOUSTICS;SONORISATION;Amplification;Ampli;Entrepôt 1 : G;1;L-ACOUSTICS;1140049126
LA12X;Amplificateur processé 4x2600W • L'ACOUSTICS;SONORISATION;Amplification;Ampli;Entrepôt 1 : G;1;L-ACOUSTICS;LA12X_1_22
LA12X;Amplificateur processé 4x2600W • L'ACOUSTICS;SONORISATION;Amplification;Ampli;Entrepôt 1 : G;1;L-ACOUSTICS;LA12X_1_23
LA12X;Amplificateur processé 4x2600W • L'ACOUSTICS;SONORISATION;Amplification;Ampli;Entrepôt 1 : G;1;L-ACOUSTICS;LA12X_1_24
LA12X;Amplificateur processé 4x2600W • L'ACOUSTICS;SONORISATION;Amplification;Ampli;Entrepôt 1 : G;1;L-ACOUSTICS;LA12X_1_25
LA12X;Amplificateur processé 4x2600W • L'ACOUSTICS;SONORISATION;Amplification;Ampli;Entrepôt 1 : G;1;L-ACOUSTICS;LA12X_1_26
LA12X;Amplificateur processé 4x2600W • L'ACOUSTICS;SONORISATION;Amplification;Ampli;Entrepôt 1 : G;1;L-ACOUSTICS;LA12X_1_27
LA12X;Amplificateur processé 4x2600W • L'ACOUSTICS;SONORISATION;Amplification;Ampli;Entrepôt 1 : G;1;L-ACOUSTICS;LA12X_1_28
LA12X;Amplificateur processé 4x2600W • L'ACOUSTICS;SONORISATION;Amplification;Ampli;Entrepôt 1 : G;1;L-ACOUSTICS;LA12X_1_29
LA12X;Amplificateur processé 4x2600W • L'ACOUSTICS;SONORISATION;Amplification;Ampli;Entrepôt 1 : G;1;L-ACOUSTICS;LA12X_1_30
LA4;Amplificateur processé 4x1000W • L'ACOUSTICS;SONORISATION;Amplification;Ampli;Hors stock;1;L-ACOUSTICS;*5100114
LA4;Amplificateur processé 4x1000W • L'ACOUSTICS;SONORISATION;Amplification;Ampli;Hors stock;1;L-ACOUSTICS;5100019
LA4;Amplificateur processé 4x1000W • L'ACOUSTICS;SONORISATION;Amplification;Ampli;Hors stock;1;L-ACOUSTICS;5100112
LA4;Amplificateur processé 4x1000W • L'ACOUSTICS;SONORISATION;Amplification;Ampli;Hors stock;1;L-ACOUSTICS;5100436
LA4;Amplificateur processé 4x1000W • L'ACOUSTICS;SONORISATION;Amplification;Ampli;Hors stock;1;L-ACOUSTICS;5102151
LA4;Amplificateur processé 4x1000W • L'ACOUSTICS;SONORISATION;Amplification;Ampli;Hors stock;1;L-ACOUSTICS;5102552
LA4;Amplificateur processé 4x1000W • L'ACOUSTICS;SONORISATION;Amplification;Ampli;Hors stock;1;L-ACOUSTICS;5102553
LA4;Amplificateur processé 4x1000W • L'ACOUSTICS;SONORISATION;Amplification;Ampli;Hors stock;1;L-ACOUSTICS;5102557
LA4;Amplificateur processé 4x1000W • L'ACOUSTICS;SONORISATION;Amplification;Ampli;Hors stock;1;L-ACOUSTICS;5102682
LA4;Amplificateur processé 4x1000W • L'ACOUSTICS;SONORISATION;Amplification;Ampli;Hors stock;1;L-ACOUSTICS;5102704
LA4X;Amplificateur processé 4x1000W • L'ACOUSTICS;SONORISATION;Amplification;Ampli;;1;L-ACOUSTICS;1180042631
LA4X;Amplificateur processé 4x1000W • L'ACOUSTICS;SONORISATION;Amplification;Ampli;;1;L-ACOUSTICS;1180042633
LA4X;Amplificateur processé 4x1000W • L'ACOUSTICS;SONORISATION;Amplification;Ampli;;1;L-ACOUSTICS;1180042635
LA4X;Amplificateur processé 4x1000W • L'ACOUSTICS;SONORISATION;Amplification;Ampli;;1;L-ACOUSTICS;1180042637
LA4X;Amplificateur processé 4x1000W • L'ACOUSTICS;SONORISATION;Amplification;Ampli;;1;L-ACOUSTICS;1180042647
LA4X;Amplificateur processé 4x1000W • L'ACOUSTICS;SONORISATION;Amplification;Ampli;;1;L-ACOUSTICS;1180042649
LA4X;Amplificateur processé 4x1000W • L'ACOUSTICS;SONORISATION;Amplification;Ampli;;1;L-ACOUSTICS;1180055352
LA4X;Amplificateur processé 4x1000W • L'ACOUSTICS;SONORISATION;Amplification;Ampli;;1;L-ACOUSTICS;1180055510
LA4X;Amplificateur processé 4x1000W • L'ACOUSTICS;SONORISATION;Amplification;Ampli;;1;L-ACOUSTICS;1180055853
LA4X;Amplificateur processé 4x1000W • L'ACOUSTICS;SONORISATION;Amplification;Ampli;;1;L-ACOUSTICS;1180056274
LA4X;Amplificateur processé 4x1000W • L'ACOUSTICS;SONORISATION;Amplification;Ampli;;1;L-ACOUSTICS;1180056501
LA4X;Amplificateur processé 4x1000W • L'ACOUSTICS;SONORISATION;Amplification;Ampli;;1;L-ACOUSTICS;1180056608
LA4X;Amplificateur processé 4x1000W • L'ACOUSTICS;SONORISATION;Amplification;Ampli;;1;L-ACOUSTICS;1180056609
LA4X;Amplificateur processé 4x1000W • L'ACOUSTICS;SONORISATION;Amplification;Ampli;;1;L-ACOUSTICS;1180056610
LA4X;Amplificateur processé 4x1000W • L'ACOUSTICS;SONORISATION;Amplification;Ampli;;1;L-ACOUSTICS;1180056611
LA4X;Amplificateur processé 4x1000W • L'ACOUSTICS;SONORISATION;Amplification;Ampli;;1;L-ACOUSTICS;1180056612
LA4X;Amplificateur processé 4x1000W • L'ACOUSTICS;SONORISATION;Amplification;Ampli;;1;L-ACOUSTICS;1180056613
LA4X;Amplificateur processé 4x1000W • L'ACOUSTICS;SONORISATION;Amplification;Ampli;;1;L-ACOUSTICS;1180056614
LA4X;Amplificateur processé 4x1000W • L'ACOUSTICS;SONORISATION;Amplification;Ampli;;1;L-ACOUSTICS;1180056616
LA4X;Amplificateur processé 4x1000W • L'ACOUSTICS;SONORISATION;Amplification;Ampli;;1;L-ACOUSTICS;1180056617
LA4X;Amplificateur processé 4x1000W • L'ACOUSTICS;SONORISATION;Amplification;Ampli;;1;L-ACOUSTICS;1180056625
LA4X;Amplificateur processé 4x1000W • L'ACOUSTICS;SONORISATION;Amplification;Ampli;;1;L-ACOUSTICS;1180065606
LA8;Amplificateur processé 4x1800W • L'ACOUSTICS;SONORISATION;Amplification;Ampli;;1;L-ACOUSTICS;52010750
LA8;Amplificateur processé 4x1800W • L'ACOUSTICS;SONORISATION;Amplification;Ampli;;1;L-ACOUSTICS;52010752
LA8;Amplificateur processé 4x1800W • L'ACOUSTICS;SONORISATION;Amplification;Ampli;;1;L-ACOUSTICS;52010756
LA8;Amplificateur processé 4x1800W • L'ACOUSTICS;SONORISATION;Amplification;Ampli;;1;L-ACOUSTICS;52010759
LA8;Amplificateur processé 4x1800W • L'ACOUSTICS;SONORISATION;Amplification;Ampli;;1;L-ACOUSTICS;52010763
LA8;Amplificateur processé 4x1800W • L'ACOUSTICS;SONORISATION;Amplification;Ampli;;1;L-ACOUSTICS;52010764
LA8;Amplificateur processé 4x1800W • L'ACOUSTICS;SONORISATION;Amplification;Ampli;;1;L-ACOUSTICS;52010765
LA8;Amplificateur processé 4x1800W • L'ACOUSTICS;SONORISATION;Amplification;Ampli;;1;L-ACOUSTICS;52010768
LA8;Amplificateur processé 4x1800W • L'ACOUSTICS;SONORISATION;Amplification;Ampli;;1;L-ACOUSTICS;52010769
LA8;Amplificateur processé 4x1800W • L'ACOUSTICS;SONORISATION;Amplification;Ampli;;1;L-ACOUSTICS;52011036
LA8;Amplificateur processé 4x1800W • L'ACOUSTICS;SONORISATION;Amplification;Ampli;;1;L-ACOUSTICS;52011037
LA8;Amplificateur processé 4x1800W • L'ACOUSTICS;SONORISATION;Amplification;Ampli;;1;L-ACOUSTICS;52011048
LA8;Amplificateur processé 4x1800W • L'ACOUSTICS;SONORISATION;Amplification;Ampli;;1;L-ACOUSTICS;52011049
LA8;Amplificateur processé 4x1800W • L'ACOUSTICS;SONORISATION;Amplification;Ampli;;1;L-ACOUSTICS;52011052
LA8;Amplificateur processé 4x1800W • L'ACOUSTICS;SONORISATION;Amplification;Ampli;;1;L-ACOUSTICS;52011053
LA8;Amplificateur processé 4x1800W • L'ACOUSTICS;SONORISATION;Amplification;Ampli;;1;L-ACOUSTICS;52011055
LA8;Amplificateur processé 4x1800W • L'ACOUSTICS;SONORISATION;Amplification;Ampli;;1;L-ACOUSTICS;52011070
LA8;Amplificateur processé 4x1800W • L'ACOUSTICS;SONORISATION;Amplification;Ampli;;1;L-ACOUSTICS;52011100
LA8;Amplificateur processé 4x1800W • L'ACOUSTICS;SONORISATION;Amplification;Ampli;;1;L-ACOUSTICS;52011101
LA8;Amplificateur processé 4x1800W • L'ACOUSTICS;SONORISATION;Amplification;Ampli;;1;L-ACOUSTICS;52011202
LA8;Amplificateur processé 4x1800W • L'ACOUSTICS;SONORISATION;Amplification;Ampli;;1;L-ACOUSTICS;52011203
LA8;Amplificateur processé 4x1800W • L'ACOUSTICS;SONORISATION;Amplification;Ampli;;1;L-ACOUSTICS;5201903
LA8;Amplificateur processé 4x1800W • L'ACOUSTICS;SONORISATION;Amplification;Ampli;;1;L-ACOUSTICS;5201906
LA8;Amplificateur processé 4x1800W • L'ACOUSTICS;SONORISATION;Amplification;Ampli;;1;L-ACOUSTICS;5201914
LA8;Amplificateur processé 4x1800W • L'ACOUSTICS;SONORISATION;Amplification;Ampli;;1;L-ACOUSTICS;5201925
LA8;Amplificateur processé 4x1800W • L'ACOUSTICS;SONORISATION;Amplification;Ampli;;1;L-ACOUSTICS;5201953
LA8;Amplificateur processé 4x1800W • L'ACOUSTICS;SONORISATION;Amplification;Ampli;;1;L-ACOUSTICS;5201959
LA8;Amplificateur processé 4x1800W • L'ACOUSTICS;SONORISATION;Amplification;Ampli;;1;L-ACOUSTICS;5202023
LA8;Amplificateur processé 4x1800W • L'ACOUSTICS;SONORISATION;Amplification;Ampli;;1;L-ACOUSTICS;5202030
LA8;Amplificateur processé 4x1800W • L'ACOUSTICS;SONORISATION;Amplification;Ampli;;1;L-ACOUSTICS;5202033
LA8;Amplificateur processé 4x1800W • L'ACOUSTICS;SONORISATION;Amplification;Ampli;;1;L-ACOUSTICS;5202436
LA8;Amplificateur processé 4x1800W • L'ACOUSTICS;SONORISATION;Amplification;Ampli;;1;L-ACOUSTICS;5202437
LA8;Amplificateur processé 4x1800W • L'ACOUSTICS;SONORISATION;Amplification;Ampli;;1;L-ACOUSTICS;5202438
LA8;Amplificateur processé 4x1800W • L'ACOUSTICS;SONORISATION;Amplification;Ampli;;1;L-ACOUSTICS;5202439
LA8;Amplificateur processé 4x1800W • L'ACOUSTICS;SONORISATION;Amplification;Ampli;;1;L-ACOUSTICS;5202440
LA8;Amplificateur processé 4x1800W • L'ACOUSTICS;SONORISATION;Amplification;Ampli;;1;L-ACOUSTICS;5203196
LA8;Amplificateur processé 4x1800W • L'ACOUSTICS;SONORISATION;Amplification;Ampli;;1;L-ACOUSTICS;5203197
LA8;Amplificateur processé 4x1800W • L'ACOUSTICS;SONORISATION;Amplification;Ampli;;1;L-ACOUSTICS;5206449
LA8;Amplificateur processé 4x1800W • L'ACOUSTICS;SONORISATION;Amplification;Ampli;;1;L-ACOUSTICS;5206455
LA8;Amplificateur processé 4x1800W • L'ACOUSTICS;SONORISATION;Amplification;Ampli;;1;L-ACOUSTICS;5206476
LA8;Amplificateur processé 4x1800W • L'ACOUSTICS;SONORISATION;Amplification;Ampli;;1;L-ACOUSTICS;5206535
LA8;Amplificateur processé 4x1800W • L'ACOUSTICS;SONORISATION;Amplification;Ampli;;1;L-ACOUSTICS;5206565
LA8;Amplificateur processé 4x1800W • L'ACOUSTICS;SONORISATION;Amplification;Ampli;;1;L-ACOUSTICS;5206584
LAKECONTOUR;Processeur LAKE 2E/6S • DOLBY;SONORISATION;Périphérique;Processeur filtrage;Hors stock;1;DOLBY;05622
LAKECONTOUR;Processeur LAKE 2E/6S • DOLBY;SONORISATION;Périphérique;Processeur filtrage;Hors stock;1;DOLBY;05633
LAKECONTOUR;Processeur LAKE 2E/6S • DOLBY;SONORISATION;Périphérique;Processeur filtrage;Hors stock;1;DOLBY;5622
LAKECONTOUR;Processeur LAKE 2E/6S • DOLBY;SONORISATION;Périphérique;Processeur filtrage;Hors stock;1;DOLBY;5633
LAMPEPUP;Lampe col de cygne pour pupitre•MIGHTYBRIGHT;BACKLINE;Pupitres;Pupitre musiciens;E3;14;MIGHTYBRIGHT;
LARAK;Rack de tournée L-ACOUSTICS;STRUCTURE;Pont Aluminium;Accessoire structure;;1;L-ACOUSTICS;6402612
LARAK;Rack de tournée L-ACOUSTICS;STRUCTURE;Pont Aluminium;Accessoire structure;;1;L-ACOUSTICS;6402614
LARAK;Rack de tournée L-ACOUSTICS;STRUCTURE;Pont Aluminium;Accessoire structure;;1;L-ACOUSTICS;6402615
"LCD-18,5""";"Ecran 18,5"" (44 CM)";AUDIOVISUEL;Diffusion d'image;Moniteur;Entrepôt 1 : F3;1;;
"LCD-22""";"ECRAN LCD 22"" (56 CM)";AUDIOVISUEL;Diffusion d'image;Moniteur;Entrepôt 1 : F3;2;;
"LCD-HD-32""";"ECRAN LCD HD LED 32"" (81 CM)";AUDIOVISUEL;Diffusion d'image;Ecran plat;Entrepôt 1 : F3;6;;
LCD-HD-LED50';"ECRAN LCD HD LED 50"" (127 CM) 1080P";AUDIOVISUEL;Diffusion d'image;Ecran plat;;1;;
LCD-HD-LED55';ECRAN LCD HD LED 55' (140CM) 1080P;AUDIOVISUEL;Diffusion d'image;Ecran plat;Entrepôt 1 : F1;4;;
LCD-HD-LED65';"ECRAN LED 4K 65"" (165 CM) - 3840 X 2160 P - ULTRA HD - WI-FI -";AUDIOVISUEL;Diffusion d'image;Ecran plat;Entrepôt 1 : F1;1;;8032665800047
LCD-HD-LED65';"ECRAN LED 4K 65"" (165 CM) - 3840 X 2160 P - ULTRA HD - WI-FI -";AUDIOVISUEL;Diffusion d'image;Ecran plat;Entrepôt 1 : F1;1;;8032666800034
LCD-HD-LED65';"ECRAN LED 4K 65"" (165 CM) - 3840 X 2160 P - ULTRA HD - WI-FI -";AUDIOVISUEL;Diffusion d'image;Ecran plat;Entrepôt 1 : F1;1;;8032666800047
LCD-HD-LED65';"ECRAN LED 4K 65"" (165 CM) - 3840 X 2160 P - ULTRA HD - WI-FI -";AUDIOVISUEL;Diffusion d'image;Ecran plat;Entrepôt 1 : F1;1;;8032666800048
LDD123;LINEAR•Bloc de puissance 12x3 kw;ECLAIRAGE;Bloc de puissance;Bloc de puissance;Entrepôt 1 : D3;10;;
LEDBEAM350;Lyre à led wash Robin LEDBeam 350•ROBE;ECLAIRAGE;Asservi;Wash;Entrepôt 1 : D2;1;ROBE;2400937417   -  L02
LEDBEAM350;Lyre à led wash Robin LEDBeam 350•ROBE;ECLAIRAGE;Asservi;Wash;Entrepôt 1 : D2;1;ROBE;2400937418   -  L04
LEDBEAM350;Lyre à led wash Robin LEDBeam 350•ROBE;ECLAIRAGE;Asservi;Wash;Entrepôt 1 : D2;1;ROBE;2400937419
LEDBEAM350;Lyre à led wash Robin LEDBeam 350•ROBE;ECLAIRAGE;Asservi;Wash;Entrepôt 1 : D2;1;ROBE;2400937420
LEDBEAM350;Lyre à led wash Robin LEDBeam 350•ROBE;ECLAIRAGE;Asservi;Wash;Entrepôt 1 : D2;1;ROBE;2400937429   -  L18
LEDBEAM350;Lyre à led wash Robin LEDBeam 350•ROBE;ECLAIRAGE;Asservi;Wash;Entrepôt 1 : D2;1;ROBE;2400937445
LEDBEAM350;Lyre à led wash Robin LEDBeam 350•ROBE;ECLAIRAGE;Asservi;Wash;Entrepôt 1 : D2;1;ROBE;2400937446   -  L03
LEDBEAM350;Lyre à led wash Robin LEDBeam 350•ROBE;ECLAIRAGE;Asservi;Wash;Entrepôt 1 : D2;1;ROBE;2400937447   -  L01
LEDBEAM350;Lyre à led wash Robin LEDBeam 350•ROBE;ECLAIRAGE;Asservi;Wash;Entrepôt 1 : D2;1;ROBE;2400937448
LEDBEAM350;Lyre à led wash Robin LEDBeam 350•ROBE;ECLAIRAGE;Asservi;Wash;Entrepôt 1 : D2;1;ROBE;2400937450   -  L17
LEDBEAM350;Lyre à led wash Robin LEDBeam 350•ROBE;ECLAIRAGE;Asservi;Wash;Entrepôt 1 : D2;1;ROBE;2400943139   -  L14
LEDBEAM350;Lyre à led wash Robin LEDBeam 350•ROBE;ECLAIRAGE;Asservi;Wash;Entrepôt 1 : D2;1;ROBE;2400943140
LEDBEAM350;Lyre à led wash Robin LEDBeam 350•ROBE;ECLAIRAGE;Asservi;Wash;Entrepôt 1 : D2;1;ROBE;2400943141   -  L24
LEDBEAM350;Lyre à led wash Robin LEDBeam 350•ROBE;ECLAIRAGE;Asservi;Wash;Entrepôt 1 : D2;1;ROBE;2400943142
LEDBEAM350;Lyre à led wash Robin LEDBeam 350•ROBE;ECLAIRAGE;Asservi;Wash;Entrepôt 1 : D2;1;ROBE;2400943144   -  L23
LEDBEAM350;Lyre à led wash Robin LEDBeam 350•ROBE;ECLAIRAGE;Asservi;Wash;Entrepôt 1 : D2;1;ROBE;2400943145
LEDBEAM350;Lyre à led wash Robin LEDBeam 350•ROBE;ECLAIRAGE;Asservi;Wash;Entrepôt 1 : D2;1;ROBE;2400943146
LEDBEAM350;Lyre à led wash Robin LEDBeam 350•ROBE;ECLAIRAGE;Asservi;Wash;Entrepôt 1 : D2;1;ROBE;2400943150
LEDBEAM350;Lyre à led wash Robin LEDBeam 350•ROBE;ECLAIRAGE;Asservi;Wash;Entrepôt 1 : D2;1;ROBE;2400943190   -  L19
LEDBEAM350;Lyre à led wash Robin LEDBeam 350•ROBE;ECLAIRAGE;Asservi;Wash;Entrepôt 1 : D2;1;ROBE;2400943191   -  L20
LEDBEAM350;Lyre à led wash Robin LEDBeam 350•ROBE;ECLAIRAGE;Asservi;Wash;Entrepôt 1 : D2;1;ROBE;2400943194
LEDBEAM350;Lyre à led wash Robin LEDBeam 350•ROBE;ECLAIRAGE;Asservi;Wash;Entrepôt 1 : D2;1;ROBE;2400943195   -  L09
LEDBEAM350;Lyre à led wash Robin LEDBeam 350•ROBE;ECLAIRAGE;Asservi;Wash;Entrepôt 1 : D2;1;ROBE;2400943196   -  L16
LEDBEAM350;Lyre à led wash Robin LEDBeam 350•ROBE;ECLAIRAGE;Asservi;Wash;Entrepôt 1 : D2;1;ROBE;2400943197   -  L13
LESTE020KG;Leste fonte 20kg;STRUCTURE;protente / Crash / Leste;Leste;Entrepôt 2 : L1;122;;
LESTE1000KG;Leste béton 1000Kg (100x100x50cm);STRUCTURE;protente / Crash / Leste;Leste;;8;;
LESTE250KG;Leste béton 250kg;STRUCTURE;protente / Crash / Leste;Leste;;12;;
LESTE500KG;Leste béton 500Kg;STRUCTURE;protente / Crash / Leste;Leste;;28;;
LIFT WHEEL;Roulette débrayable pour pied STAGEDEX;STRUCTURE;praticables;praticables;Entrepôt 2 : K4;8;STAGEDEX;
LS9/32;Console 32 faders / 64 canaux / 24 bus • YAMAHA;SONORISATION;Console;Console numérique;Entrepôt 1 : A1;1;YAMAHA;MANIO1128
LUMI-12;LUMINEX • Node ethernet DMX512 / 12 sorties DMX5;ECLAIRAGE;Asservi;Accessoires asservis;;1;LUMINEX;LUM0372548
LUMI-12;LUMINEX • Node ethernet DMX512 / 12 sorties DMX5;ECLAIRAGE;Asservi;Accessoires asservis;;1;LUMINEX;LUM0372549
LUMI-8;LUMINEX • Node ethernet DMX512 / 8 sorties MKII;ECLAIRAGE;Asservi;Accessoires asservis;Entrepôt 1 : D3;1;LUMINEX;LUM0372548
LUMI-8;LUMINEX • Node ethernet DMX512 / 8 sorties MKII;ECLAIRAGE;Asservi;Accessoires asservis;Entrepôt 1 : D3;1;LUMINEX;LUM0372549
LW265R;Pied de levage LW265R charge 220 KG Ht 6,50m;STRUCTURE;Levage;Pied de levage;Entrepôt 2 : K3;3;;
LYRE-X12;Lyre d'accroche pour X12 • L'ACOUSTICS;SONORISATION;Enceinte;accessoire L-ACOUSTICS;;6;L-ACOUSTICS;
LYRE-X15;Lyre d'accroche pour X15 • L'ACOUSTICS;SONORISATION;Enceinte;accessoire L-ACOUSTICS;;1;L-ACOUSTICS;1230003720
LYRE-X15;Lyre d'accroche pour X15 • L'ACOUSTICS;SONORISATION;Enceinte;accessoire L-ACOUSTICS;;1;L-ACOUSTICS;1230003721
LYRE-X15;Lyre d'accroche pour X15 • L'ACOUSTICS;SONORISATION;Enceinte;accessoire L-ACOUSTICS;;1;L-ACOUSTICS;1230003722
LYRE-X15;Lyre d'accroche pour X15 • L'ACOUSTICS;SONORISATION;Enceinte;accessoire L-ACOUSTICS;;1;L-ACOUSTICS;1230003725
LYRE-X15;Lyre d'accroche pour X15 • L'ACOUSTICS;SONORISATION;Enceinte;accessoire L-ACOUSTICS;;1;L-ACOUSTICS;LYRE-X15_1_4
LYRE-X15;Lyre d'accroche pour X15 • L'ACOUSTICS;SONORISATION;Enceinte;accessoire L-ACOUSTICS;;1;L-ACOUSTICS;LYRE-X15_1_5
LYRE-X15;Lyre d'accroche pour X15 • L'ACOUSTICS;SONORISATION;Enceinte;accessoire L-ACOUSTICS;;1;L-ACOUSTICS;LYRE-X15_1_6
LYRE-X15;Lyre d'accroche pour X15 • L'ACOUSTICS;SONORISATION;Enceinte;accessoire L-ACOUSTICS;;1;L-ACOUSTICS;LYRE-X15_1_7
LYRE-X15;Lyre d'accroche pour X15 • L'ACOUSTICS;SONORISATION;Enceinte;accessoire L-ACOUSTICS;;1;L-ACOUSTICS;LYRE-X15_1_8
LYRE-X15;Lyre d'accroche pour X15 • L'ACOUSTICS;SONORISATION;Enceinte;accessoire L-ACOUSTICS;;1;L-ACOUSTICS;LYRE-X15_1_9
LYRE112XT;Lyre d'accroche pour 12xt-112p-112xt • L'ACOUSTICS;SONORISATION;Enceinte;accessoire L-ACOUSTICS;Entrepôt 1 : G;7;L-ACOUSTICS;
LYRE115XT;Lyre d'accroche pour 115HIQ • L'ACOUSTICS;SONORISATION;Enceinte;accessoire L-ACOUSTICS;Entrepôt 1 : G;5;L-ACOUSTICS;
LYRE8XT;Lyre d'accroche pour 8XT - MTD108 • L'ACOUSTICS;SONORISATION;Enceinte;accessoire L-ACOUSTICS;Entrepôt 1 : G;9;L-ACOUSTICS;
M15A;"Retour de scène actif 15""-4"" • ADAMSON";SONORISATION;Enceinte;Enceinte;;1;ADAMSON;76775
M15A;"Retour de scène actif 15""-4"" • ADAMSON";SONORISATION;Enceinte;Enceinte;;1;ADAMSON;76776
M15A;"Retour de scène actif 15""-4"" • ADAMSON";SONORISATION;Enceinte;Enceinte;;1;ADAMSON;76779
M15A;"Retour de scène actif 15""-4"" • ADAMSON";SONORISATION;Enceinte;Enceinte;;1;ADAMSON;79103
M15A;"Retour de scène actif 15""-4"" • ADAMSON";SONORISATION;Enceinte;Enceinte;;1;ADAMSON;79104
M15A;"Retour de scène actif 15""-4"" • ADAMSON";SONORISATION;Enceinte;Enceinte;;1;ADAMSON;79108
M15A;"Retour de scène actif 15""-4"" • ADAMSON";SONORISATION;Enceinte;Enceinte;;1;ADAMSON;79109
M15A;"Retour de scène actif 15""-4"" • ADAMSON";SONORISATION;Enceinte;Enceinte;;1;ADAMSON;79110
M15A;"Retour de scène actif 15""-4"" • ADAMSON";SONORISATION;Enceinte;Enceinte;;1;ADAMSON;79270
M15A;"Retour de scène actif 15""-4"" • ADAMSON";SONORISATION;Enceinte;Enceinte;;1;ADAMSON;79271
M15A;"Retour de scène actif 15""-4"" • ADAMSON";SONORISATION;Enceinte;Enceinte;;1;ADAMSON;79272
M15A;"Retour de scène actif 15""-4"" • ADAMSON";SONORISATION;Enceinte;Enceinte;;1;ADAMSON;79273
M15A;"Retour de scène actif 15""-4"" • ADAMSON";SONORISATION;Enceinte;Enceinte;;1;ADAMSON;79274
M15A;"Retour de scène actif 15""-4"" • ADAMSON";SONORISATION;Enceinte;Enceinte;;1;ADAMSON;79275
M15A;"Retour de scène actif 15""-4"" • ADAMSON";SONORISATION;Enceinte;Enceinte;;1;ADAMSON;79276
M15A;"Retour de scène actif 15""-4"" • ADAMSON";SONORISATION;Enceinte;Enceinte;;1;ADAMSON;79277
M15A;"Retour de scène actif 15""-4"" • ADAMSON";SONORISATION;Enceinte;Enceinte;;1;ADAMSON;79278
M15A;"Retour de scène actif 15""-4"" • ADAMSON";SONORISATION;Enceinte;Enceinte;;1;ADAMSON;79279
M15A;"Retour de scène actif 15""-4"" • ADAMSON";SONORISATION;Enceinte;Enceinte;;1;ADAMSON;79280
M15A;"Retour de scène actif 15""-4"" • ADAMSON";SONORISATION;Enceinte;Enceinte;;1;ADAMSON;79281
M15A;"Retour de scène actif 15""-4"" • ADAMSON";SONORISATION;Enceinte;Enceinte;;1;ADAMSON;79282
M15A;"Retour de scène actif 15""-4"" • ADAMSON";SONORISATION;Enceinte;Enceinte;;1;ADAMSON;79283
M15A;"Retour de scène actif 15""-4"" • ADAMSON";SONORISATION;Enceinte;Enceinte;;1;ADAMSON;79284
M2000;multi effets M2000 • TC ELECTRONIC;SONORISATION;Périphérique;Effet;Entrepôt 2 : M;1;TC ELECTRONIC;1115872
M3000;Multi effets M3000 • TC ELECTRONIC;SONORISATION;Périphérique;Effet;Entrepôt 2 : M;1;TC ELECTRONIC;1807058
M32LIVE;MIDAS • Table de mixage numérique 32/16;SONORISATION;Console;Console numérique;;1;MIDAS;S210700686C7R
M7CL;Console 48 faders / 48 canaux / 24 bus • YAMAHA;SONORISATION;Console;Console numérique;Hors stock;1;YAMAHA;HAMO01064
M7CL;Console 48 faders / 48 canaux / 24 bus • YAMAHA;SONORISATION;Console;Console numérique;Hors stock;1;YAMAHA;HAMO0110664
M7CL;Console 48 faders / 48 canaux / 24 bus • YAMAHA;SONORISATION;Console;Console numérique;Hors stock;1;YAMAHA;HAOI01066
M80;Micro main dynamique supercardioide • TELEFUNKEN;SONORISATION;Micro;Micro dynamique;Entrepôt 2 : N;2;TELEFUNKEN;
M88;Micro dynamique M88 TG • BEYERDYNAMIC;SONORISATION;Micro;Micro dynamique;Entrepôt 2 : N;6;BEYERDYNAMIC;
MA24/48;Console programmable 24/48 • MA LIGHTING;ECLAIRAGE;Consoles;Consoles traditionnelles;Entrepôt 1 : D3;1;MA LIGHTING;3231
MA244N;Bras magique à friction variable•MANFROTTO;SONORISATION;Console;Accessoire console;;4;MANFROTTO;
MA48/96;Console programmable 48/96 • MA LIGHTING;ECLAIRAGE;Consoles;Consoles traditionnelles;Entrepôt 1 : D3;3;MA LIGHTING;
MA635;Super clamp 13-55mm•MANFROTTO;SONORISATION;Console;Accessoire console;;4;MANFROTTO;
MAC2000W;Lyre Wash MAC2000 • MARTIN;ECLAIRAGE;Asservi;Wash;Hors stock;1;MARTIN;214046626004
MAC2000W;Lyre Wash MAC2000 • MARTIN;ECLAIRAGE;Asservi;Wash;Hors stock;1;MARTIN;214046626037
MAC2000W;Lyre Wash MAC2000 • MARTIN;ECLAIRAGE;Asservi;Wash;Hors stock;1;MARTIN;214046626039
MAC2000W;Lyre Wash MAC2000 • MARTIN;ECLAIRAGE;Asservi;Wash;Hors stock;1;MARTIN;214047006116
MAC2000W;Lyre Wash MAC2000 • MARTIN;ECLAIRAGE;Asservi;Wash;Hors stock;1;MARTIN;214047006151
MAC2000W;Lyre Wash MAC2000 • MARTIN;ECLAIRAGE;Asservi;Wash;Hors stock;1;MARTIN;214047006168
MAC2000W;Lyre Wash MAC2000 • MARTIN;ECLAIRAGE;Asservi;Wash;Hors stock;1;MARTIN;214047006169
MAC2000W;Lyre Wash MAC2000 • MARTIN;ECLAIRAGE;Asservi;Wash;Hors stock;1;MARTIN;214047006172
MAC700PRO;Lyre profile, 700W, zoom 16-30° • MARTIN;ECLAIRAGE;Asservi;Spot;Hors stock;1;MARTIN;(21)4058926006-14
MAC700PRO;Lyre profile, 700W, zoom 16-30° • MARTIN;ECLAIRAGE;Asservi;Spot;Hors stock;1;MARTIN;(21)4058926009-3
MAC700PRO;Lyre profile, 700W, zoom 16-30° • MARTIN;ECLAIRAGE;Asservi;Spot;Hors stock;1;MARTIN;(21)4058926010-9
MAC700PRO;Lyre profile, 700W, zoom 16-30° • MARTIN;ECLAIRAGE;Asservi;Spot;Hors stock;1;MARTIN;(21)4058926014-13
MAC700PRO;Lyre profile, 700W, zoom 16-30° • MARTIN;ECLAIRAGE;Asservi;Spot;Hors stock;1;MARTIN;(21)4058926015-2
MAC700PRO;Lyre profile, 700W, zoom 16-30° • MARTIN;ECLAIRAGE;Asservi;Spot;Hors stock;1;MARTIN;(21)4058926016-1
MAC700PRO;Lyre profile, 700W, zoom 16-30° • MARTIN;ECLAIRAGE;Asservi;Spot;Hors stock;1;MARTIN;(21)4058926017-10
MAC700PRO;Lyre profile, 700W, zoom 16-30° • MARTIN;ECLAIRAGE;Asservi;Spot;Hors stock;1;MARTIN;(21)4058926024-4
MAC700PRO;Lyre profile, 700W, zoom 16-30° • MARTIN;ECLAIRAGE;Asservi;Spot;Hors stock;1;MARTIN;(21)4058926045-11
MAC700PRO;Lyre profile, 700W, zoom 16-30° • MARTIN;ECLAIRAGE;Asservi;Spot;Hors stock;1;MARTIN;(21)4058926048-12
MAC700PRO;Lyre profile, 700W, zoom 16-30° • MARTIN;ECLAIRAGE;Asservi;Spot;Hors stock;1;MARTIN;(21)4059406002-7
MAC700PRO;Lyre profile, 700W, zoom 16-30° • MARTIN;ECLAIRAGE;Asservi;Spot;Hors stock;1;MARTIN;(21)4059406003-17
MAC700PRO;Lyre profile, 700W, zoom 16-30° • MARTIN;ECLAIRAGE;Asservi;Spot;Hors stock;1;MARTIN;(21)4059406010-8
MAC700PRO;Lyre profile, 700W, zoom 16-30° • MARTIN;ECLAIRAGE;Asservi;Spot;Hors stock;1;MARTIN;(21)4059406011-18
MAC700PRO;Lyre profile, 700W, zoom 16-30° • MARTIN;ECLAIRAGE;Asservi;Spot;Hors stock;1;MARTIN;(21)4059406012-16
MAC700PRO;Lyre profile, 700W, zoom 16-30° • MARTIN;ECLAIRAGE;Asservi;Spot;Hors stock;1;MARTIN;(21)4059406013-15
MAC700PRO;Lyre profile, 700W, zoom 16-30° • MARTIN;ECLAIRAGE;Asservi;Spot;Hors stock;1;MARTIN;(21)4059406015-5
MAC700PRO;Lyre profile, 700W, zoom 16-30° • MARTIN;ECLAIRAGE;Asservi;Spot;Hors stock;1;MARTIN;(21)4069146099-22
MAC700PRO;Lyre profile, 700W, zoom 16-30° • MARTIN;ECLAIRAGE;Asservi;Spot;Hors stock;1;MARTIN;(21)4070976003-19
MAC700PRO;Lyre profile, 700W, zoom 16-30° • MARTIN;ECLAIRAGE;Asservi;Spot;Hors stock;1;MARTIN;(21)4070976009-20
MAC700PRO;Lyre profile, 700W, zoom 16-30° • MARTIN;ECLAIRAGE;Asservi;Spot;Hors stock;1;MARTIN;(21)4072756032-21
MAC700PRO;Lyre profile, 700W, zoom 16-30° • MARTIN;ECLAIRAGE;Asservi;Spot;Hors stock;1;MARTIN;(21)7189470066-6
MACAURA;Lyre à led wash, 260W, zoom 11-58° • MARTIN;ECLAIRAGE;Asservi;Wash;Entrepôt 1 : D2;1;MARTIN;0460220044
MACAURA;Lyre à led wash, 260W, zoom 11-58° • MARTIN;ECLAIRAGE;Asservi;Wash;Entrepôt 1 : D2;1;MARTIN;0460220068
MACAURA;Lyre à led wash, 260W, zoom 11-58° • MARTIN;ECLAIRAGE;Asservi;Wash;Entrepôt 1 : D2;1;MARTIN;0460220076
MACAURA;Lyre à led wash, 260W, zoom 11-58° • MARTIN;ECLAIRAGE;Asservi;Wash;Entrepôt 1 : D2;1;MARTIN;0480100088- Y25
MACAURA;Lyre à led wash, 260W, zoom 11-58° • MARTIN;ECLAIRAGE;Asservi;Wash;Entrepôt 1 : D2;1;MARTIN;0482970015
MACAURA;Lyre à led wash, 260W, zoom 11-58° • MARTIN;ECLAIRAGE;Asservi;Wash;Entrepôt 1 : D2;1;MARTIN;0482970051
MACAURA;Lyre à led wash, 260W, zoom 11-58° • MARTIN;ECLAIRAGE;Asservi;Wash;Entrepôt 1 : D2;1;MARTIN;0615340082-1
MACAURA;Lyre à led wash, 260W, zoom 11-58° • MARTIN;ECLAIRAGE;Asservi;Wash;Entrepôt 1 : D2;1;MARTIN;0782400075-19
MACAURA;Lyre à led wash, 260W, zoom 11-58° • MARTIN;ECLAIRAGE;Asservi;Wash;Entrepôt 1 : D2;1;MARTIN;0782400078-20
MACAURA;Lyre à led wash, 260W, zoom 11-58° • MARTIN;ECLAIRAGE;Asservi;Wash;Entrepôt 1 : D2;1;MARTIN;0782400079-21
MACAURA;Lyre à led wash, 260W, zoom 11-58° • MARTIN;ECLAIRAGE;Asservi;Wash;Entrepôt 1 : D2;1;MARTIN;0782400080-22
MACAURA;Lyre à led wash, 260W, zoom 11-58° • MARTIN;ECLAIRAGE;Asservi;Wash;Entrepôt 1 : D2;1;MARTIN;0782400081-18
MACAURA;Lyre à led wash, 260W, zoom 11-58° • MARTIN;ECLAIRAGE;Asservi;Wash;Entrepôt 1 : D2;1;MARTIN;0782400082-23
MACAURA;Lyre à led wash, 260W, zoom 11-58° • MARTIN;ECLAIRAGE;Asservi;Wash;Entrepôt 1 : D2;1;MARTIN;0782400083-17
MACAURA;Lyre à led wash, 260W, zoom 11-58° • MARTIN;ECLAIRAGE;Asservi;Wash;Entrepôt 1 : D2;1;MARTIN;0782400085-24
MACAURA;Lyre à led wash, 260W, zoom 11-58° • MARTIN;ECLAIRAGE;Asservi;Wash;Entrepôt 1 : D2;1;MARTIN;210615340081-2
MACAURA;Lyre à led wash, 260W, zoom 11-58° • MARTIN;ECLAIRAGE;Asservi;Wash;Entrepôt 1 : D2;1;MARTIN;210615340082-23
MACAURA;Lyre à led wash, 260W, zoom 11-58° • MARTIN;ECLAIRAGE;Asservi;Wash;Entrepôt 1 : D2;1;MARTIN;210615340087-11
MACAURA;Lyre à led wash, 260W, zoom 11-58° • MARTIN;ECLAIRAGE;Asservi;Wash;Entrepôt 1 : D2;1;MARTIN;210615340091-16
MACAURA;Lyre à led wash, 260W, zoom 11-58° • MARTIN;ECLAIRAGE;Asservi;Wash;Entrepôt 1 : D2;1;MARTIN;210615340092-13
MACAURA;Lyre à led wash, 260W, zoom 11-58° • MARTIN;ECLAIRAGE;Asservi;Wash;Entrepôt 1 : D2;1;MARTIN;210615340093-9
MACAURA;Lyre à led wash, 260W, zoom 11-58° • MARTIN;ECLAIRAGE;Asservi;Wash;Entrepôt 1 : D2;1;MARTIN;210615340094-10
MACAURA;Lyre à led wash, 260W, zoom 11-58° • MARTIN;ECLAIRAGE;Asservi;Wash;Entrepôt 1 : D2;1;MARTIN;210615340102-5
MACAURA;Lyre à led wash, 260W, zoom 11-58° • MARTIN;ECLAIRAGE;Asservi;Wash;Entrepôt 1 : D2;1;MARTIN;210615340103-4
MACAURA;Lyre à led wash, 260W, zoom 11-58° • MARTIN;ECLAIRAGE;Asservi;Wash;Entrepôt 1 : D2;1;MARTIN;210615340104-6
MACAURA;Lyre à led wash, 260W, zoom 11-58° • MARTIN;ECLAIRAGE;Asservi;Wash;Entrepôt 1 : D2;1;MARTIN;210615340105-7
MACAURA;Lyre à led wash, 260W, zoom 11-58° • MARTIN;ECLAIRAGE;Asservi;Wash;Entrepôt 1 : D2;1;MARTIN;210615340106-8
MACAURA;Lyre à led wash, 260W, zoom 11-58° • MARTIN;ECLAIRAGE;Asservi;Wash;Entrepôt 1 : D2;1;MARTIN;210615340108-3
MACAURA;Lyre à led wash, 260W, zoom 11-58° • MARTIN;ECLAIRAGE;Asservi;Wash;Entrepôt 1 : D2;1;MARTIN;210615340113-12
MACAURA;Lyre à led wash, 260W, zoom 11-58° • MARTIN;ECLAIRAGE;Asservi;Wash;Entrepôt 1 : D2;1;MARTIN;210615340114-14
MACAURA;Lyre à led wash, 260W, zoom 11-58° • MARTIN;ECLAIRAGE;Asservi;Wash;Entrepôt 1 : D2;1;MARTIN;210615340115-15
MACAURA;Lyre à led wash, 260W, zoom 11-58° • MARTIN;ECLAIRAGE;Asservi;Wash;Entrepôt 1 : D2;1;MARTIN;460220044
MACAURA;Lyre à led wash, 260W, zoom 11-58° • MARTIN;ECLAIRAGE;Asservi;Wash;Entrepôt 1 : D2;1;MARTIN;460220068
MACAURA;Lyre à led wash, 260W, zoom 11-58° • MARTIN;ECLAIRAGE;Asservi;Wash;Entrepôt 1 : D2;1;MARTIN;460220076
MACAURA;Lyre à led wash, 260W, zoom 11-58° • MARTIN;ECLAIRAGE;Asservi;Wash;Entrepôt 1 : D2;1;MARTIN;482970015
MACAURA;Lyre à led wash, 260W, zoom 11-58° • MARTIN;ECLAIRAGE;Asservi;Wash;Entrepôt 1 : D2;1;MARTIN;482970051
MACQUANTUM;Lyre à led wash, 750W, zoom 11-59°• MARTIN;ECLAIRAGE;Asservi;Wash;Entrepôt 1 : D2;1;MARTIN;Q01   - 1055072293
MACQUANTUM;Lyre à led wash, 750W, zoom 11-59°• MARTIN;ECLAIRAGE;Asservi;Wash;Entrepôt 1 : D2;1;MARTIN;Q02   - 1055072298
MACQUANTUM;Lyre à led wash, 750W, zoom 11-59°• MARTIN;ECLAIRAGE;Asservi;Wash;Entrepôt 1 : D2;1;MARTIN;Q03   - 1055087347
MACQUANTUM;Lyre à led wash, 750W, zoom 11-59°• MARTIN;ECLAIRAGE;Asservi;Wash;Entrepôt 1 : D2;1;MARTIN;Q04   - 1055087318
MACQUANTUM;Lyre à led wash, 750W, zoom 11-59°• MARTIN;ECLAIRAGE;Asservi;Wash;Entrepôt 1 : D2;1;MARTIN;Q05   - 1055087345
MACQUANTUM;Lyre à led wash, 750W, zoom 11-59°• MARTIN;ECLAIRAGE;Asservi;Wash;Entrepôt 1 : D2;1;MARTIN;Q06   - 1055087356
MACQUANTUM;Lyre à led wash, 750W, zoom 11-59°• MARTIN;ECLAIRAGE;Asservi;Wash;Entrepôt 1 : D2;1;MARTIN;Q07   - 1055072294
MACQUANTUM;Lyre à led wash, 750W, zoom 11-59°• MARTIN;ECLAIRAGE;Asservi;Wash;Entrepôt 1 : D2;1;MARTIN;Q08   - 1055072296
MACQUANTUM;Lyre à led wash, 750W, zoom 11-59°• MARTIN;ECLAIRAGE;Asservi;Wash;Entrepôt 1 : D2;1;MARTIN;Q09   - 1055087335
MACQUANTUM;Lyre à led wash, 750W, zoom 11-59°• MARTIN;ECLAIRAGE;Asservi;Wash;Entrepôt 1 : D2;1;MARTIN;Q10   - 1055087350
MACQUANTUM;Lyre à led wash, 750W, zoom 11-59°• MARTIN;ECLAIRAGE;Asservi;Wash;Entrepôt 1 : D2;1;MARTIN;Q11   - 1055087310
MACQUANTUM;Lyre à led wash, 750W, zoom 11-59°• MARTIN;ECLAIRAGE;Asservi;Wash;Entrepôt 1 : D2;1;MARTIN;Q12   - 1055087237
MACQUANTUM;Lyre à led wash, 750W, zoom 11-59°• MARTIN;ECLAIRAGE;Asservi;Wash;Entrepôt 1 : D2;1;MARTIN;Q13   - 1055087301
MACQUANTUM;Lyre à led wash, 750W, zoom 11-59°• MARTIN;ECLAIRAGE;Asservi;Wash;Entrepôt 1 : D2;1;MARTIN;Q14   - 1055087314
MACQUANTUM;Lyre à led wash, 750W, zoom 11-59°• MARTIN;ECLAIRAGE;Asservi;Wash;Entrepôt 1 : D2;1;MARTIN;Q15   - 1055072207
MACQUANTUM;Lyre à led wash, 750W, zoom 11-59°• MARTIN;ECLAIRAGE;Asservi;Wash;Entrepôt 1 : D2;1;MARTIN;Q16   - 1055072291
MACQUANTUM;Lyre à led wash, 750W, zoom 11-59°• MARTIN;ECLAIRAGE;Asservi;Wash;Entrepôt 1 : D2;1;MARTIN;Q17   - 2115019558254
MACQUANTUM;Lyre à led wash, 750W, zoom 11-59°• MARTIN;ECLAIRAGE;Asservi;Wash;Entrepôt 1 : D2;1;MARTIN;Q18   - 2115019558276
MACQUANTUM;Lyre à led wash, 750W, zoom 11-59°• MARTIN;ECLAIRAGE;Asservi;Wash;Entrepôt 1 : D2;1;MARTIN;Q19   - 2115019558269
MACQUANTUM;Lyre à led wash, 750W, zoom 11-59°• MARTIN;ECLAIRAGE;Asservi;Wash;Entrepôt 1 : D2;1;MARTIN;Q20   - 2115019558274
MACQUANTUM;Lyre à led wash, 750W, zoom 11-59°• MARTIN;ECLAIRAGE;Asservi;Wash;Entrepôt 1 : D2;1;MARTIN;Q21   - 2115019558273
MACQUANTUM;Lyre à led wash, 750W, zoom 11-59°• MARTIN;ECLAIRAGE;Asservi;Wash;Entrepôt 1 : D2;1;MARTIN;Q22   - 2115019558278
MACQUANTUM;Lyre à led wash, 750W, zoom 11-59°• MARTIN;ECLAIRAGE;Asservi;Wash;Entrepôt 1 : D2;1;MARTIN;Q23   - 2115019558270
MACQUANTUM;Lyre à led wash, 750W, zoom 11-59°• MARTIN;ECLAIRAGE;Asservi;Wash;Entrepôt 1 : D2;1;MARTIN;Q24   - 2115019558275
MACQUANTUMPRO;Lyre à led profile, 475W, zoom 12-39°, 6500°K • MARTIN;ECLAIRAGE;Asservi;Spot;Hors stock;1;MARTIN;15017008988
MACQUANTUMPRO;Lyre à led profile, 475W, zoom 12-39°, 6500°K • MARTIN;ECLAIRAGE;Asservi;Spot;Hors stock;1;MARTIN;15017009006
MACQUANTUMPRO;Lyre à led profile, 475W, zoom 12-39°, 6500°K • MARTIN;ECLAIRAGE;Asservi;Spot;Hors stock;1;MARTIN;15017009007
MACQUANTUMPRO;Lyre à led profile, 475W, zoom 12-39°, 6500°K • MARTIN;ECLAIRAGE;Asservi;Spot;Hors stock;1;MARTIN;15017009008
MACQUANTUMPRO;Lyre à led profile, 475W, zoom 12-39°, 6500°K • MARTIN;ECLAIRAGE;Asservi;Spot;Hors stock;1;MARTIN;15017064993
MACQUANTUMPRO;Lyre à led profile, 475W, zoom 12-39°, 6500°K • MARTIN;ECLAIRAGE;Asservi;Spot;Hors stock;1;MARTIN;15017064995
MACQUANTUMPRO;Lyre à led profile, 475W, zoom 12-39°, 6500°K • MARTIN;ECLAIRAGE;Asservi;Spot;Hors stock;1;MARTIN;15017065000
MACQUANTUMPRO;Lyre à led profile, 475W, zoom 12-39°, 6500°K • MARTIN;ECLAIRAGE;Asservi;Spot;Hors stock;1;MARTIN;15017065023
MACQUANTUMPRO;Lyre à led profile, 475W, zoom 12-39°, 6500°K • MARTIN;ECLAIRAGE;Asservi;Spot;Hors stock;1;MARTIN;15017065032
MACQUANTUMPRO;Lyre à led profile, 475W, zoom 12-39°, 6500°K • MARTIN;ECLAIRAGE;Asservi;Spot;Hors stock;1;MARTIN;15017065034
MACQUANTUMPRO;Lyre à led profile, 475W, zoom 12-39°, 6500°K • MARTIN;ECLAIRAGE;Asservi;Spot;Hors stock;1;MARTIN;15017065043
MADIFACE;Carte d'enregistrement MADIFACE • RME;SONORISATION;Console;Accessoire console;Entrepôt 2 : N;1;RME;
MAIN STAGEDEX;Main courante 3-4 marches pour escalier modulaire STAGEDEX;STRUCTURE;praticables;praticables;Entrepôt 2 : K1;8;STAGEDEX;
MAINDESINGE;Bras de force poutre ouverte 500 tri;STRUCTURE;Pont Aluminium;Série 500 triangulaire;Entrepôt 2 : K;61;;
MAMICRO;Console asservis 1024 circuits • MA LIGHTING;ECLAIRAGE;Consoles;Consoles projecteurs asservis;Hors stock;1;MA LIGHTING;40300024
MANCH-F/F;Manchon femelle-femelle 10cm pour structure série 300;STRUCTURE;Pont Aluminium;Accessoire structure;;24;;
MANILLE 3.25 T;Manille lyre à visser acier CMU 3.25 Tonnes;STRUCTURE;Levage;Elingues acier;Entrepôt 2 : L1;789;;
MARCHE STAGEDEX;Marche d'escalier modulaire 1 unité;STRUCTURE;praticables;praticables;Entrepôt 2 : K1;44;;
MARQUEURLASER-;Marqueur Laser à Fibre;ECLAIRAGE;Effets / Fumée;Machine à fumée;;1;;
MARS-BAF1960;Baffle 1960A•MARSHALL;BACKLINE;Amplis;Ampli GUIT;;1;MARSHALL;
MARS400S;Kit de transmission HF MARS400S PRO•HOLLYLAND;AUDIOVISUEL;Accessoires;Selecteur;Entrepôt 1 : F2;1;HOLLYLAND;002203R E00D315
MARS400S;Kit de transmission HF MARS400S PRO•HOLLYLAND;AUDIOVISUEL;Accessoires;Selecteur;Entrepôt 1 : F2;1;HOLLYLAND;002203R E00D315 et 002203T E00CF2C
MARS400S;Kit de transmission HF MARS400S PRO•HOLLYLAND;AUDIOVISUEL;Accessoires;Selecteur;Entrepôt 1 : F2;1;HOLLYLAND;002203T E00CF2C
MARSJCM900;Tête Ampli JCM900•MARSHALL;BACKLINE;Amplis;Ampli GUIT;;1;MARSHALL;
MASTER PATCH-1;Master patch Klotz, 3 baies de 20 XLR M/F et 3 harting 20P;SONORISATION;Cablages audio;Multipaires;;4;;
MD421;Micro dynamique MD421 • SENNHEISER;SONORISATION;Micro;Micro dynamique;Entrepôt 2 : N;7;SENNHEISER;
MDG3000;Machine à brouillard CO2 simple corps • MDG;ECLAIRAGE;Effets / Fumée;Machine à fumée;Entrepôt 1 : D3;2;MDG;
MDGATMO-;Machine à brouillard CO2 Atmosphere • MDG;ECLAIRAGE;Effets / Fumée;Machine à fumée;Entrepôt 1 : D3;1;MDG;MDGATMO-_1_000001
MDGATMe-;Machine à brouillard CO2 ATMe • MDG;ECLAIRAGE;Effets / Fumée;Machine à fumée;Entrepôt 1 : D3;1;MDG;
MEGAPOINTE;Lyre Beam/Spot 470 W 1,8 à 42°•ROBE;ECLAIRAGE;Asservi;Beam;Entrepôt 1 : D2;1;ROBE;G01  - 2400947145
MEGAPOINTE;Lyre Beam/Spot 470 W 1,8 à 42°•ROBE;ECLAIRAGE;Asservi;Beam;Entrepôt 1 : D2;1;ROBE;G02  - 2400947160
MEGAPOINTE;Lyre Beam/Spot 470 W 1,8 à 42°•ROBE;ECLAIRAGE;Asservi;Beam;Entrepôt 1 : D2;1;ROBE;G03  - 2400947917
MEGAPOINTE;Lyre Beam/Spot 470 W 1,8 à 42°•ROBE;ECLAIRAGE;Asservi;Beam;Entrepôt 1 : D2;1;ROBE;G04  - 2400947916
MEGAPOINTE;Lyre Beam/Spot 470 W 1,8 à 42°•ROBE;ECLAIRAGE;Asservi;Beam;Entrepôt 1 : D2;1;ROBE;G05  - 2400947162
MEGAPOINTE;Lyre Beam/Spot 470 W 1,8 à 42°•ROBE;ECLAIRAGE;Asservi;Beam;Entrepôt 1 : D2;1;ROBE;G06  - 2400947161
MEGAPOINTE;Lyre Beam/Spot 470 W 1,8 à 42°•ROBE;ECLAIRAGE;Asservi;Beam;Entrepôt 1 : D2;1;ROBE;G07  - 2300890622
MEGAPOINTE;Lyre Beam/Spot 470 W 1,8 à 42°•ROBE;ECLAIRAGE;Asservi;Beam;Entrepôt 1 : D2;1;ROBE;G08  - 2300890619
MEGAPOINTE;Lyre Beam/Spot 470 W 1,8 à 42°•ROBE;ECLAIRAGE;Asservi;Beam;Entrepôt 1 : D2;1;ROBE;G09  - 2300890616
MEGAPOINTE;Lyre Beam/Spot 470 W 1,8 à 42°•ROBE;ECLAIRAGE;Asservi;Beam;Entrepôt 1 : D2;1;ROBE;G10  - 2300890620
MEGAPOINTE;Lyre Beam/Spot 470 W 1,8 à 42°•ROBE;ECLAIRAGE;Asservi;Beam;Entrepôt 1 : D2;1;ROBE;G11  - 2300890632
MEGAPOINTE;Lyre Beam/Spot 470 W 1,8 à 42°•ROBE;ECLAIRAGE;Asservi;Beam;Entrepôt 1 : D2;1;ROBE;G12  - 2300890618
MEGAPOINTE;Lyre Beam/Spot 470 W 1,8 à 42°•ROBE;ECLAIRAGE;Asservi;Beam;Entrepôt 1 : D2;1;ROBE;G13  - 2300890626
MEGAPOINTE;Lyre Beam/Spot 470 W 1,8 à 42°•ROBE;ECLAIRAGE;Asservi;Beam;Entrepôt 1 : D2;1;ROBE;G14  - 2300890624
MEGAPOINTE;Lyre Beam/Spot 470 W 1,8 à 42°•ROBE;ECLAIRAGE;Asservi;Beam;Entrepôt 1 : D2;1;ROBE;G15  - 2300890613
MEGAPOINTE;Lyre Beam/Spot 470 W 1,8 à 42°•ROBE;ECLAIRAGE;Asservi;Beam;Entrepôt 1 : D2;1;ROBE;G16  - 2300890633
MEGAPOINTE;Lyre Beam/Spot 470 W 1,8 à 42°•ROBE;ECLAIRAGE;Asservi;Beam;Entrepôt 1 : D2;1;ROBE;G17  - 2300890612
MEGAPOINTE;Lyre Beam/Spot 470 W 1,8 à 42°•ROBE;ECLAIRAGE;Asservi;Beam;Entrepôt 1 : D2;1;ROBE;G18 - 2300890623
MEGAPOINTE;Lyre Beam/Spot 470 W 1,8 à 42°•ROBE;ECLAIRAGE;Asservi;Beam;Entrepôt 1 : D2;1;ROBE;G19  - 2300890625
MEGAPOINTE;Lyre Beam/Spot 470 W 1,8 à 42°•ROBE;ECLAIRAGE;Asservi;Beam;Entrepôt 1 : D2;1;ROBE;G20
MEGAPOINTE;Lyre Beam/Spot 470 W 1,8 à 42°•ROBE;ECLAIRAGE;Asservi;Beam;Entrepôt 1 : D2;1;ROBE;G21
MEGAPOINTE;Lyre Beam/Spot 470 W 1,8 à 42°•ROBE;ECLAIRAGE;Asservi;Beam;Entrepôt 1 : D2;1;ROBE;G22  - 2300890615
MEGAPOINTE;Lyre Beam/Spot 470 W 1,8 à 42°•ROBE;ECLAIRAGE;Asservi;Beam;Entrepôt 1 : D2;1;ROBE;G23  - 2300890621
MEGAPOINTE;Lyre Beam/Spot 470 W 1,8 à 42°•ROBE;ECLAIRAGE;Asservi;Beam;Entrepôt 1 : D2;1;ROBE;G24  - 2300890617
MELANGEUR VIDEO SDI;MELANGEUR 3x SDI- 2 x SDI HDMI/OUT Master Preview/Full HD 1080p;AUDIOVISUEL;Régie Vidéo;Mélangeur;Entrepôt 1 : F2;1;;
MG10;Console 4mic/3st/1/2 USB non rackable • YAMAHA;SONORISATION;Console;Console analogique;Entrepôt 1 : A1;4;YAMAHA;
MG12/4;Console 8mic/4st/2/2 • YAMAHA;SONORISATION;Console;Console analogique;Entrepôt 1 : A1;1;YAMAHA;
MICRO INTER;Micro avec interrupteur;SONORISATION;Micro;Micro dynamique;Entrepôt 2 : N;14;;
MICROTALKY;Micro déporté pour talky walky;SONORISATION;Intercomm / Talky;Talky;Entrepôt 2 : M;18;;
MINI-B;Lyre à led wash, 7 x 40W, zoom 4-55° • CLAYPAKY;ECLAIRAGE;Asservi;Wash;Entrepôt 1 : D3;1;CLAY PAKY;BX000897   - M54
MINI-B;Lyre à led wash, 7 x 40W, zoom 4-55° • CLAYPAKY;ECLAIRAGE;Asservi;Wash;Entrepôt 1 : D3;1;CLAY PAKY;BX035808   - M33
MINI-B;Lyre à led wash, 7 x 40W, zoom 4-55° • CLAYPAKY;ECLAIRAGE;Asservi;Wash;Entrepôt 1 : D3;1;CLAY PAKY;BX051369   - M26
MINI-B;Lyre à led wash, 7 x 40W, zoom 4-55° • CLAYPAKY;ECLAIRAGE;Asservi;Wash;Entrepôt 1 : D3;1;CLAY PAKY;BX056441   - M46
MINI-B;Lyre à led wash, 7 x 40W, zoom 4-55° • CLAYPAKY;ECLAIRAGE;Asservi;Wash;Entrepôt 1 : D3;1;CLAY PAKY;BX058625   - M27
MINI-B;Lyre à led wash, 7 x 40W, zoom 4-55° • CLAYPAKY;ECLAIRAGE;Asservi;Wash;Entrepôt 1 : D3;1;CLAY PAKY;BX078362   - M37
MINI-B;Lyre à led wash, 7 x 40W, zoom 4-55° • CLAYPAKY;ECLAIRAGE;Asservi;Wash;Entrepôt 1 : D3;1;CLAY PAKY;BX102194   - M48
MINI-B;Lyre à led wash, 7 x 40W, zoom 4-55° • CLAYPAKY;ECLAIRAGE;Asservi;Wash;Entrepôt 1 : D3;1;CLAY PAKY;BX105146   - M35
MINI-B;Lyre à led wash, 7 x 40W, zoom 4-55° • CLAYPAKY;ECLAIRAGE;Asservi;Wash;Entrepôt 1 : D3;1;CLAY PAKY;BX119150   - M30
MINI-B;Lyre à led wash, 7 x 40W, zoom 4-55° • CLAYPAKY;ECLAIRAGE;Asservi;Wash;Entrepôt 1 : D3;1;CLAY PAKY;BX126648   - M39
MINI-B;Lyre à led wash, 7 x 40W, zoom 4-55° • CLAYPAKY;ECLAIRAGE;Asservi;Wash;Entrepôt 1 : D3;1;CLAY PAKY;BX136680   - M14
MINI-B;Lyre à led wash, 7 x 40W, zoom 4-55° • CLAYPAKY;ECLAIRAGE;Asservi;Wash;Entrepôt 1 : D3;1;CLAY PAKY;BX153056
MINI-B;Lyre à led wash, 7 x 40W, zoom 4-55° • CLAYPAKY;ECLAIRAGE;Asservi;Wash;Entrepôt 1 : D3;1;CLAY PAKY;BX155015   - M53
MINI-B;Lyre à led wash, 7 x 40W, zoom 4-55° • CLAYPAKY;ECLAIRAGE;Asservi;Wash;Entrepôt 1 : D3;1;CLAY PAKY;BX167929   - M38
MINI-B;Lyre à led wash, 7 x 40W, zoom 4-55° • CLAYPAKY;ECLAIRAGE;Asservi;Wash;Entrepôt 1 : D3;1;CLAY PAKY;BX192610   - M28
MINI-B;Lyre à led wash, 7 x 40W, zoom 4-55° • CLAYPAKY;ECLAIRAGE;Asservi;Wash;Entrepôt 1 : D3;1;CLAY PAKY;BX192623   - M24
MINI-B;Lyre à led wash, 7 x 40W, zoom 4-55° • CLAYPAKY;ECLAIRAGE;Asservi;Wash;Entrepôt 1 : D3;1;CLAY PAKY;BX196545   - M34
MINI-B;Lyre à led wash, 7 x 40W, zoom 4-55° • CLAYPAKY;ECLAIRAGE;Asservi;Wash;Entrepôt 1 : D3;1;CLAY PAKY;BX251534   - M07
MINI-B;Lyre à led wash, 7 x 40W, zoom 4-55° • CLAYPAKY;ECLAIRAGE;Asservi;Wash;Entrepôt 1 : D3;1;CLAY PAKY;BX257716
MINI-B;Lyre à led wash, 7 x 40W, zoom 4-55° • CLAYPAKY;ECLAIRAGE;Asservi;Wash;Entrepôt 1 : D3;1;CLAY PAKY;BX259680   - M25
MINI-B;Lyre à led wash, 7 x 40W, zoom 4-55° • CLAYPAKY;ECLAIRAGE;Asservi;Wash;Entrepôt 1 : D3;1;CLAY PAKY;BX293605   - M44
MINI-B;Lyre à led wash, 7 x 40W, zoom 4-55° • CLAYPAKY;ECLAIRAGE;Asservi;Wash;Entrepôt 1 : D3;1;CLAY PAKY;BX335013   - M20
MINI-B;Lyre à led wash, 7 x 40W, zoom 4-55° • CLAYPAKY;ECLAIRAGE;Asservi;Wash;Entrepôt 1 : D3;1;CLAY PAKY;BX341087   - M42
MINI-B;Lyre à led wash, 7 x 40W, zoom 4-55° • CLAYPAKY;ECLAIRAGE;Asservi;Wash;Entrepôt 1 : D3;1;CLAY PAKY;BX341612   - M52
MINI-B;Lyre à led wash, 7 x 40W, zoom 4-55° • CLAYPAKY;ECLAIRAGE;Asservi;Wash;Entrepôt 1 : D3;1;CLAY PAKY;BX394109   - M36
MINI-B;Lyre à led wash, 7 x 40W, zoom 4-55° • CLAYPAKY;ECLAIRAGE;Asservi;Wash;Entrepôt 1 : D3;1;CLAY PAKY;BX397855   - M41
MINI-B;Lyre à led wash, 7 x 40W, zoom 4-55° • CLAYPAKY;ECLAIRAGE;Asservi;Wash;Entrepôt 1 : D3;1;CLAY PAKY;BX441258   - M13
MINI-B;Lyre à led wash, 7 x 40W, zoom 4-55° • CLAYPAKY;ECLAIRAGE;Asservi;Wash;Entrepôt 1 : D3;1;CLAY PAKY;BX447360   - M04
MINI-B;Lyre à led wash, 7 x 40W, zoom 4-55° • CLAYPAKY;ECLAIRAGE;Asservi;Wash;Entrepôt 1 : D3;1;CLAY PAKY;BX450238   - M22
MINI-B;Lyre à led wash, 7 x 40W, zoom 4-55° • CLAYPAKY;ECLAIRAGE;Asservi;Wash;Entrepôt 1 : D3;1;CLAY PAKY;BX454525
MINI-B;Lyre à led wash, 7 x 40W, zoom 4-55° • CLAYPAKY;ECLAIRAGE;Asservi;Wash;Entrepôt 1 : D3;1;CLAY PAKY;BX489931   - M40
MINI-B;Lyre à led wash, 7 x 40W, zoom 4-55° • CLAYPAKY;ECLAIRAGE;Asservi;Wash;Entrepôt 1 : D3;1;CLAY PAKY;BX499921   - M29
MINI-B;Lyre à led wash, 7 x 40W, zoom 4-55° • CLAYPAKY;ECLAIRAGE;Asservi;Wash;Entrepôt 1 : D3;1;CLAY PAKY;BX551169   - M32
MINI-B;Lyre à led wash, 7 x 40W, zoom 4-55° • CLAYPAKY;ECLAIRAGE;Asservi;Wash;Entrepôt 1 : D3;1;CLAY PAKY;BX559992   - M51
MINI-B;Lyre à led wash, 7 x 40W, zoom 4-55° • CLAYPAKY;ECLAIRAGE;Asservi;Wash;Entrepôt 1 : D3;1;CLAY PAKY;BX594802   - M08
MINI-B;Lyre à led wash, 7 x 40W, zoom 4-55° • CLAYPAKY;ECLAIRAGE;Asservi;Wash;Entrepôt 1 : D3;1;CLAY PAKY;BX601074   - M05
MINI-B;Lyre à led wash, 7 x 40W, zoom 4-55° • CLAYPAKY;ECLAIRAGE;Asservi;Wash;Entrepôt 1 : D3;1;CLAY PAKY;BX615033   - M23
MINI-B;Lyre à led wash, 7 x 40W, zoom 4-55° • CLAYPAKY;ECLAIRAGE;Asservi;Wash;Entrepôt 1 : D3;1;CLAY PAKY;BX620154   - M21
MINI-B;Lyre à led wash, 7 x 40W, zoom 4-55° • CLAYPAKY;ECLAIRAGE;Asservi;Wash;Entrepôt 1 : D3;1;CLAY PAKY;BX640438   - M02
MINI-B;Lyre à led wash, 7 x 40W, zoom 4-55° • CLAYPAKY;ECLAIRAGE;Asservi;Wash;Entrepôt 1 : D3;1;CLAY PAKY;BX649520   - M16
MINI-B;Lyre à led wash, 7 x 40W, zoom 4-55° • CLAYPAKY;ECLAIRAGE;Asservi;Wash;Entrepôt 1 : D3;1;CLAY PAKY;BX714093   - M45
MINI-B;Lyre à led wash, 7 x 40W, zoom 4-55° • CLAYPAKY;ECLAIRAGE;Asservi;Wash;Entrepôt 1 : D3;1;CLAY PAKY;BX725440   - M47
MINI-B;Lyre à led wash, 7 x 40W, zoom 4-55° • CLAYPAKY;ECLAIRAGE;Asservi;Wash;Entrepôt 1 : D3;1;CLAY PAKY;BX739968
MINI-B;Lyre à led wash, 7 x 40W, zoom 4-55° • CLAYPAKY;ECLAIRAGE;Asservi;Wash;Entrepôt 1 : D3;1;CLAY PAKY;BX767447   - M01
MINI-B;Lyre à led wash, 7 x 40W, zoom 4-55° • CLAYPAKY;ECLAIRAGE;Asservi;Wash;Entrepôt 1 : D3;1;CLAY PAKY;BX809187   - M12
MINI-B;Lyre à led wash, 7 x 40W, zoom 4-55° • CLAYPAKY;ECLAIRAGE;Asservi;Wash;Entrepôt 1 : D3;1;CLAY PAKY;BX855576   - M31
MINI-B;Lyre à led wash, 7 x 40W, zoom 4-55° • CLAYPAKY;ECLAIRAGE;Asservi;Wash;Entrepôt 1 : D3;1;CLAY PAKY;BX856163   - M49
MINI-B;Lyre à led wash, 7 x 40W, zoom 4-55° • CLAYPAKY;ECLAIRAGE;Asservi;Wash;Entrepôt 1 : D3;1;CLAY PAKY;BX863878   - M09
MINI-B;Lyre à led wash, 7 x 40W, zoom 4-55° • CLAYPAKY;ECLAIRAGE;Asservi;Wash;Entrepôt 1 : D3;1;CLAY PAKY;BX891810   - M43
MINI-B;Lyre à led wash, 7 x 40W, zoom 4-55° • CLAYPAKY;ECLAIRAGE;Asservi;Wash;Entrepôt 1 : D3;1;CLAY PAKY;BX910992
MINI-B;Lyre à led wash, 7 x 40W, zoom 4-55° • CLAYPAKY;ECLAIRAGE;Asservi;Wash;Entrepôt 1 : D3;1;CLAY PAKY;BX919074   - M15
MINI-B;Lyre à led wash, 7 x 40W, zoom 4-55° • CLAYPAKY;ECLAIRAGE;Asservi;Wash;Entrepôt 1 : D3;1;CLAY PAKY;BX964916   - M10
MINI-B;Lyre à led wash, 7 x 40W, zoom 4-55° • CLAYPAKY;ECLAIRAGE;Asservi;Wash;Entrepôt 1 : D3;1;CLAY PAKY;BX968251   - M06
MINI-B;Lyre à led wash, 7 x 40W, zoom 4-55° • CLAYPAKY;ECLAIRAGE;Asservi;Wash;Entrepôt 1 : D3;1;CLAY PAKY;BX995475   - M03
MINIBU;Bumper 6 x KARA • L'ACOUSTICS;SONORISATION;Enceinte;accessoire L-ACOUSTICS;;1;L-ACOUSTICS;0840002778
MINIBU;Bumper 6 x KARA • L'ACOUSTICS;SONORISATION;Enceinte;accessoire L-ACOUSTICS;;1;L-ACOUSTICS;0840002779
MINIBU;Bumper 6 x KARA • L'ACOUSTICS;SONORISATION;Enceinte;accessoire L-ACOUSTICS;;1;L-ACOUSTICS;0840002799
MINIBU;Bumper 6 x KARA • L'ACOUSTICS;SONORISATION;Enceinte;accessoire L-ACOUSTICS;;1;L-ACOUSTICS;0840002801
MINIBU;Bumper 6 x KARA • L'ACOUSTICS;SONORISATION;Enceinte;accessoire L-ACOUSTICS;;1;L-ACOUSTICS;840002778
MINIBU;Bumper 6 x KARA • L'ACOUSTICS;SONORISATION;Enceinte;accessoire L-ACOUSTICS;;1;L-ACOUSTICS;840002779
MINIBU;Bumper 6 x KARA • L'ACOUSTICS;SONORISATION;Enceinte;accessoire L-ACOUSTICS;;1;L-ACOUSTICS;840002799
MINIBU;Bumper 6 x KARA • L'ACOUSTICS;SONORISATION;Enceinte;accessoire L-ACOUSTICS;;1;L-ACOUSTICS;840002801
MINIJACK/RCA;Adaptateur Mini-Jack stéréo / 2xRCA;SONORISATION;Cablages audio;Adaptateurs;;2;;
MINIJACK/XLRF;Adaptateur Mini-Jack stéréo / 2xXLR femelle;SONORISATION;Cablages audio;Adaptateurs;;5;;
MINIJACK/XLRM;Adaptateur Mini-Jack stéréo / 2xXLR mâles;SONORISATION;Cablages audio;Adaptateurs;;4;;
MINIKOLOR;Mini PAR led 7x3w RGB 16° IP65 strobe 560 lumens • STARWAY;ECLAIRAGE;Asservi;PAR Led;Entrepôt 1 : F4;63;STARWAY;
MISTRAL 24;Console mistral 24 • OXO;ECLAIRAGE;Consoles;Consoles traditionnelles;Entrepôt 2 : M;1;OXO;
MISTRAL 48;Console mistral 48 • OXO;ECLAIRAGE;Consoles;Consoles traditionnelles;Entrepôt 2 : M;1;OXO;
MLCPLUS100;Controleur MédiaLink Plus• EXTRON;AUDIOVISUEL;Captation d'image;Medias;Entrepôt 2 : J3;1;EXTRON;
MM1;Microphone de mesure à condensateur•BEYERDYNAMIC;SONORISATION;Micro;Pieds / Accessoires micro;;3;BEYERDYNAMIC;
MOISE039;Moise 0,39 M • LAYHER;STRUCTURE;Layher;Echaffaudage;;6;LAYHER;
MOISE086;Moise 0,86 M • LAYHER;STRUCTURE;Layher;Echaffaudage;;14;LAYHER;
MOISE157;Moise 1,57 M • LAYHER;STRUCTURE;Layher;Echaffaudage;;3;LAYHER;
MOISE207;Moise 2.07 M • LAYHER;STRUCTURE;Layher;Echaffaudage;;38;LAYHER;
MOISE257;Moise 2,57 M • LAYHER;STRUCTURE;Layher;Echaffaudage;;445;LAYHER;
MOISEDIAG;Moise diagonale horizontale 2.57 • LAYHER;STRUCTURE;Layher;Echaffaudage;;11;LAYHER;
MOISEPAL257;Moise palière 2,07 • LAYHER;STRUCTURE;Layher;Echaffaudage;;2;LAYHER;
MONTANTSG050;Montant vertical sans goujon • LAYHER;STRUCTURE;Layher;Echaffaudage;;6;LAYHER;
MOT CHAINMSTR 1T;Moteur 1 T 4m/mn 21m de chaine;STRUCTURE;Levage;Moteurs de levage;Entrepôt 2 : L1;9;;
MOT CM-320;Moteur ChainMaster RiggingLift D8 320 KG - 20m de chaine - 4m/min;STRUCTURE;Levage;Moteurs de levage;Entrepôt 2 : L1;20;CHAINMASTER;
MOT CM1000;Moteur ChainMaster RiggingLift D8 1000 KG - 20m de chaine - 4m/min;STRUCTURE;Levage;Moteurs de levage;Entrepôt 2 : L1;20;CHAINMASTER;
MOT LIFTKET 1T;Moteur 1 T 5m/mn 19m de chaine;STRUCTURE;Levage;Moteurs de levage;Entrepôt 2 : L1;25;;
MOT250KG;Moteur 250Kg 6m/mn 20,00m de chaine;STRUCTURE;Levage;Moteurs de levage;Entrepôt 2 : L1;1;CHAINMASTER;18875
MOT250KG;Moteur 250Kg 6m/mn 20,00m de chaine;STRUCTURE;Levage;Moteurs de levage;Entrepôt 2 : L1;1;CHAINMASTER;710550
MOT250KG;Moteur 250Kg 6m/mn 20,00m de chaine;STRUCTURE;Levage;Moteurs de levage;Entrepôt 2 : L1;1;CHAINMASTER;800560
MOT250KG;Moteur 250Kg 6m/mn 20,00m de chaine;STRUCTURE;Levage;Moteurs de levage;Entrepôt 2 : L1;1;CHAINMASTER;908615
MOT250KG;Moteur 250Kg 6m/mn 20,00m de chaine;STRUCTURE;Levage;Moteurs de levage;Entrepôt 2 : L1;1;CHAINMASTER;A03229
MOT250KG;Moteur 250Kg 6m/mn 20,00m de chaine;STRUCTURE;Levage;Moteurs de levage;Entrepôt 2 : L1;1;CHAINMASTER;A05337
MOT250KG;Moteur 250Kg 6m/mn 20,00m de chaine;STRUCTURE;Levage;Moteurs de levage;Entrepôt 2 : L1;1;CHAINMASTER;A05339
MOT500KG;Moteur 500Kg 6m/mn 20,00m de chaine;STRUCTURE;Levage;Moteurs de levage;Entrepôt 2 : L1;1;STAGEMAKER;271171
MOT500KG;Moteur 500Kg 6m/mn 20,00m de chaine;STRUCTURE;Levage;Moteurs de levage;Entrepôt 2 : L1;1;STAGEMAKER;A01053
MOT500KG;Moteur 500Kg 6m/mn 20,00m de chaine;STRUCTURE;Levage;Moteurs de levage;Entrepôt 2 : L1;1;STAGEMAKER;
MOTIF6-;Synthé Motif XF 7•YAMAHA;BACKLINE;Instruments;Claviers;E3;1;YAMAHA;
MOV'IN 160+;Scène remorque couverte 13,5x11,5 Accroche10T•GUILLET;STRUCTURE;Scène;Scènes mobiles couvertes;;1;GUILLET;
MOV'IN 60;Scène remorque couverte 9X6,7•MOVING STAGE;STRUCTURE;Scène;Scènes mobiles couvertes;;1;MOVING STAGE;
MOV'IN 80+;Scène remorque couverte 11,3x7•MOVING STAGE;STRUCTURE;Scène;Scènes mobiles couvertes;;1;MOVING STAGE;
MS101;Enceinte amplifiée • YAMAHA;SONORISATION;Enceinte;Enceintes Amplifiées;Entrepôt 2 : N;4;YAMAHA;
MT470;Pied de levage MAT UP 4,7m-150Kg-Treuil;STRUCTURE;Levage;Pied de levage;Entrepôt 2 : K3;2;;
MT550;Pied de levage MT 550 charge 225KG Ht 5,50m;STRUCTURE;Levage;Pied de levage;;2;;
MULTI 4 x RJ45;Multipaire 4x RJ45 CAT.6a 10GBit;SONORISATION;Cablages audio;Multipaires;;3;;
MULTI RJ45 100M;Multipaire numérique RJ45x2 / AESx2 / PC16Ax1;SONORISATION;Cablages audio;Multipaires;;8;;
MULTI RJ45 50M;Multipaire numérique RJ45x2 / AESx2 / PC16Ax1 50M;SONORISATION;Cablages audio;Multipaires;;1;;
MULTI-4SPK/15M;Multipaire 4 x speakons 4 (mâle/femelle) + PC16A 15m;SONORISATION;Cablages audio;Câbles speakon;;3;;
MULTI2P/02M;MULTI 2P XLRM/XLRF 2M;SONORISATION;Cablages audio;Câbles 2P/4P/8P;;2;;
MULTI2P/05M;MULTI 2P XLRM/XLRF 5M;SONORISATION;Cablages audio;Câbles 2P/4P/8P;;28;;
MULTI2P/07M;MULTI 2P XLRM/XLRF 7M;SONORISATION;Cablages audio;Câbles 2P/4P/8P;;12;;
MULTI2P/15M;MULTI 2P XLRM/XLRF 15M;SONORISATION;Cablages audio;Câbles 2P/4P/8P;;1;;
MULTI2P/30M;MULTI 2P XLRM/XLRF 30M;SONORISATION;Cablages audio;Câbles 2P/4P/8P;;6;;
MULTI40/20 100M;Multipaire 40E / 20S 100m;SONORISATION;Cablages audio;Multipaires;Entrepôt 2 : M;1;;
MULTI40/20 50M;Multipaire 40E / 20S 50m;SONORISATION;Cablages audio;Multipaires;;1;;
MULTI4P/02M;MULTI 4P XLRM/XLRF Long 2M;SONORISATION;Cablages audio;Câbles 2P/4P/8P;;4;;
MULTI4P/05M;MULTI 4P XLRM/XLRF Long 5M;SONORISATION;Cablages audio;Câbles 2P/4P/8P;;22;;
MULTI4P/07M;MULTI 4P XLRM/XLRF Long 7M;SONORISATION;Cablages audio;Câbles 2P/4P/8P;;6;;
MULTI4P/10M;MULTI 4P XLRM/XLRF Long 10M;SONORISATION;Cablages audio;Câbles 2P/4P/8P;;15;;
MULTI4P/20M;MULTI 4P XLRM/XLRF Long 20M;SONORISATION;Cablages audio;Câbles 2P/4P/8P;;4;;
MULTI4P/30M;MULTI 4P XLRM/XLRF Long 30M;SONORISATION;Cablages audio;Câbles 2P/4P/8P;;1;;
MULTI80;Multipaire 80 paires 100,00m;SONORISATION;Cablages audio;Multipaires;Entrepôt 2 : M;1;;
MULTI8P/05M;MULTI 8P XLRM/XLRF Long 5m;SONORISATION;Cablages audio;Câbles 2P/4P/8P;;4;;
MULTI8P/07M;MULTI 8P XLRM/XLRF Long 7m;SONORISATION;Cablages audio;Câbles 2P/4P/8P;;5;;
MULTI8P/10M;MULTI 8P XLRM/XLRF Long10 m;SONORISATION;Cablages audio;Câbles 2P/4P/8P;;6;;
MULTI8P/20M;MULTI 8P XLRM/XLRF Long 20 m;SONORISATION;Cablages audio;Câbles 2P/4P/8P;;2;;
MULTI8P/50M;MULTI 8P XLRM/XLRF Long 50M;SONORISATION;Cablages audio;Câbles 2P/4P/8P;;2;;
MULTIDATA;1interphonie - 3lignes DMX - 1 PC32A Mono;ECLAIRAGE;Câblage;SNAKE DMX / RJ45;Entrepôt 1 : D1;1;;
MULTIDATA2;4 x dmx 5 pts / 2 x rj45 / pc16;ECLAIRAGE;Câblage;SNAKE DMX / RJ45;Entrepôt 1 : D1;2;;
MULTIDATA3;2 x dmx 5 pts / 2 x rj45 / pc16;ECLAIRAGE;Câblage;SNAKE DMX / RJ45;Entrepôt 1 : D1;2;;
MULTIECL05;Multipaire lumière 8 circ.1,5mm2 M&F 5,00m;ECLAIRAGE;Câblage;Multipaire 8 circuit;Entrepôt 1 : A2;25;;
MULTIECL10;Multipaire lumière 8 circ.1,5mm2 M&F 10,00m;ECLAIRAGE;Câblage;Multipaire 8 circuit;Entrepôt 1 : A2;40;;
MULTIECL15;Multipaire lumière 8 circ.1,5mm2 M&F 15,00m;ECLAIRAGE;Câblage;Multipaire 8 circuit;Entrepôt 1 : A2;25;;
MULTIECL20;Multipaire lumière 8 circuits 1,5mm2 M&F 20,00m;ECLAIRAGE;Câblage;Multipaire 8 circuit;Entrepôt 1 : A2;47;;
MULTIECL30;Multipaire lumière 8 circuits 1,5mm2 M&F 30,00m;ECLAIRAGE;Câblage;Multipaire 8 circuit;Entrepôt 1 : A2;25;;
MULTIMADI;multipaire audio numérique BNCx4 / RJ45x2 / AESx2 / 32 mono;SONORISATION;Cablages audio;Multipaires;Entrepôt 2 : M;2;;
MULTIPRISE;Quadruplette noire 10/16A;DISTRIBUTION ELECTRIQUE;Câblage;Multipries 16 ampères;Entrepôt 1 : A3;75;;
MULTIPRISE-I;Quadruplette noire 10/16A02 avec inter;DISTRIBUTION ELECTRIQUE;Câblage;Multipries 16 ampères;Entrepôt 1 : A3;151;;
MULTITD20;Multipaire 20 paires 50,00m;SONORISATION;Cablages audio;Multipaires;;1;;
MX30;Contrôleur Scaler NOVASTAR All-In-One;AUDIOVISUEL;Régie Vidéo;Mélangeur;;1;NOVASTAR;
MY16-AUD2;YAMAHA•Carte d'extension Dante • YAMAHA;SONORISATION;Console;Accessoire console;Entrepôt 2 : N;1;YAMAHA;
MY16AT;Carte 2 ADAT in / 2 ADAT out • YAMAHA;SONORISATION;Console;Accessoire console;Entrepôt 2 : N;2;YAMAHA;
MY4-DA;Carte 4 OUT ANALOG XLR • YAMAHA;SONORISATION;Console;Accessoire console;Entrepôt 2 : N;1;YAMAHA;21YABO01002
MY4-DA;Carte 4 OUT ANALOG XLR • YAMAHA;SONORISATION;Console;Accessoire console;Entrepôt 2 : N;1;YAMAHA;MY4-DA_1_2
MY8-ADDA96;Carte 8 INSERTS • YAMAHA;SONORISATION;Console;Accessoire console;Entrepôt 2 : N;2;YAMAHA;
MY8-AE96;Carte 8-in/8-out AES/EBU • YAMAHA;SONORISATION;Console;Accessoire console;Entrepôt 2 : N;1;YAMAHA;21YABO01005
MY8-AE96;Carte 8-in/8-out AES/EBU • YAMAHA;SONORISATION;Console;Accessoire console;Entrepôt 2 : N;3;YAMAHA;
MY8-TD;Carte 8-in/8-out TDIF-1 (TASCAM) • YAMAHA;SONORISATION;Console;Accessoire console;Entrepôt 2 : N;1;YAMAHA;
MY8AD24;Carte 8 IN ANALOG JACK 6'35 • YAMAHA;SONORISATION;Console;Accessoire console;Entrepôt 2 : N;1;YAMAHA;21YABP01013
MY8AD24;Carte 8 IN ANALOG JACK 6'35 • YAMAHA;SONORISATION;Console;Accessoire console;Entrepôt 2 : N;1;YAMAHA;MY8AD24_1_2
NANOCLOCKS;Horloge synchro • ROSENDAHL;SONORISATION;Console;Accessoire console;;3;ROSENDAHL;
NORD2-;Piano Nord Stage 2 EX 88•CLAVIA;BACKLINE;Instruments;Claviers;E3;1;CLAVIA;
NORDELEC-;Synthé Nord Electro 5D 61•CLAVIA;BACKLINE;Instruments;Claviers;E3;1;CLAVIA;
NT1;Micro à condensateur large membrane cardioïde • RODE;SONORISATION;Micro;Micro statique;Entrepôt 2 : N;2;RODE;
OPTICAL-2MU-150;Fibre Optique OpticalCon Duo Multimode 150m;SONORISATION;Cablages audio;Fibre Optique;;6;;
OPUS 88;Micro électrostatique BEYER DYNAMIQUE;SONORISATION;Micro;Micro statique;Entrepôt 2 : N;7;;
OREILTALKY;Oreillette pour TK-3101E;SONORISATION;Intercomm / Talky;Talky;Entrepôt 2 : M;20;;
ORRTS16U70;rack open Top suspendu 16U prof700-Couvercles rabattants;SONORISATION;Enceinte;Enceintes Amplifiées;;6;;
P1;Processeur AVB et plateforme de mesure • L'ACOUSTICS;SONORISATION;Enceinte;accessoire L-ACOUSTICS;;2;L-ACOUSTICS;
P1 RETRO;PORTMAN P1 rétro lamp;ECLAIRAGE;Traditionnel;Projecteur divers;Entrepôt 1 : F4;8;;
P10RPLUS-G10E;SHURE • Récepteur PSM1000 470 - 542 Mhz;SONORISATION;Ear Monitor;Ear Monitor;;1;SHURE;3CJ22471671
P10RPLUS-G10E;SHURE • Récepteur PSM1000 470 - 542 Mhz;SONORISATION;Ear Monitor;Ear Monitor;;1;SHURE;3CJ22471710
P10RPLUS-G10E;SHURE • Récepteur PSM1000 470 - 542 Mhz;SONORISATION;Ear Monitor;Ear Monitor;;1;SHURE;3CJ23475032
P10RPLUS-G10E;SHURE • Récepteur PSM1000 470 - 542 Mhz;SONORISATION;Ear Monitor;Ear Monitor;;1;SHURE;3CJ23475082
P10RPLUS-G10E;SHURE • Récepteur PSM1000 470 - 542 Mhz;SONORISATION;Ear Monitor;Ear Monitor;;1;SHURE;3CJ23475183
P10RPLUS-G10E;SHURE • Récepteur PSM1000 470 - 542 Mhz;SONORISATION;Ear Monitor;Ear Monitor;;1;SHURE;3CJ23475400
P10RPLUS-G10E;SHURE • Récepteur PSM1000 470 - 542 Mhz;SONORISATION;Ear Monitor;Ear Monitor;;1;SHURE;3CJ23479834
P10RPLUS-G10E;SHURE • Récepteur PSM1000 470 - 542 Mhz;SONORISATION;Ear Monitor;Ear Monitor;;1;SHURE;3CJ23479947
P10RPLUS-G10E;SHURE • Récepteur PSM1000 470 - 542 Mhz;SONORISATION;Ear Monitor;Ear Monitor;;1;SHURE;3CJ23479985
P10RPLUS-G10E;SHURE • Récepteur PSM1000 470 - 542 Mhz;SONORISATION;Ear Monitor;Ear Monitor;;1;SHURE;3CJ23480027
P10RPLUS-G10E;SHURE • Récepteur PSM1000 470 - 542 Mhz;SONORISATION;Ear Monitor;Ear Monitor;;1;SHURE;3DG24151080
P10RPLUS-G10E;SHURE • Récepteur PSM1000 470 - 542 Mhz;SONORISATION;Ear Monitor;Ear Monitor;;1;SHURE;3DG24151307
P10RPLUS-G10E;SHURE • Récepteur PSM1000 470 - 542 Mhz;SONORISATION;Ear Monitor;Ear Monitor;;1;SHURE;3DI26489310
P10RPLUS-G10E;SHURE • Récepteur PSM1000 470 - 542 Mhz;SONORISATION;Ear Monitor;Ear Monitor;;1;SHURE;3DI26490238
P10RPLUS-G10E;SHURE • Récepteur PSM1000 470 - 542 Mhz;SONORISATION;Ear Monitor;Ear Monitor;;1;SHURE;3DI26491136
P10RPLUS-G10E;SHURE • Récepteur PSM1000 470 - 542 Mhz;SONORISATION;Ear Monitor;Ear Monitor;;1;SHURE;3DI26491162
P10RPLUS-G10E;SHURE • Récepteur PSM1000 470 - 542 Mhz;SONORISATION;Ear Monitor;Ear Monitor;;1;SHURE;3DI26493215
P10RPLUS-G10E;SHURE • Récepteur PSM1000 470 - 542 Mhz;SONORISATION;Ear Monitor;Ear Monitor;;1;SHURE;3DI26493289
P10RPLUS-G10E;SHURE • Récepteur PSM1000 470 - 542 Mhz;SONORISATION;Ear Monitor;Ear Monitor;;1;SHURE;3DI26493354
P10RPLUS-G10E;SHURE • Récepteur PSM1000 470 - 542 Mhz;SONORISATION;Ear Monitor;Ear Monitor;;1;SHURE;3DI26493378
P10RPLUS-G10E;SHURE • Récepteur PSM1000 470 - 542 Mhz;SONORISATION;Ear Monitor;Ear Monitor;;1;SHURE;P10RPLUS-G10E_1_17
P10RPLUS-G10E;SHURE • Récepteur PSM1000 470 - 542 Mhz;SONORISATION;Ear Monitor;Ear Monitor;;1;SHURE;P10RPLUS-G10E_1_18
P10RPLUS-G10E;SHURE • Récepteur PSM1000 470 - 542 Mhz;SONORISATION;Ear Monitor;Ear Monitor;;1;SHURE;P10RPLUS-G10E_1_19
P10RPLUS-G10E;SHURE • Récepteur PSM1000 470 - 542 Mhz;SONORISATION;Ear Monitor;Ear Monitor;;1;SHURE;P10RPLUS-G10E_1_20
P10RPLUS-G10E;SHURE • Récepteur PSM1000 470 - 542 Mhz;SONORISATION;Ear Monitor;Ear Monitor;;1;SHURE;P10RPLUS-G10E_1_21
P10RPLUS-G10E;SHURE • Récepteur PSM1000 470 - 542 Mhz;SONORISATION;Ear Monitor;Ear Monitor;;1;SHURE;P10RPLUS-G10E_1_22
P10RPLUS-G10E;SHURE • Récepteur PSM1000 470 - 542 Mhz;SONORISATION;Ear Monitor;Ear Monitor;;1;SHURE;P10RPLUS-G10E_1_23
P10RPLUS-G10E;SHURE • Récepteur PSM1000 470 - 542 Mhz;SONORISATION;Ear Monitor;Ear Monitor;;1;SHURE;P10RPLUS-G10E_1_24
P10RPLUS-G10E;SHURE • Récepteur PSM1000 470 - 542 Mhz;SONORISATION;Ear Monitor;Ear Monitor;;1;SHURE;P10RPLUS-G10E_1_25
P10RPLUS-G10E;SHURE • Récepteur PSM1000 470 - 542 Mhz;SONORISATION;Ear Monitor;Ear Monitor;;1;SHURE;P10RPLUS-G10E_1_26
P10RPLUS-G10E;SHURE • Récepteur PSM1000 470 - 542 Mhz;SONORISATION;Ear Monitor;Ear Monitor;;1;SHURE;P10RPLUS-G10E_1_27
P10RPLUS-G10E;SHURE • Récepteur PSM1000 470 - 542 Mhz;SONORISATION;Ear Monitor;Ear Monitor;;1;SHURE;P10RPLUS-G10E_1_28
P10RPLUS-G10E;SHURE • Récepteur PSM1000 470 - 542 Mhz;SONORISATION;Ear Monitor;Ear Monitor;;1;SHURE;P10RPLUS-G10E_1_29
P10RPLUS-G10E;SHURE • Récepteur PSM1000 470 - 542 Mhz;SONORISATION;Ear Monitor;Ear Monitor;;1;SHURE;P10RPLUS-G10E_1_30
P10RPLUS-G10E;SHURE • Récepteur PSM1000 470 - 542 Mhz;SONORISATION;Ear Monitor;Ear Monitor;;4;SHURE;
P10TE-G10E;SHURE • Emetteur double PSM1000 470 - 542 Mhz;SONORISATION;Ear Monitor;Ear Monitor;;1;SHURE;3AJ20815130
P10TE-G10E;SHURE • Emetteur double PSM1000 470 - 542 Mhz;SONORISATION;Ear Monitor;Ear Monitor;;1;SHURE;3AK04583952
P10TE-G10E;SHURE • Emetteur double PSM1000 470 - 542 Mhz;SONORISATION;Ear Monitor;Ear Monitor;;1;SHURE;3AK04583990
P10TE-G10E;SHURE • Emetteur double PSM1000 470 - 542 Mhz;SONORISATION;Ear Monitor;Ear Monitor;;1;SHURE;3AK04584270
P10TE-G10E;SHURE • Emetteur double PSM1000 470 - 542 Mhz;SONORISATION;Ear Monitor;Ear Monitor;;1;SHURE;3CL07329859
P10TE-G10E;SHURE • Emetteur double PSM1000 470 - 542 Mhz;SONORISATION;Ear Monitor;Ear Monitor;;1;SHURE;3DA05032936
P10TE-G10E;SHURE • Emetteur double PSM1000 470 - 542 Mhz;SONORISATION;Ear Monitor;Ear Monitor;;1;SHURE;3DB14115178
P10TE-G10E;SHURE • Emetteur double PSM1000 470 - 542 Mhz;SONORISATION;Ear Monitor;Ear Monitor;;1;SHURE;3DB14132193
P10TE-G10E;SHURE • Emetteur double PSM1000 470 - 542 Mhz;SONORISATION;Ear Monitor;Ear Monitor;;1;SHURE;3DH04503588
P10TE-G10E;SHURE • Emetteur double PSM1000 470 - 542 Mhz;SONORISATION;Ear Monitor;Ear Monitor;;1;SHURE;3DH04503982
P10TE-G10E;SHURE • Emetteur double PSM1000 470 - 542 Mhz;SONORISATION;Ear Monitor;Ear Monitor;;1;SHURE;3DH20284708
P10TE-G10E;SHURE • Emetteur double PSM1000 470 - 542 Mhz;SONORISATION;Ear Monitor;Ear Monitor;;1;SHURE;3TA21776789
P10TE-G10E;SHURE • Emetteur double PSM1000 470 - 542 Mhz;SONORISATION;Ear Monitor;Ear Monitor;;1;SHURE;3TB17353480
P10TE-G10E;SHURE • Emetteur double PSM1000 470 - 542 Mhz;SONORISATION;Ear Monitor;Ear Monitor;;1;SHURE;3TB19387571
P10TE-G10E;SHURE • Emetteur double PSM1000 470 - 542 Mhz;SONORISATION;Ear Monitor;Ear Monitor;;1;SHURE;3TC16767327
P10TE-G10E;SHURE • Emetteur double PSM1000 470 - 542 Mhz;SONORISATION;Ear Monitor;Ear Monitor;;1;SHURE;P10TE-G10E_1_16
P10TE-G10E;SHURE • Emetteur double PSM1000 470 - 542 Mhz;SONORISATION;Ear Monitor;Ear Monitor;;1;SHURE;P10TE-G10E_1_17
P10TE-G10E;SHURE • Emetteur double PSM1000 470 - 542 Mhz;SONORISATION;Ear Monitor;Ear Monitor;;1;SHURE;P10TE-G10E_1_18
P10TE-G10E;SHURE • Emetteur double PSM1000 470 - 542 Mhz;SONORISATION;Ear Monitor;Ear Monitor;;1;SHURE;P10TE-G10E_1_19
P20;"Patch 19"" 3U 20jacks";SONORISATION;Cablages audio;Multipaires;;3;;
P300C-NOIR1000;Poutre 300 carré noir 1 m • PROLYTE;STRUCTURE;Pont Aluminium;Série 300 carré;Entrepôt 2 : K3;6;PROLYTE;
P300C-NOIR2000;Poutre 300 carré noir 2 m • PROLYTE;STRUCTURE;Pont Aluminium;Série 300 carré;Entrepôt 2 : K3;12;PROLYTE;
P300C-NOIR3000;Poutre 300 carré noir 3 m • PROLYTE;STRUCTURE;Pont Aluminium;Série 300 carré;Entrepôt 2 : K3;24;PROLYTE;
P300C-NOIR500;Poutre 300 carré noir 0,5 m • PROLYTE;STRUCTURE;Pont Aluminium;Série 300 carré;Entrepôt 2 : K3;12;PROLYTE;
P300CARREPRO1000;Poutre 300 carré alu 1 m•PROLYTE;STRUCTURE;Pont Aluminium;Série 300 carré;Entrepôt 2 : K3;45;PROLYTE;
P300CARREPRO2000;Poutre 300 carré alu 2 m•PROLYTE;STRUCTURE;Pont Aluminium;Série 300 carré;Entrepôt 2 : K3;65;PROLYTE;
P300CARREPRO290;Poutre 300 carré alu 0,29 m•PROLYTE;STRUCTURE;Pont Aluminium;Série 300 carré;Entrepôt 2 : K3;31;PROLYTE;
P300CARREPRO3000;Poutre 300 carré alu 3 m•PROLYTE;STRUCTURE;Pont Aluminium;Série 300 carré;Entrepôt 2 : K3;95;PROLYTE;
P300CARREPRO500;Poutre 300 carré alu 0,5 m•PROLYTE;STRUCTURE;Pont Aluminium;Série 300 carré;Entrepôt 2 : K3;35;PROLYTE;
P300CARREPRO710;Poutre 300 carré alu 0,71 m•PROLYTE;STRUCTURE;Pont Aluminium;Série 300 carré;Entrepôt 2 : K3;10;PROLYTE;
P300PLAT2000;Poutre plate 300 long 2m;STRUCTURE;Pont Aluminium;Echelle série 300;Entrepôt 2 : K3;4;;
P300SUPPORT;PROLYTE•Support de levage série 300 caré CMU 500KG;STRUCTURE;Pont Aluminium;Série 300 carré;Entrepôt 2 : K3;14;CM;
P300TRI1000;Poutre 300 Triangulaire 1 m•PROLYTE;STRUCTURE;Pont Aluminium;Série 300 tri;Entrepôt 2 : K3;7;PROLYTE;
P300TRI2000;Poutre 300 Triangulaire 2 m•PROLYTE;STRUCTURE;Pont Aluminium;Série 300 tri;Entrepôt 2 : K3;5;PROLYTE;
P300TRI3000;Poutre 300 Triangulaire 3 m•PROLYTE;STRUCTURE;Pont Aluminium;Série 300 tri;Entrepôt 2 : K3;20;PROLYTE;
P300TRI500;Poutre 300 Triangulaire 0,5 m•PROLYTE;STRUCTURE;Pont Aluminium;Série 300 tri;Entrepôt 2 : K3;12;PROLYTE;
P300TRI710;Poutre 300 Triangulaire 0,71 m•PROLYTE;STRUCTURE;Pont Aluminium;Série 300 tri;Entrepôt 2 : K3;4;PROLYTE;
P400CARRE1400;Poutre alu série S400 1,4m;STRUCTURE;Pont Aluminium;Série S400 carré;Entrepôt 2 : K2;6;;
P400CARRE2800;Poutre alu série S400 2,8m;STRUCTURE;Pont Aluminium;Série S400 carré;Entrepôt 2 : K2;12;;
P400CARRE700;Poutre alu série S400 0,7m;STRUCTURE;Pont Aluminium;Série S400 carré;Entrepôt 2 : K2;6;;
P500CARRE2800;Poutre alu S500 carrée 2,8m;STRUCTURE;Pont Aluminium;Série 500 carré;Entrepôt 2 : K2;2;;
P500TRI1400;Poutre alu S500 triangulaire 1,4m;STRUCTURE;Pont Aluminium;Série 500 triangulaire;Entrepôt 2 : K2;7;;
P500TRI1400OUV.NOIRE;Poutre alu Noire S500 ouvert triangulaire 1,4m;STRUCTURE;Pont Aluminium;Série 500 triangulaire;Entrepôt 2 : K2;6;;
P500TRI2100;Poutre alu S500 triangulaire 2,1m;STRUCTURE;Pont Aluminium;Série 500 triangulaire;Entrepôt 2 : K2;4;;
P500TRI2800;Poutre alu S500 triangulaire 2,8m;STRUCTURE;Pont Aluminium;Série 500 triangulaire;Entrepôt 2 : K2;62;;
P500TRI2800OUV.NOIRE;Poutre alu Noire S500 ouvert triangulaire 2,8m;STRUCTURE;Pont Aluminium;Série 500 triangulaire;Entrepôt 2 : K2;25;;
P500TRI700;Poutre alu S500 triangulaire 0,7m;STRUCTURE;Pont Aluminium;Série 500 triangulaire;Entrepôt 2 : K2;1;;
P9RAPLUS-K1E;SHURE • Récepteur PSM900 596 - 632 Mhz;SONORISATION;Ear Monitor;Ear Monitor;;1;SHURE;P9RAPLUS-K1E_1_1
P9RAPLUS-K1E;SHURE • Récepteur PSM900 596 - 632 Mhz;SONORISATION;Ear Monitor;Ear Monitor;;1;SHURE;P9RAPLUS-K1E_1_2
P9RAPLUS-K1E;SHURE • Récepteur PSM900 596 - 632 Mhz;SONORISATION;Ear Monitor;Ear Monitor;;1;SHURE;P9RAPLUS-K1E_1_3
P9RAPLUS-K1E;SHURE • Récepteur PSM900 596 - 632 Mhz;SONORISATION;Ear Monitor;Ear Monitor;;1;SHURE;P9RAPLUS-K1E_1_4
P9RAPLUS-K1E;SHURE • Récepteur PSM900 596 - 632 Mhz;SONORISATION;Ear Monitor;Ear Monitor;;1;SHURE;P9RAPLUS-K1E_1_5
P9RAPLUS-K1E;SHURE • Récepteur PSM900 596 - 632 Mhz;SONORISATION;Ear Monitor;Ear Monitor;;1;SHURE;P9RAPLUS-K1E_1_6
P9TE-K1E;SHURE • Emetteur simple PSM900 596 - 632 Mhz;SONORISATION;Ear Monitor;Ear Monitor;;1;SHURE;3AJ29316678
P9TE-K1E;SHURE • Emetteur simple PSM900 596 - 632 Mhz;SONORISATION;Ear Monitor;Ear Monitor;;1;SHURE;3AJ29316705
P9TE-K1E;SHURE • Emetteur simple PSM900 596 - 632 Mhz;SONORISATION;Ear Monitor;Ear Monitor;;1;SHURE;3AL16314510
P9TE-K1E;SHURE • Emetteur simple PSM900 596 - 632 Mhz;SONORISATION;Ear Monitor;Ear Monitor;;1;SHURE;3AL16314546
PA805SWB;SHURE•Antenne - Directive 470 à 952 MHz;SONORISATION;Micro;HF Accessoire;Entrepôt 2 : M;8;SHURE;
PA821B;SHURE • Combineur d'antennes 8 entrées;SONORISATION;Ear Monitor;Ear Monitor;;7;SHURE;
PACKSAMIA;Praticable à hauteur variable 2x1m;STRUCTURE;praticables;praticables;Entrepôt 2 : K4;4;;
PACKSAMIA2;Praticable à hauteur variable 1x1m;STRUCTURE;praticables;praticables;Entrepôt 2 : K4;2;;
PAINTE;LYRE spot à couteaux, 310 W, zoom 8-48°•ROBE;ECLAIRAGE;Asservi;Spot;Entrepôt 1 : D3;1;ROBE;2300855961    - P22
PAINTE;LYRE spot à couteaux, 310 W, zoom 8-48°•ROBE;ECLAIRAGE;Asservi;Spot;Entrepôt 1 : D3;1;ROBE;2300855962    - P28
PAINTE;LYRE spot à couteaux, 310 W, zoom 8-48°•ROBE;ECLAIRAGE;Asservi;Spot;Entrepôt 1 : D3;1;ROBE;2300855969    - P27
PAINTE;LYRE spot à couteaux, 310 W, zoom 8-48°•ROBE;ECLAIRAGE;Asservi;Spot;Entrepôt 1 : D3;1;ROBE;2300855970    - P17
PAINTE;LYRE spot à couteaux, 310 W, zoom 8-48°•ROBE;ECLAIRAGE;Asservi;Spot;Entrepôt 1 : D3;1;ROBE;2300855971    - P3
PAINTE;LYRE spot à couteaux, 310 W, zoom 8-48°•ROBE;ECLAIRAGE;Asservi;Spot;Entrepôt 1 : D3;1;ROBE;2300855972    - P8
PAINTE;LYRE spot à couteaux, 310 W, zoom 8-48°•ROBE;ECLAIRAGE;Asservi;Spot;Entrepôt 1 : D3;1;ROBE;2300855973    - P18
PAINTE;LYRE spot à couteaux, 310 W, zoom 8-48°•ROBE;ECLAIRAGE;Asservi;Spot;Entrepôt 1 : D3;1;ROBE;2300855974    - P2
PAINTE;LYRE spot à couteaux, 310 W, zoom 8-48°•ROBE;ECLAIRAGE;Asservi;Spot;Entrepôt 1 : D3;1;ROBE;2300855987    - P9
PAINTE;LYRE spot à couteaux, 310 W, zoom 8-48°•ROBE;ECLAIRAGE;Asservi;Spot;Entrepôt 1 : D3;1;ROBE;2300855988    - P19
PAINTE;LYRE spot à couteaux, 310 W, zoom 8-48°•ROBE;ECLAIRAGE;Asservi;Spot;Entrepôt 1 : D3;1;ROBE;2300855989    - P24
PAINTE;LYRE spot à couteaux, 310 W, zoom 8-48°•ROBE;ECLAIRAGE;Asservi;Spot;Entrepôt 1 : D3;1;ROBE;2300855990    - P23
PAINTE;LYRE spot à couteaux, 310 W, zoom 8-48°•ROBE;ECLAIRAGE;Asservi;Spot;Entrepôt 1 : D3;1;ROBE;2300855993    - P13
PAINTE;LYRE spot à couteaux, 310 W, zoom 8-48°•ROBE;ECLAIRAGE;Asservi;Spot;Entrepôt 1 : D3;1;ROBE;2300855994    - P15
PAINTE;LYRE spot à couteaux, 310 W, zoom 8-48°•ROBE;ECLAIRAGE;Asservi;Spot;Entrepôt 1 : D3;1;ROBE;2300855995    - P5
PAINTE;LYRE spot à couteaux, 310 W, zoom 8-48°•ROBE;ECLAIRAGE;Asservi;Spot;Entrepôt 1 : D3;1;ROBE;2300855996    - P14
PAINTE;LYRE spot à couteaux, 310 W, zoom 8-48°•ROBE;ECLAIRAGE;Asservi;Spot;Entrepôt 1 : D3;1;ROBE;2300857452    - P25
PAINTE;LYRE spot à couteaux, 310 W, zoom 8-48°•ROBE;ECLAIRAGE;Asservi;Spot;Entrepôt 1 : D3;1;ROBE;2300857453    - P20
PAINTE;LYRE spot à couteaux, 310 W, zoom 8-48°•ROBE;ECLAIRAGE;Asservi;Spot;Entrepôt 1 : D3;1;ROBE;2300857454    - P29
PAINTE;LYRE spot à couteaux, 310 W, zoom 8-48°•ROBE;ECLAIRAGE;Asservi;Spot;Entrepôt 1 : D3;1;ROBE;2300857455    - P26
PAINTE;LYRE spot à couteaux, 310 W, zoom 8-48°•ROBE;ECLAIRAGE;Asservi;Spot;Entrepôt 1 : D3;1;ROBE;2300857456    - P7
PAINTE;LYRE spot à couteaux, 310 W, zoom 8-48°•ROBE;ECLAIRAGE;Asservi;Spot;Entrepôt 1 : D3;1;ROBE;2300857457    - P6
PAINTE;LYRE spot à couteaux, 310 W, zoom 8-48°•ROBE;ECLAIRAGE;Asservi;Spot;Entrepôt 1 : D3;1;ROBE;2300857458    - P10
PAINTE;LYRE spot à couteaux, 310 W, zoom 8-48°•ROBE;ECLAIRAGE;Asservi;Spot;Entrepôt 1 : D3;1;ROBE;2300857459    - P30
PAINTE;LYRE spot à couteaux, 310 W, zoom 8-48°•ROBE;ECLAIRAGE;Asservi;Spot;Entrepôt 1 : D3;1;ROBE;2300857460    - P16
PAINTE;LYRE spot à couteaux, 310 W, zoom 8-48°•ROBE;ECLAIRAGE;Asservi;Spot;Entrepôt 1 : D3;1;ROBE;2300857461    - P12
PAINTE;LYRE spot à couteaux, 310 W, zoom 8-48°•ROBE;ECLAIRAGE;Asservi;Spot;Entrepôt 1 : D3;1;ROBE;2300858495    - P1
PAINTE;LYRE spot à couteaux, 310 W, zoom 8-48°•ROBE;ECLAIRAGE;Asservi;Spot;Entrepôt 1 : D3;1;ROBE;2300858496    - P4
PAINTE;LYRE spot à couteaux, 310 W, zoom 8-48°•ROBE;ECLAIRAGE;Asservi;Spot;Entrepôt 1 : D3;1;ROBE;2300858497    - P11
PAINTE;LYRE spot à couteaux, 310 W, zoom 8-48°•ROBE;ECLAIRAGE;Asservi;Spot;Entrepôt 1 : D3;1;ROBE;2300858498    - P21
PALAN 0,5T-6M;Palan manuel à chaines 500 Kg / 6M de chaîne;STRUCTURE;Levage;Moteurs de levage;Entrepôt 2 : L1;2;;
PALETTE;Palette 0,8m 5 x1,25m • LAYHER;STRUCTURE;Layher;Echaffaudage;;15;LAYHER;
PAR ETC S4;ETC•PAR source IV 575W HPL + volets;ECLAIRAGE;Traditionnel;Projecteur PAR et AC;Entrepôt 2 : J3;24;ETC;
PAR110V;PAR 64 lampe 110V;ECLAIRAGE;Traditionnel;Projecteur PAR et AC;Entrepôt 1 : F6;10;;
PAR36;"Projecteur 36""F1""30w/6v";ECLAIRAGE;Traditionnel;Projecteur PAR et AC;Entrepôt 1 : F7;11;;
PAR56 COURT;Projecteur PAR 56 court (CP60-CP61-CP62);ECLAIRAGE;Traditionnel;Projecteur PAR et AC;Hors stock;8;;
PAR56 LONG;Projecteur PAR 56 (CP60-CP61-CP62) long;ECLAIRAGE;Traditionnel;Projecteur PAR et AC;Entrepôt 1 : F6;18;;
PAR64;Projecteur PAR 64 (CP60-CP61-CP62);ECLAIRAGE;Traditionnel;Projecteur PAR et AC;Entrepôt 1 : F6;97;;
PAR64 COURT;PAR 64 COUR SIMPLE LYRE;ECLAIRAGE;Traditionnel;Projecteur PAR et AC;Entrepôt 1 : F6;16;;
PASSAGECABLE;Passage de cable 1m Kappa;DISTRIBUTION ELECTRIQUE;Passage de câble;3 canaux;Entrepôt 2 : L;141;;
PASSCABLE;Passage de cables 1m X 0,29m / 3 canaux petit modèle;DISTRIBUTION ELECTRIQUE;Passage de câble;3 canaux;Entrepôt 2 : J;208;;
PASSCABLE-NOIR;Passage de cables NOIR 1m X 0,29m / 3 canaux petit modèle;DISTRIBUTION ELECTRIQUE;Passage de câble;3 canaux;Entrepôt 2 : J;41;;
PATCH SOCCA;PATCHSOCCA;ECLAIRAGE;Câblage;Multipaire 8 circuit;Entrepôt 1 : A2;4;;
PATIENCE;Patience manuelle BLAKOUT PX/M;RIDEAU-MACHINERIE;Machinerie;Patience;Entrepôt 2 : M;14;BLAKOUT;
PC4099;DPA•Clip pour piano aimanté;SONORISATION;Micro;DPA Accessoires;;7;DPA;
PCCPEARL;Pied de caisse claire•PEARL;BACKLINE;Batteries;Accesoires batteries;;4;PEARL;
PCKOLOR DW;PC led 180W blanc chaud / blanc froid COB 30°;ECLAIRAGE;Traditionnel;Plans convexe;Entrepôt 1 : F5;1;STARWAY;1809271,00 F
PCKOLOR DW;PC led 180W blanc chaud / blanc froid COB 30°;ECLAIRAGE;Traditionnel;Plans convexe;Entrepôt 1 : F5;1;STARWAY;1809281,00 F
PCKOLOR DW;PC led 180W blanc chaud / blanc froid COB 30°;ECLAIRAGE;Traditionnel;Plans convexe;Entrepôt 1 : F5;1;STARWAY;1809291,00 F
PCKOLOR DW;PC led 180W blanc chaud / blanc froid COB 30°;ECLAIRAGE;Traditionnel;Plans convexe;Entrepôt 1 : F5;1;STARWAY;1809301,00 F
PCKOLOR DW;PC led 180W blanc chaud / blanc froid COB 30°;ECLAIRAGE;Traditionnel;Plans convexe;Entrepôt 1 : F5;1;STARWAY;1809311,00 F
PCKOLOR DW;PC led 180W blanc chaud / blanc froid COB 30°;ECLAIRAGE;Traditionnel;Plans convexe;Entrepôt 1 : F5;1;STARWAY;1809321,00 F
PCKOLOR DW;PC led 180W blanc chaud / blanc froid COB 30°;ECLAIRAGE;Traditionnel;Plans convexe;Entrepôt 1 : F5;1;STARWAY;1809331,00 F
PCKOLOR DW;PC led 180W blanc chaud / blanc froid COB 30°;ECLAIRAGE;Traditionnel;Plans convexe;Entrepôt 1 : F5;1;STARWAY;1809341,00 F
PCKOLOR DW;PC led 180W blanc chaud / blanc froid COB 30°;ECLAIRAGE;Traditionnel;Plans convexe;Entrepôt 1 : F5;1;STARWAY;1809351,00 F
PCKOLOR DW;PC led 180W blanc chaud / blanc froid COB 30°;ECLAIRAGE;Traditionnel;Plans convexe;Entrepôt 1 : F5;1;STARWAY;1809361,00 F
PCKOLOR DW;PC led 180W blanc chaud / blanc froid COB 30°;ECLAIRAGE;Traditionnel;Plans convexe;Entrepôt 1 : F5;1;STARWAY;1809371,00 F
PCKOLOR DW;PC led 180W blanc chaud / blanc froid COB 30°;ECLAIRAGE;Traditionnel;Plans convexe;Entrepôt 1 : F5;1;STARWAY;1809381,00 F
PCKOLOR DW;PC led 180W blanc chaud / blanc froid COB 30°;ECLAIRAGE;Traditionnel;Plans convexe;Entrepôt 1 : F5;1;STARWAY;F1809271
PCKOLOR DW;PC led 180W blanc chaud / blanc froid COB 30°;ECLAIRAGE;Traditionnel;Plans convexe;Entrepôt 1 : F5;1;STARWAY;F1809281
PCKOLOR DW;PC led 180W blanc chaud / blanc froid COB 30°;ECLAIRAGE;Traditionnel;Plans convexe;Entrepôt 1 : F5;1;STARWAY;F1809291
PCKOLOR DW;PC led 180W blanc chaud / blanc froid COB 30°;ECLAIRAGE;Traditionnel;Plans convexe;Entrepôt 1 : F5;1;STARWAY;F1809301
PCKOLOR DW;PC led 180W blanc chaud / blanc froid COB 30°;ECLAIRAGE;Traditionnel;Plans convexe;Entrepôt 1 : F5;1;STARWAY;F1809311
PCKOLOR DW;PC led 180W blanc chaud / blanc froid COB 30°;ECLAIRAGE;Traditionnel;Plans convexe;Entrepôt 1 : F5;1;STARWAY;F1809321
PCKOLOR DW;PC led 180W blanc chaud / blanc froid COB 30°;ECLAIRAGE;Traditionnel;Plans convexe;Entrepôt 1 : F5;1;STARWAY;F1809331
PCKOLOR DW;PC led 180W blanc chaud / blanc froid COB 30°;ECLAIRAGE;Traditionnel;Plans convexe;Entrepôt 1 : F5;1;STARWAY;F1809341
PCKOLOR DW;PC led 180W blanc chaud / blanc froid COB 30°;ECLAIRAGE;Traditionnel;Plans convexe;Entrepôt 1 : F5;1;STARWAY;F1809351
PCKOLOR DW;PC led 180W blanc chaud / blanc froid COB 30°;ECLAIRAGE;Traditionnel;Plans convexe;Entrepôt 1 : F5;1;STARWAY;F1809361
PCKOLOR DW;PC led 180W blanc chaud / blanc froid COB 30°;ECLAIRAGE;Traditionnel;Plans convexe;Entrepôt 1 : F5;1;STARWAY;F1809371
PCKOLOR DW;PC led 180W blanc chaud / blanc froid COB 30°;ECLAIRAGE;Traditionnel;Plans convexe;Entrepôt 1 : F5;1;STARWAY;F1809381
PCM70;Multieffet numérique PCM70 • LEXICON;SONORISATION;Périphérique;Effet;Entrepôt 2 : M;1;LEXICON;70-1172
PCM91;Reverbe numérique PCM91 • LEXICON;SONORISATION;Périphérique;Effet;Entrepôt 2 : M;1;LEXICON;
PCM92;Multi-effets PCM92 • LEXICON;SONORISATION;Périphérique;Effet;Entrepôt 2 : M;1;LEXICON;93070282
PCM92;Multi-effets PCM92 • LEXICON;SONORISATION;Périphérique;Effet;Entrepôt 2 : M;1;LEXICON;93070287
PCM96;Multieffet numérique PCM96 • LEXICON;SONORISATION;Périphérique;Effet;Entrepôt 2 : M;1;LEXICON;01000776
PCM96;Multieffet numérique PCM96 • LEXICON;SONORISATION;Périphérique;Effet;Entrepôt 2 : M;1;LEXICON;1000758
PCM96;Multieffet numérique PCM96 • LEXICON;SONORISATION;Périphérique;Effet;Entrepôt 2 : M;1;LEXICON;1000776
PCPEARL;Pédale de charleston H2000•PEARL;BACKLINE;Batteries;Accesoires batteries;;2;PEARL;
PELLEATARTE;Quartz sur bras 50cm LED 35 W IP 65;ECLAIRAGE;Sécurité / Eclairage site;Quartz;Entrepôt 2 : J2;13;;
PEND6X2;Pendrillon 6mx2m;RIDEAU-MACHINERIE;Rideau;Rideau et pendrillon;Entrepôt 2 : M;2;;
PEND7X8;Pendrillon 7mx8m pour patience;RIDEAU-MACHINERIE;Rideau;Rideau et pendrillon;;2;;
PEND9X2.80;Pendrillon 9mx2.80m;RIDEAU-MACHINERIE;Rideau;Rideau et pendrillon;Entrepôt 2 : M;1;;PEND9X2.80_1_000001
PEND9X2.80;Pendrillon 9mx2.80m;RIDEAU-MACHINERIE;Rideau;Rideau et pendrillon;Entrepôt 2 : M;1;;PEND9X2.80_1_000002
PEND9X2.80;Pendrillon 9mx2.80m;RIDEAU-MACHINERIE;Rideau;Rideau et pendrillon;Entrepôt 2 : M;1;;PEND9X2.80_1_000003
PEND9X2.80;Pendrillon 9mx2.80m;RIDEAU-MACHINERIE;Rideau;Rideau et pendrillon;Entrepôt 2 : M;1;;PEND9X2.80_1_000004
PEND9X2.80;Pendrillon 9mx2.80m;RIDEAU-MACHINERIE;Rideau;Rideau et pendrillon;Entrepôt 2 : M;1;;PEND9X2.80_1_000005
PEND9X2.80;Pendrillon 9mx2.80m;RIDEAU-MACHINERIE;Rideau;Rideau et pendrillon;Entrepôt 2 : M;1;;PEND9X2.80_1_000006
PEND9X2.80;Pendrillon 9mx2.80m;RIDEAU-MACHINERIE;Rideau;Rideau et pendrillon;Entrepôt 2 : M;1;;PEND9X2.80_1_000007
PEND9X2.80;Pendrillon 9mx2.80m;RIDEAU-MACHINERIE;Rideau;Rideau et pendrillon;Entrepôt 2 : M;1;;PEND9X2.80_1_000008
PEND9X2.80;Pendrillon 9mx2.80m;RIDEAU-MACHINERIE;Rideau;Rideau et pendrillon;Entrepôt 2 : M;1;;PEND9X2.80_1_000009
PEND9X2.80;Pendrillon 9mx2.80m;RIDEAU-MACHINERIE;Rideau;Rideau et pendrillon;Entrepôt 2 : M;1;;PEND9X2.80_1_000010
PEND9X2.80;Pendrillon 9mx2.80m;RIDEAU-MACHINERIE;Rideau;Rideau et pendrillon;Entrepôt 2 : M;1;;PEND9X2.80_1_000011
PEND9X2.80;Pendrillon 9mx2.80m;RIDEAU-MACHINERIE;Rideau;Rideau et pendrillon;Entrepôt 2 : M;1;;PEND9X2.80_1_000012
PEND9X2.80;Pendrillon 9mx2.80m;RIDEAU-MACHINERIE;Rideau;Rideau et pendrillon;Entrepôt 2 : M;1;;PEND9X2.80_1_000013
PEND9X2.80;Pendrillon 9mx2.80m;RIDEAU-MACHINERIE;Rideau;Rideau et pendrillon;Entrepôt 2 : M;1;;PEND9X2.80_1_000014
PEND9X2.80;Pendrillon 9mx2.80m;RIDEAU-MACHINERIE;Rideau;Rideau et pendrillon;Entrepôt 2 : M;1;;PEND9X2.80_1_000015
PEND9X2.80;Pendrillon 9mx2.80m;RIDEAU-MACHINERIE;Rideau;Rideau et pendrillon;Entrepôt 2 : M;1;;PEND9X2.80_1_000016
PEND9X2.80;Pendrillon 9mx2.80m;RIDEAU-MACHINERIE;Rideau;Rideau et pendrillon;Entrepôt 2 : M;1;;PEND9X2.80_1_000017
PEND9X2.80;Pendrillon 9mx2.80m;RIDEAU-MACHINERIE;Rideau;Rideau et pendrillon;Entrepôt 2 : M;1;;PEND9X2.80_1_000018
PEND9X2.80;Pendrillon 9mx2.80m;RIDEAU-MACHINERIE;Rideau;Rideau et pendrillon;Entrepôt 2 : M;1;;PEND9X2.80_1_000019
PEND9X2.80;Pendrillon 9mx2.80m;RIDEAU-MACHINERIE;Rideau;Rideau et pendrillon;Entrepôt 2 : M;1;;PEND9X2.80_1_000020
PEND9X2.80;Pendrillon 9mx2.80m;RIDEAU-MACHINERIE;Rideau;Rideau et pendrillon;Entrepôt 2 : M;1;;PEND9X2.80_1_000021
PEND9X2.80;Pendrillon 9mx2.80m;RIDEAU-MACHINERIE;Rideau;Rideau et pendrillon;Entrepôt 2 : M;1;;PEND9X2.80_1_000022
PEND9X2.80;Pendrillon 9mx2.80m;RIDEAU-MACHINERIE;Rideau;Rideau et pendrillon;Entrepôt 2 : M;1;;PEND9X2.80_1_000023
PEND9X2.80;Pendrillon 9mx2.80m;RIDEAU-MACHINERIE;Rideau;Rideau et pendrillon;Entrepôt 2 : M;1;;PEND9X2.80_1_000024
PEND9X2.80;Pendrillon 9mx2.80m;RIDEAU-MACHINERIE;Rideau;Rideau et pendrillon;Entrepôt 2 : M;1;;PEND9X2.80_1_000025
PEND9X2.80;Pendrillon 9mx2.80m;RIDEAU-MACHINERIE;Rideau;Rideau et pendrillon;Entrepôt 2 : M;1;;PEND9X2.80_1_000026
PEND9X2.80;Pendrillon 9mx2.80m;RIDEAU-MACHINERIE;Rideau;Rideau et pendrillon;Entrepôt 2 : M;1;;PEND9X2.80_1_000027
PEND9X2.80;Pendrillon 9mx2.80m;RIDEAU-MACHINERIE;Rideau;Rideau et pendrillon;Entrepôt 2 : M;1;;PEND9X2.80_1_000028
PEND9X2.80;Pendrillon 9mx2.80m;RIDEAU-MACHINERIE;Rideau;Rideau et pendrillon;Entrepôt 2 : M;1;;PEND9X2.80_1_000029
PEND9X2.80;Pendrillon 9mx2.80m;RIDEAU-MACHINERIE;Rideau;Rideau et pendrillon;Entrepôt 2 : M;1;;PEND9X2.80_1_000030
PEND9X2.80;Pendrillon 9mx2.80m;RIDEAU-MACHINERIE;Rideau;Rideau et pendrillon;Entrepôt 2 : M;1;;PEND9X2.80_1_000031
PEND9X2.80;Pendrillon 9mx2.80m;RIDEAU-MACHINERIE;Rideau;Rideau et pendrillon;Entrepôt 2 : M;1;;PEND9X2.80_1_000032
PEND9X6;Pendrillons 9mx6m;RIDEAU-MACHINERIE;Rideau;Rideau et pendrillon;Entrepôt 2 : M;19;;
PF-800;Tête ampli transistor • AMPEG;BACKLINE;Amplis;Ampli BASSE;;1;AMPEG;
PGCDW;Pédale grosse caisse DW5000•DW;BACKLINE;Batteries;Accesoires batteries;;1;DW;
PGCPEARL;Pédale grosse caisse 2000C-E•PEARL;BACKLINE;Batteries;Accesoires batteries;;2;PEARL;
PIED AJUST 20;Pied ajustable 20 cm pour praticable STAGE DEX;STRUCTURE;praticables;praticables;Entrepôt 2 : K4;16;;
PIED AJUST 40;Pied ajustable 40 cm pour praticable STAGE DEX;STRUCTURE;praticables;praticables;Entrepôt 2 : K4;15;;
PIED AJUST 60;Pied ajustable 60 cm pour praticable STAGE DEX;STRUCTURE;praticables;praticables;Entrepôt 2 : K4;16;;
PIED AJUST 80;Pied ajustable 80 cm pour praticable STAGE DEX;STRUCTURE;praticables;praticables;Entrepôt 2 : K4;16;;
PIED TELESCO 45/60;Pied téléscopique H-45/60cm STAGE DEX;STRUCTURE;praticables;praticables;Entrepôt 2 : K4;146;;
PIED TELESCO 60/90;Pied téléscopique H-60/90cm STAGE DEX;STRUCTURE;praticables;praticables;Entrepôt 2 : K4;12;;
PIED TELESCO 90/140;Pied téléscopique H-90/140cm STAGE DEX;STRUCTURE;praticables;praticables;Entrepôt 2 : K4;120;;
PIEDECRAN;PIED DE SOL REGLABLE POUR ECRAN DE 32 A 55';AUDIOVISUEL;Diffusion d'image;Ecran plat;Entrepôt 1 : F2;6;;
PIEDEMB.RONDE;Pied de micro noir embase ronde;SONORISATION;Micro;Pieds / Accessoires micro;;5;;
PIEDEMB.RONDE 2;Pied de micro noir embase ronde emboitable;SONORISATION;Micro;Pieds / Accessoires micro;;16;;
PIEDENC;K&M•Pied enceinte à cremalliere 2,00m / 40 kg;SONORISATION;Enceinte;Pied d'enceinte;;69;K&M;
PIEDENC-2;K&M•Pied enceinte sans crémaillère 2,00m / 40 Kg;SONORISATION;Enceinte;Pied d'enceinte;;12;K&M;
PIEDENCDROIT;K&M•pied enceinte liaison tête-sub à crémaillère 1,6m;SONORISATION;Enceinte;Pied d'enceinte;;9;K&M;
PIEDENCROND;K&M•Pied enceinte embase ronde 1,8m / 20 kg;SONORISATION;Enceinte;Pied d'enceinte;;28;K&M;
PIEDPERCHGM;Pied de micro noir Grand modèle;SONORISATION;Micro;Pieds / Accessoires micro;;173;;
PIEDPERCHPM;Pied de micro bas noir avec perche;SONORISATION;Micro;Pieds / Accessoires micro;;100;;
PIEDSCENE;Pied complet + verin Ht 0,80;STRUCTURE;Scène;Scènes traditionnelles;;32;;
PIEDSTAGEDEX100;Pied fixe 100 cm pour praticable STAGE DEX;STRUCTURE;praticables;praticables;Entrepôt 2 : K4;295;;
PIEDSTAGEDEX20;Pied fixe 20 cm pour praticable STAGE DEX;STRUCTURE;praticables;praticables;Entrepôt 2 : K4;224;;
PIEDSTAGEDEX40;Pied fixe 40 cm pour praticable STAGE DEX;STRUCTURE;praticables;praticables;Entrepôt 2 : K4;308;;
PIEDSTAGEDEX60;Pied fixe 60 cm pour praticable STAGE DEX;STRUCTURE;praticables;praticables;Entrepôt 2 : K4;331;;
PIEDSTAGEDEX80;Pied fixe 80 cm pour praticable STAGE DEX;STRUCTURE;praticables;praticables;Entrepôt 2 : K4;287;;
PIEDTABLE;Pied de micro pour table;SONORISATION;Micro;Pieds / Accessoires micro;;28;;
PINCEIPN;Pince de levage pour IPN 1T;STRUCTURE;Levage;Accessoires levage;Entrepôt 2 : L1;6;;
PIXLED16;Barre de LED;ECLAIRAGE;Asservi;Architecturaux;Hors stock;2;;
PIXLED8;Barre de LED;ECLAIRAGE;Asservi;Architecturaux;Hors stock;5;;
PLANCHCOMECH257;Plancher à trappe Combi avec échelle 2.57 • LAYHER;STRUCTURE;Layher;Echaffaudage;;4;LAYHER;
PLANCHERSCENE;Plancher 21mm 1,22X1,22 antidérapant;STRUCTURE;Scène;Scènes traditionnelles;Entrepôt 2 : K1;80;;
PLANCHTRIBT16;Plancher tribune T16 0.86m x 2,57 m • LAYHER;STRUCTURE;Layher;Echaffaudage;;82;LAYHER;
PLANFER257/019;Plancher fer 2,57 m x 0,19 m • LAYHER;STRUCTURE;Layher;Echaffaudage;;10;LAYHER;
PLANFER257/032;Plancher fer 2,57 m x 0,32 m • LAYHER;STRUCTURE;Layher;Echaffaudage;;105;LAYHER;
PLANFER307;Plancher fer 3,07 x 0,32 • LAYHER;STRUCTURE;Layher;Echaffaudage;;36;LAYHER;
PLASMA42;"Ecran plasma 42"" PFM 42BE";AUDIOVISUEL;Diffusion d'image;Ecran plat;;1;;
PLATINE;Platine grand modèle pour découpes;ECLAIRAGE;Traditionnel;Découpe;Entrepôt 1 : D1;81;;
PLM10000Q;Amplificateur processé 4 X 2500 W • LAB GRUPPEN;SONORISATION;Amplification;Ampli;;1;LAB GRUPPEN;179917
PLM10000Q;Amplificateur processé 4 X 2500 W • LAB GRUPPEN;SONORISATION;Amplification;Ampli;;1;LAB GRUPPEN;179918
PLM10000Q;Amplificateur processé 4 X 2500 W • LAB GRUPPEN;SONORISATION;Amplification;Ampli;;1;LAB GRUPPEN;180245
PLM10000Q;Amplificateur processé 4 X 2500 W • LAB GRUPPEN;SONORISATION;Amplification;Ampli;;1;LAB GRUPPEN;180253
PLM10000Q;Amplificateur processé 4 X 2500 W • LAB GRUPPEN;SONORISATION;Amplification;Ampli;;1;LAB GRUPPEN;180254
PLM10000Q;Amplificateur processé 4 X 2500 W • LAB GRUPPEN;SONORISATION;Amplification;Ampli;;1;LAB GRUPPEN;180256
PLM10000Q;Amplificateur processé 4 X 2500 W • LAB GRUPPEN;SONORISATION;Amplification;Ampli;;1;LAB GRUPPEN;180571
PLM10000Q;Amplificateur processé 4 X 2500 W • LAB GRUPPEN;SONORISATION;Amplification;Ampli;;1;LAB GRUPPEN;181049
PLM10000Q;Amplificateur processé 4 X 2500 W • LAB GRUPPEN;SONORISATION;Amplification;Ampli;;1;LAB GRUPPEN;181373
PLM10000Q;Amplificateur processé 4 X 2500 W • LAB GRUPPEN;SONORISATION;Amplification;Ampli;;1;LAB GRUPPEN;181375
PLM10000Q;Amplificateur processé 4 X 2500 W • LAB GRUPPEN;SONORISATION;Amplification;Ampli;;1;LAB GRUPPEN;181376
PLM10000Q;Amplificateur processé 4 X 2500 W • LAB GRUPPEN;SONORISATION;Amplification;Ampli;;1;LAB GRUPPEN;181380
PM3500/40;Console 40mic/4st/8/2 • YAMAHA;SONORISATION;Console;Console analogique;Entrepôt 1 : A1;1;YAMAHA;
PM5D-RH;Console 24 faders / 48 canaux/ 24 bus • YAMAHA;SONORISATION;Console;Console numérique;Entrepôt 1 : A1;1;YAMAHA;YAM001016
PORTEGOBO;Porte gobo pour découpes • JULIAT;ECLAIRAGE;Traditionnel;Découpe;Entrepôt 1 : D3;37;JULIAT;
POTEAU050;Poteaux 0,50 M • LAYHER;STRUCTURE;Layher;Echaffaudage;;9;LAYHER;
POTEAU100;Poteaux 1,00 M • LAYHER;STRUCTURE;Layher;Echaffaudage;;43;LAYHER;
POTEAU150;Poteaux 1,50 M • LAYHER;STRUCTURE;Layher;Echaffaudage;;8;LAYHER;
POTEAU200;Poteaux 2,00 M • LAYHER;STRUCTURE;Layher;Echaffaudage;;215;LAYHER;
POTEAUGC;Poteau garde-corps•STACCO;STRUCTURE;Scène;Scènes traditionnelles;;6;STACCO;
POTEAUSANSGOUJON050;Poteaux sans goujon 0,50 M • LAYHER;STRUCTURE;Layher;Echaffaudage;;6;LAYHER;
POTEAUSANSGOUJON100;Poteaux sans goujon 1,00M • LAYHER;STRUCTURE;Layher;Echaffaudage;;2;LAYHER;
POTEAUSANSGOUJON150;Poteaux sans goujon 1,50M • LAYHER;STRUCTURE;Layher;Echaffaudage;;50;LAYHER;
POURS1200;Poursuite KORRIGAN 1200 HMI 5/9° • JULIAT;ECLAIRAGE;Traditionnel;Projecteurs poursuites;Entrepôt 1 : F7;1;JULIAT;
POURS2500;Poursuite ARAMIS 2500 HMI 4,5/8° • JULIAT;ECLAIRAGE;Traditionnel;Projecteurs poursuites;Entrepôt 1 : F7;1;ROBERT JULIAT;4083
POURS2500;Poursuite ARAMIS 2500 HMI 4,5/8° • JULIAT;ECLAIRAGE;Traditionnel;Projecteurs poursuites;Entrepôt 1 : F7;2;ROBERT JULIAT;
POURSLEDARTHUR;Poursuite 1014 Arthur LED 800W avec trépied-filtre•JULIAT;ECLAIRAGE;Traditionnel;Projecteurs poursuites;Entrepôt 1 : F7;1;JULIAT;PRJ10140545
POUTRELLE157;Poutrelle Profil U 1.57 m • LAYHER;STRUCTURE;Layher;Echaffaudage;;3;LAYHER;
POUTRELLE207;Poutrelle Profil U 2.07 m • LAYHER;STRUCTURE;Layher;Echaffaudage;;6;LAYHER;
POUTRELLE257;Poutrelle Profil U 2.57m • LAYHER;STRUCTURE;Layher;Echaffaudage;;53;LAYHER;
POUTRELLE307;Poutrelle Profil U 3.07 m • LAYHER;STRUCTURE;Layher;Echaffaudage;;6;LAYHER;
POUTRELLETRIBUNE087;Poutrelle tribune lg 0,875 m • LAYHER;STRUCTURE;Layher;Echaffaudage;;12;LAYHER;
POUTRELLETRIBUNE257;Poutrelle tribune lg 2,57m • LAYHER;STRUCTURE;Layher;Echaffaudage;;28;LAYHER;
POWERCON-3M;Câble Powercon 3 mètres;ECLAIRAGE;Câblage;STRAP POWERCON;Hors stock;2;;
POWERCON-5M;Câble Powercon 5 mètres;ECLAIRAGE;Câblage;STRAP POWERCON;Entrepôt 1 : D3;27;;
PPCPEARL;Pied perche cymbales•PEARL;BACKLINE;Batteries;Accesoires batteries;;10;PEARL;
PPCPEARLSET;Set de 3 pieds perche cymbales•PEARL;BACKLINE;Batteries;Accesoires batteries;;1;PEARL;
PRATISTAGEDEX;Praticable rectangulaire 2m x1m à hauteur fixe;STRUCTURE;praticables;praticables;Entrepôt 2 : K4;101;;
PRATISTAGEDEX 0,5X2;Praticable rectangulaire 2m x0,5m à hauteur fixe;STRUCTURE;praticables;praticables;Entrepôt 2 : K4;6;;
PRO-D8;"RADIAL•Boîtier de direct 8 canaux - 1U 19"" -";SONORISATION;Micro;Boitier de direct;;4;RADIAL;
PROFILBACHE130;Profil rail alu 1,30 m • LAYHER;STRUCTURE;Layher;Echaffaudage;;12;LAYHER;
PROFILBACHE250;Profil rail alu 2,50 m • LAYHER;STRUCTURE;Layher;Echaffaudage;;24;LAYHER;
PROFILBACHE600;Profil rail alu 6 m • LAYHER;STRUCTURE;Layher;Echaffaudage;;14;LAYHER;
PROFILEBACHE;Profilé bâche lg 2m;STRUCTURE;Scène;Bâche couverture scène et Layher;;40;;
PROJSON;Projecteur de son 100v 20W;SONORISATION;100 V;Projecteur de son;;53;;
PROLONG01;Prolongateur 3G1,5 HO7RNF 16A 1,00m;DISTRIBUTION ELECTRIQUE;Câblage;16 ampères mono;Entrepôt 1 : A2;36;;
PROLONG03;Prolongateur 3G1,5 HO7RNF 16A 3,00m;DISTRIBUTION ELECTRIQUE;Câblage;16 ampères mono;Entrepôt 1 : A2;364;;
PROLONG05;Prolongateur 3G1,5 HO7RNF 16A 5,00m;DISTRIBUTION ELECTRIQUE;Câblage;16 ampères mono;Entrepôt 1 : A2;342;;
PROLONG05PT17/PC16;Prolongateur 3G2,5 HO7RNF P17-->PC 16A 5m;DISTRIBUTION ELECTRIQUE;Câblage;16 ampères mono;Entrepôt 2 : M;6;;
PROLONG10;Prolongateur 3G1,5 HO7RNF 16A 10,00m;DISTRIBUTION ELECTRIQUE;Câblage;16 ampères mono;Entrepôt 1 : A2;273;;
PROLONG10PT17/PC16;Prolongateur 3G2,5 HO7RNF P17-->PC 16A 10m;DISTRIBUTION ELECTRIQUE;Câblage;16 ampères mono;Entrepôt 2 : M;2;;
PROLONG15;Prolongateur 3G1,5 HO7RNF 16A 15,00m;DISTRIBUTION ELECTRIQUE;Câblage;16 ampères mono;Entrepôt 1 : A2;76;;
PROLONG20;Prolongateur 3G1,5 HO7RNF 16A 20m;DISTRIBUTION ELECTRIQUE;Câblage;16 ampères mono;Entrepôt 1 : A2;199;;
PROLONG203G25;Prolongateur 3G2,5 HO7RNF 16A 20m;DISTRIBUTION ELECTRIQUE;Câblage;16 ampères mono;Entrepôt 2 : M;26;;
PROLONG25;Prolongateur 3G2,5 HO7RNF 16A 25m;DISTRIBUTION ELECTRIQUE;Câblage;16 ampères mono;Entrepôt 2 : M;30;;
PROLONG30PT17/PC16;Prolongateur 3G2,5 HO7RNF P17-->PC 16A 30m;DISTRIBUTION ELECTRIQUE;Câblage;16 ampères mono;Entrepôt 2 : M;2;;
PROLONG40PT17/PC16;Prolongateur 3G2,5 HO7RNF P17-->PC 16A 40m;DISTRIBUTION ELECTRIQUE;Câblage;16 ampères mono;Entrepôt 2 : M;2;;
PROTALK;Talkie Walkie Hybride, analogique et numérique TK-3601DE•KENWOOD;SONORISATION;Intercomm / Talky;Talky;Entrepôt 2 : M;6;KENWOOD;
PROTENTE2,4*2,4;Protente 2,4x2,4m avec paroies 4 côtés;STRUCTURE;protente / Crash / Leste;Protentes;Entrepôt 1 : G3;1;;
PROTENTE3*3;Protente 3x3m avec paroies 4 côtés blanc;STRUCTURE;protente / Crash / Leste;Protentes;Entrepôt 1 : G3;36;;
PROTENTE4,5*3;Protente 4,5x3m avec paroies 4 côtés;STRUCTURE;protente / Crash / Leste;Protentes;Entrepôt 1 : G3;2;;
PROTENTE6*3;Protente 6x3m avec paroies 4 côtés;STRUCTURE;protente / Crash / Leste;Protentes;Entrepôt 1 : G3;4;;
PT-MZ880;PANASONIC • Videoprojecteur Laser - Noir WUXGA (1920x1200) 8 000lm;AUDIOVISUEL;Diffusion d'image;Vidéoprojecteur;Entrepôt 1 : F3;1;PANASONIC;
PUPITRECONF;Pupitre conférence transparent + fronton 57x13 cm;RIDEAU-MACHINERIE;Machinerie;Pupitres;Entrepôt 2 : M;1;;
PUPITREMUS;Pupitre pour musicien•RTX;BACKLINE;Pupitres;Pupitre musiciens;E3;30;RTX;
QL5;Console 32 faders / 72 canaux / 24 bus • YAMAHA;SONORISATION;Console;Console numérique;Entrepôt 1 : A1;1;YAMAHA;EAVO01033
QL5;Console 32 faders / 72 canaux / 24 bus • YAMAHA;SONORISATION;Console;Console numérique;Entrepôt 1 : A1;1;YAMAHA;EAWP01013
QL5;Console 32 faders / 72 canaux / 24 bus • YAMAHA;SONORISATION;Console;Console numérique;Entrepôt 1 : A1;1;YAMAHA;EVA001005
QL5;Console 32 faders / 72 canaux / 24 bus • YAMAHA;SONORISATION;Console;Console numérique;Entrepôt 1 : A1;1;YAMAHA;
QUARTZ1000;QUARTZ Halogène IP65 1000W;ECLAIRAGE;Sécurité / Eclairage site;Quartz;Entrepôt 2 : J2;20;;
QUARTZ150;QUARTZ Halogène 150W;ECLAIRAGE;Sécurité / Eclairage site;Quartz;Hors stock;3;;
QUARTZ500;QUARTZ Halogène IP65 500W;ECLAIRAGE;Sécurité / Eclairage site;Quartz;Hors stock;4;;
QUARTZALED35;QUARTZ A LED 35 W IP 65;ECLAIRAGE;Sécurité / Eclairage site;Quartz;Entrepôt 1 : F7;20;;
QUARTZALED50;QUARTZ A LED 50 W IP 65;ECLAIRAGE;Sécurité / Eclairage site;Quartz;Entrepôt 1 : F7;32;;
QUINTO;"Quinto Matador 11""•LP";BACKLINE;Percussions;Congas;E3;1;GLP;
RACKSCAN12;RACK SCANN 12 x10A;DISTRIBUTION ELECTRIQUE;Armoire de distribution;Rackscan;Entrepôt 1 : A1;19;;
RACKSCAN18-1;armoire de distribution P17 63A -> x 18 PC16A;DISTRIBUTION ELECTRIQUE;Armoire de distribution;Rackscan;Entrepôt 1 : A1;4;;
RACKSCAN24-1;armoire de distribution P17 125A -> 24x16A;DISTRIBUTION ELECTRIQUE;Armoire de distribution;Rackscan;Entrepôt 1 : A1;1;;
RACKSCAN24-2;armoire de distribution P17 63A -> 24x10A;DISTRIBUTION ELECTRIQUE;Armoire de distribution;Rackscan;Entrepôt 1 : A1;2;;
RACKSCAN32-1;armoire de distribution P17 32A -> 9 x PC16A;DISTRIBUTION ELECTRIQUE;Armoire de distribution;Rackscan;Entrepôt 1 : A1;10;;
RAMPEALU150;Rampe aluminum de chargement Lg 1,5 m;STRUCTURE;Pont Aluminium;Accessoire structure;;1;;
RAMPEALU300;Rampe aluminium de chargement Lg 3m;STRUCTURE;Pont Aluminium;Accessoire structure;;1;;
RAMPEALU380;Rampe aluminium de chargement Lg 3,8m X 0,8m;STRUCTURE;Pont Aluminium;Accessoire structure;;4;;
RCA-XLRF;Adaptateur 2 x RCA -> 2 x XLR femelle;SONORISATION;Cablages audio;Adaptateurs;;5;;
RCA-XLRM;Adaptateur 2 x RCA -> 2 x XLR mâle;SONORISATION;Cablages audio;Adaptateurs;;11;;
RD800-;Piano RD-800•ROLAND;BACKLINE;Instruments;Claviers;E3;1;ROLAND;
RE20;Micro dymamique • ELECTROVOICE;SONORISATION;Micro;Micro dynamique;Entrepôt 2 : N;1;ELECTROVOICE;
REGLETTES FLUO;Rampe fluorescente graduable • JULIAT;ECLAIRAGE;Traditionnel;Projecteur divers;Entrepôt 2 : J2;6;JULIAT;
REMOTETELECO12PRADIO;Télécommande pour controleur MC12•LFTKET;STRUCTURE;Levage;Télécommandes moteurs;Entrepôt 2 : L1;1;LFTKET;
RENFPLANC257;Renfort plancher Combi 2.57 • LAYHER;STRUCTURE;Layher;Echaffaudage;;16;LAYHER;
REVERB4000;Réverb 4000 •TC ELECTRONIC;SONORISATION;Périphérique;Effet;Entrepôt 2 : M;1;TC ELECTRONIC;2321963
REVERB4000;Réverb 4000 •TC ELECTRONIC;SONORISATION;Périphérique;Effet;Entrepôt 2 : M;1;TC ELECTRONIC;2321969
RIDEJ;"Cymbale Ride HHX Manhattan Jazz avec rivets 20""•SABIAN";BACKLINE;Batteries;Cymbales;;2;SABIAN;
RIDES;"Cymbale Ride 20""•SABIAN";BACKLINE;Batteries;Cymbales;;1;SABIAN;
RIDEU;"Cymbale Ride 20""•UFIP";BACKLINE;Batteries;Cymbales;;1;UFIP;
RIO16/08;Stagerack 16in / 8 out • YAMAHA;SONORISATION;Console;Accessoire console;Entrepôt 1 : A1;1;YAMAHA;21EEEZ01035
RIO16/08;Stagerack 16in / 8 out • YAMAHA;SONORISATION;Console;Accessoire console;Entrepôt 1 : A1;1;YAMAHA;EAUX01027
RIO16/08;Stagerack 16in / 8 out • YAMAHA;SONORISATION;Console;Accessoire console;Entrepôt 1 : A1;1;YAMAHA;EAUXO1023
RIO16/08;Stagerack 16in / 8 out • YAMAHA;SONORISATION;Console;Accessoire console;Entrepôt 1 : A1;1;YAMAHA;EE4J01145
RIO16/08;Stagerack 16in / 8 out • YAMAHA;SONORISATION;Console;Accessoire console;Entrepôt 1 : A1;1;YAMAHA;EEDMO1036
RIO16/08;Stagerack 16in / 8 out • YAMAHA;SONORISATION;Console;Accessoire console;Entrepôt 1 : A1;1;YAMAHA;EEDMO1053
RIO16/08;Stagerack 16in / 8 out • YAMAHA;SONORISATION;Console;Accessoire console;Entrepôt 1 : A1;1;YAMAHA;EEEYJO1129
RIO32/24;Stagerack 32 in / 16 out / 4 AES out • YAMAHA;SONORISATION;Console;Accessoire console;Entrepôt 1 : A1;1;YAMAHA;21EEFH01019
RIO32/24;Stagerack 32 in / 16 out / 4 AES out • YAMAHA;SONORISATION;Console;Accessoire console;Entrepôt 1 : A1;1;YAMAHA;EASMO1087
RIO32/24;Stagerack 32 in / 16 out / 4 AES out • YAMAHA;SONORISATION;Console;Accessoire console;Entrepôt 1 : A1;1;YAMAHA;EAU01056
RIO32/24;Stagerack 32 in / 16 out / 4 AES out • YAMAHA;SONORISATION;Console;Accessoire console;Entrepôt 1 : A1;1;YAMAHA;EAUY01067
RIO32/24;Stagerack 32 in / 16 out / 4 AES out • YAMAHA;SONORISATION;Console;Accessoire console;Entrepôt 1 : A1;1;YAMAHA;EEC01247
RIO32/24;Stagerack 32 in / 16 out / 4 AES out • YAMAHA;SONORISATION;Console;Accessoire console;Entrepôt 1 : A1;1;YAMAHA;EECO01256
RIO32/24;Stagerack 32 in / 16 out / 4 AES out • YAMAHA;SONORISATION;Console;Accessoire console;Entrepôt 1 : A1;1;YAMAHA;EECO1256
RIO32/24;Stagerack 32 in / 16 out / 4 AES out • YAMAHA;SONORISATION;Console;Accessoire console;Entrepôt 1 : A1;1;YAMAHA;EEDMO1464
RIO32/24;Stagerack 32 in / 16 out / 4 AES out • YAMAHA;SONORISATION;Console;Accessoire console;Entrepôt 1 : A1;1;YAMAHA;EEY201061060
RIO32/24;Stagerack 32 in / 16 out / 4 AES out • YAMAHA;SONORISATION;Console;Accessoire console;Entrepôt 1 : A1;2;YAMAHA;
RISER;Cadre à roulettes pour praticables;STRUCTURE;praticables;praticables;Entrepôt 2 : K4;20;;
RJ45CAT5/10;Câble RJ45 10 m catégorie 5E-DANTE;SONORISATION;Cablages audio;Câble RJ45;;6;;
RJ45CAT5/100;Touret de câble RJ45 100 m catégorie 5E-DANTE;SONORISATION;Cablages audio;Câble RJ45;;11;;
RJ45CAT5/20;Câble RJ45 20 m catégorie 5E-DANTE;SONORISATION;Cablages audio;Câble RJ45;;22;;
RJ45CAT5/3;Câble RJ45 3 m catégorie 5E-DANTE;SONORISATION;Cablages audio;Câble RJ45;;3;;
RJ45CAT5/40;Câble RJ45 40 m catégorie 5E-DANTE;SONORISATION;Cablages audio;Câble RJ45;;17;;
RJ45CAT5/5;Câble RJ45 5 m catégorie 5E-DANTE;SONORISATION;Cablages audio;Câble RJ45;;26;;
RJ45CAT5/STRAP;Câble RJ45 0,3 m catégorie 5E-DANTE;SONORISATION;Cablages audio;Câble RJ45;;40;;
RJ45CAT6/80;Câble RJ45 80 m catégorie 6;SONORISATION;Cablages audio;Câble RJ45;;4;;
RK9U;Rack 9 U;STRUCTURE;Pont Aluminium;Accessoire structure;;1;L-ACOUSTICS;1-6402615
RK9U;Rack 9 U;STRUCTURE;Pont Aluminium;Accessoire structure;;1;L-ACOUSTICS;2-6402612
RK9U;Rack 9 U;STRUCTURE;Pont Aluminium;Accessoire structure;;1;L-ACOUSTICS;3-6402614
RK9U;Rack 9 U;STRUCTURE;Pont Aluminium;Accessoire structure;;12;L-ACOUSTICS;
RPW200;Capsule HF main Nexadyne cardioïde, noire • SHURE;SONORISATION;Micro;HF;;2;SHURE;
RS-SOCA/F;Fouet femelle Socapex 4 x RS Moteur;STRUCTURE;Câblage;RS moteur;Entrepôt 2 : L1;8;;
RS-SOCA/M;Fouet mâle Socapex 4 x RS Moteur;STRUCTURE;Câblage;RS moteur;Entrepôt 2 : L1;8;;
RSMOTEUR01M;prolong moteur P17 16A TRI 4x2,5mm2 H07RNF 1m;STRUCTURE;Câblage;RS moteur;Entrepôt 2 : L1;6;;
RSMOTEUR05M;prolong moteur P17 16A TRI 4x2,5mm2 H07RNF 5m;STRUCTURE;Câblage;RS moteur;Entrepôt 2 : L1;2;;
RSMOTEUR10M;prolong moteur P17 16A TRI 4x2,5mm2 H07RNF 10m;STRUCTURE;Câblage;RS moteur;Entrepôt 2 : L1;58;;
RSMOTEUR20M;prolong moteur P17 16A TRI 4x2,5mm2 H07RNF 20m;STRUCTURE;Câblage;RS moteur;Entrepôt 2 : L1;74;;
RSMOTEUR25M;prolong moteur P17 16A TRI 4x2,5mm2 H07RNF 25m;STRUCTURE;Câblage;RS moteur;Entrepôt 2 : L1;14;;
RUPERT;Controleur de larsen 2 cannaux NEVE;SONORISATION;Périphérique;Compresseurs;;1;NEVE;
RUSH PAR2;PAR led zoom 10-60° / 12x12W • MARTIN;ECLAIRAGE;Asservi;PAR Led;Entrepôt 1 : D2;1;MARTIN;-36
RUSH PAR2;PAR led zoom 10-60° / 12x12W • MARTIN;ECLAIRAGE;Asservi;PAR Led;Entrepôt 1 : D2;1;MARTIN;14550000934-6
RUSH PAR2;PAR led zoom 10-60° / 12x12W • MARTIN;ECLAIRAGE;Asservi;PAR Led;Entrepôt 1 : D2;1;MARTIN;14550000937-8
RUSH PAR2;PAR led zoom 10-60° / 12x12W • MARTIN;ECLAIRAGE;Asservi;PAR Led;Entrepôt 1 : D2;1;MARTIN;14550000943-12
RUSH PAR2;PAR led zoom 10-60° / 12x12W • MARTIN;ECLAIRAGE;Asservi;PAR Led;Entrepôt 1 : D2;1;MARTIN;14550000945-11
RUSH PAR2;PAR led zoom 10-60° / 12x12W • MARTIN;ECLAIRAGE;Asservi;PAR Led;Entrepôt 1 : D2;1;MARTIN;14550000963-16
RUSH PAR2;PAR led zoom 10-60° / 12x12W • MARTIN;ECLAIRAGE;Asservi;PAR Led;Entrepôt 1 : D2;1;MARTIN;14550000967-5
RUSH PAR2;PAR led zoom 10-60° / 12x12W • MARTIN;ECLAIRAGE;Asservi;PAR Led;Entrepôt 1 : D2;1;MARTIN;14550000970-3
RUSH PAR2;PAR led zoom 10-60° / 12x12W • MARTIN;ECLAIRAGE;Asservi;PAR Led;Entrepôt 1 : D2;1;MARTIN;14550000973-1
RUSH PAR2;PAR led zoom 10-60° / 12x12W • MARTIN;ECLAIRAGE;Asservi;PAR Led;Entrepôt 1 : D2;1;MARTIN;14550000975-7
RUSH PAR2;PAR led zoom 10-60° / 12x12W • MARTIN;ECLAIRAGE;Asservi;PAR Led;Entrepôt 1 : D2;1;MARTIN;14550000984-2
RUSH PAR2;PAR led zoom 10-60° / 12x12W • MARTIN;ECLAIRAGE;Asservi;PAR Led;Entrepôt 1 : D2;1;MARTIN;14550000985-4
RUSH PAR2;PAR led zoom 10-60° / 12x12W • MARTIN;ECLAIRAGE;Asservi;PAR Led;Entrepôt 1 : D2;1;MARTIN;14550000986-15
RUSH PAR2;PAR led zoom 10-60° / 12x12W • MARTIN;ECLAIRAGE;Asservi;PAR Led;Entrepôt 1 : D2;1;MARTIN;14550000987-14
RUSH PAR2;PAR led zoom 10-60° / 12x12W • MARTIN;ECLAIRAGE;Asservi;PAR Led;Entrepôt 1 : D2;1;MARTIN;14550000989-10
RUSH PAR2;PAR led zoom 10-60° / 12x12W • MARTIN;ECLAIRAGE;Asservi;PAR Led;Entrepôt 1 : D2;1;MARTIN;14550000990-9
RUSH PAR2;PAR led zoom 10-60° / 12x12W • MARTIN;ECLAIRAGE;Asservi;PAR Led;Entrepôt 1 : D2;1;MARTIN;14550000998-13
RUSH PAR2;PAR led zoom 10-60° / 12x12W • MARTIN;ECLAIRAGE;Asservi;PAR Led;Entrepôt 1 : D2;1;MARTIN;14550005527-18
RUSH PAR2;PAR led zoom 10-60° / 12x12W • MARTIN;ECLAIRAGE;Asservi;PAR Led;Entrepôt 1 : D2;1;MARTIN;14550005528-17
RUSH PAR2;PAR led zoom 10-60° / 12x12W • MARTIN;ECLAIRAGE;Asservi;PAR Led;Entrepôt 1 : D2;1;MARTIN;14550006727-24
RUSH PAR2;PAR led zoom 10-60° / 12x12W • MARTIN;ECLAIRAGE;Asservi;PAR Led;Entrepôt 1 : D2;1;MARTIN;14550006728-23
RUSH PAR2;PAR led zoom 10-60° / 12x12W • MARTIN;ECLAIRAGE;Asservi;PAR Led;Entrepôt 1 : D2;1;MARTIN;14550006729-30
RUSH PAR2;PAR led zoom 10-60° / 12x12W • MARTIN;ECLAIRAGE;Asservi;PAR Led;Entrepôt 1 : D2;1;MARTIN;14550006730-28
RUSH PAR2;PAR led zoom 10-60° / 12x12W • MARTIN;ECLAIRAGE;Asservi;PAR Led;Entrepôt 1 : D2;1;MARTIN;14550006731-25
RUSH PAR2;PAR led zoom 10-60° / 12x12W • MARTIN;ECLAIRAGE;Asservi;PAR Led;Entrepôt 1 : D2;1;MARTIN;14550006732-29
RUSH PAR2;PAR led zoom 10-60° / 12x12W • MARTIN;ECLAIRAGE;Asservi;PAR Led;Entrepôt 1 : D2;1;MARTIN;14550006734-27
RUSH PAR2;PAR led zoom 10-60° / 12x12W • MARTIN;ECLAIRAGE;Asservi;PAR Led;Entrepôt 1 : D2;1;MARTIN;14550006736-19
RUSH PAR2;PAR led zoom 10-60° / 12x12W • MARTIN;ECLAIRAGE;Asservi;PAR Led;Entrepôt 1 : D2;1;MARTIN;14550006738-20
RUSH PAR2;PAR led zoom 10-60° / 12x12W • MARTIN;ECLAIRAGE;Asservi;PAR Led;Entrepôt 1 : D2;1;MARTIN;14550006741-32
RUSH PAR2;PAR led zoom 10-60° / 12x12W • MARTIN;ECLAIRAGE;Asservi;PAR Led;Entrepôt 1 : D2;1;MARTIN;14550006742-31
RUSH PAR2;PAR led zoom 10-60° / 12x12W • MARTIN;ECLAIRAGE;Asservi;PAR Led;Entrepôt 1 : D2;1;MARTIN;14550006745-21
RUSH PAR2;PAR led zoom 10-60° / 12x12W • MARTIN;ECLAIRAGE;Asservi;PAR Led;Entrepôt 1 : D2;1;MARTIN;14550006746-22
RUSH PAR2;PAR led zoom 10-60° / 12x12W • MARTIN;ECLAIRAGE;Asservi;PAR Led;Entrepôt 1 : D2;1;MARTIN;14550006747-26
RUSH PAR2;PAR led zoom 10-60° / 12x12W • MARTIN;ECLAIRAGE;Asservi;PAR Led;Entrepôt 1 : D2;1;MARTIN;14550006751-33
RUSH PAR2;PAR led zoom 10-60° / 12x12W • MARTIN;ECLAIRAGE;Asservi;PAR Led;Entrepôt 1 : D2;1;MARTIN;14550006758-34
RUSH PAR2;PAR led zoom 10-60° / 12x12W • MARTIN;ECLAIRAGE;Asservi;PAR Led;Entrepôt 1 : D2;1;MARTIN;14550006810-35
RUSH PAR2;PAR led zoom 10-60° / 12x12W • MARTIN;ECLAIRAGE;Asservi;PAR Led;Entrepôt 1 : D2;1;MARTIN;14550031616
RUSH PAR2;PAR led zoom 10-60° / 12x12W • MARTIN;ECLAIRAGE;Asservi;PAR Led;Entrepôt 1 : D2;1;MARTIN;15450058812
RUSH PAR2;PAR led zoom 10-60° / 12x12W • MARTIN;ECLAIRAGE;Asservi;PAR Led;Entrepôt 1 : D2;1;MARTIN;15450058813
RUSH PAR2;PAR led zoom 10-60° / 12x12W • MARTIN;ECLAIRAGE;Asservi;PAR Led;Entrepôt 1 : D2;1;MARTIN;15450058828
RUSH PAR2;PAR led zoom 10-60° / 12x12W • MARTIN;ECLAIRAGE;Asservi;PAR Led;Entrepôt 1 : D2;1;MARTIN;15450058829
RUSH PAR2;PAR led zoom 10-60° / 12x12W • MARTIN;ECLAIRAGE;Asservi;PAR Led;Entrepôt 1 : D2;1;MARTIN;15450058856
RUSH PAR2;PAR led zoom 10-60° / 12x12W • MARTIN;ECLAIRAGE;Asservi;PAR Led;Entrepôt 1 : D2;1;MARTIN;15450058857
RUSH PAR2;PAR led zoom 10-60° / 12x12W • MARTIN;ECLAIRAGE;Asservi;PAR Led;Entrepôt 1 : D2;1;MARTIN;15450058860
RUSH PAR2;PAR led zoom 10-60° / 12x12W • MARTIN;ECLAIRAGE;Asservi;PAR Led;Entrepôt 1 : D2;1;MARTIN;15450058861
RUSH PAR2;PAR led zoom 10-60° / 12x12W • MARTIN;ECLAIRAGE;Asservi;PAR Led;Entrepôt 1 : D2;1;MARTIN;15450058881
RUSH PAR2;PAR led zoom 10-60° / 12x12W • MARTIN;ECLAIRAGE;Asservi;PAR Led;Entrepôt 1 : D2;1;MARTIN;15450058882
RUSH PAR2;PAR led zoom 10-60° / 12x12W • MARTIN;ECLAIRAGE;Asservi;PAR Led;Entrepôt 1 : D2;1;MARTIN;15450058892
RUSH PAR2;PAR led zoom 10-60° / 12x12W • MARTIN;ECLAIRAGE;Asservi;PAR Led;Entrepôt 1 : D2;1;MARTIN;15450058893
S5000 SURFACE;Surface de contrôle 28 faders DLIVE • ALLEN & HEATH;SONORISATION;Console;Console numérique;;2;ALLEN & HEATH;
SB18-118;"Renfort de grave 1 x 18"" • L'ACOUSTICS";SONORISATION;Enceinte;Enceinte;Entrepôt 1 : H;1;L-ACOUSTICS;4878
SB18-118;"Renfort de grave 1 x 18"" • L'ACOUSTICS";SONORISATION;Enceinte;Enceinte;Entrepôt 1 : H;1;L-ACOUSTICS;4879
SB18-118;"Renfort de grave 1 x 18"" • L'ACOUSTICS";SONORISATION;Enceinte;Enceinte;Entrepôt 1 : H;1;L-ACOUSTICS;4882
SB18-118;"Renfort de grave 1 x 18"" • L'ACOUSTICS";SONORISATION;Enceinte;Enceinte;Entrepôt 1 : H;1;L-ACOUSTICS;4883
SB18-118;"Renfort de grave 1 x 18"" • L'ACOUSTICS";SONORISATION;Enceinte;Enceinte;Entrepôt 1 : H;4;L-ACOUSTICS;
SB28;"Renfort de grave 2x18"" • L'ACOUSTICS";SONORISATION;Enceinte;Enceinte;Entrepôt 1 : H;1;L-ACOUSTICS;2633
SB28;"Renfort de grave 2x18"" • L'ACOUSTICS";SONORISATION;Enceinte;Enceinte;Entrepôt 1 : H;1;L-ACOUSTICS;2635
SB28;"Renfort de grave 2x18"" • L'ACOUSTICS";SONORISATION;Enceinte;Enceinte;Entrepôt 1 : H;1;L-ACOUSTICS;2651
SB28;"Renfort de grave 2x18"" • L'ACOUSTICS";SONORISATION;Enceinte;Enceinte;Entrepôt 1 : H;1;L-ACOUSTICS;2654
SB28;"Renfort de grave 2x18"" • L'ACOUSTICS";SONORISATION;Enceinte;Enceinte;Entrepôt 1 : H;1;L-ACOUSTICS;3169
SB28;"Renfort de grave 2x18"" • L'ACOUSTICS";SONORISATION;Enceinte;Enceinte;Entrepôt 1 : H;1;L-ACOUSTICS;3170
SB28;"Renfort de grave 2x18"" • L'ACOUSTICS";SONORISATION;Enceinte;Enceinte;Entrepôt 1 : H;1;L-ACOUSTICS;4338
SB28;"Renfort de grave 2x18"" • L'ACOUSTICS";SONORISATION;Enceinte;Enceinte;Entrepôt 1 : H;1;L-ACOUSTICS;4342
SB28;"Renfort de grave 2x18"" • L'ACOUSTICS";SONORISATION;Enceinte;Enceinte;Entrepôt 1 : H;1;L-ACOUSTICS;4344
SB28;"Renfort de grave 2x18"" • L'ACOUSTICS";SONORISATION;Enceinte;Enceinte;Entrepôt 1 : H;1;L-ACOUSTICS;4345
SB28;"Renfort de grave 2x18"" • L'ACOUSTICS";SONORISATION;Enceinte;Enceinte;Entrepôt 1 : H;1;L-ACOUSTICS;4346
SB28;"Renfort de grave 2x18"" • L'ACOUSTICS";SONORISATION;Enceinte;Enceinte;Entrepôt 1 : H;1;L-ACOUSTICS;4347
SB28;"Renfort de grave 2x18"" • L'ACOUSTICS";SONORISATION;Enceinte;Enceinte;Entrepôt 1 : H;1;L-ACOUSTICS;4348
SB28;"Renfort de grave 2x18"" • L'ACOUSTICS";SONORISATION;Enceinte;Enceinte;Entrepôt 1 : H;1;L-ACOUSTICS;4349
SB28;"Renfort de grave 2x18"" • L'ACOUSTICS";SONORISATION;Enceinte;Enceinte;Entrepôt 1 : H;1;L-ACOUSTICS;8141
SB28;"Renfort de grave 2x18"" • L'ACOUSTICS";SONORISATION;Enceinte;Enceinte;Entrepôt 1 : H;1;L-ACOUSTICS;8142
SB28;"Renfort de grave 2x18"" • L'ACOUSTICS";SONORISATION;Enceinte;Enceinte;Entrepôt 1 : H;1;L-ACOUSTICS;8214
SB28;"Renfort de grave 2x18"" • L'ACOUSTICS";SONORISATION;Enceinte;Enceinte;Entrepôt 1 : H;1;L-ACOUSTICS;8292
SB28;"Renfort de grave 2x18"" • L'ACOUSTICS";SONORISATION;Enceinte;Enceinte;Entrepôt 1 : H;1;L-ACOUSTICS;8298
SB28;"Renfort de grave 2x18"" • L'ACOUSTICS";SONORISATION;Enceinte;Enceinte;Entrepôt 1 : H;1;L-ACOUSTICS;8299
SB28;"Renfort de grave 2x18"" • L'ACOUSTICS";SONORISATION;Enceinte;Enceinte;Entrepôt 1 : H;1;L-ACOUSTICS;8300
SB28;"Renfort de grave 2x18"" • L'ACOUSTICS";SONORISATION;Enceinte;Enceinte;Entrepôt 1 : H;1;L-ACOUSTICS;8301
SB28;"Renfort de grave 2x18"" • L'ACOUSTICS";SONORISATION;Enceinte;Enceinte;Entrepôt 1 : H;1;L-ACOUSTICS;8304
SB28;"Renfort de grave 2x18"" • L'ACOUSTICS";SONORISATION;Enceinte;Enceinte;Entrepôt 1 : H;1;L-ACOUSTICS;8305
SB28;"Renfort de grave 2x18"" • L'ACOUSTICS";SONORISATION;Enceinte;Enceinte;Entrepôt 1 : H;1;L-ACOUSTICS;9122
SB28;"Renfort de grave 2x18"" • L'ACOUSTICS";SONORISATION;Enceinte;Enceinte;Entrepôt 1 : H;1;L-ACOUSTICS;9123
SB28;"Renfort de grave 2x18"" • L'ACOUSTICS";SONORISATION;Enceinte;Enceinte;Entrepôt 1 : H;1;L-ACOUSTICS;9124
SB28;"Renfort de grave 2x18"" • L'ACOUSTICS";SONORISATION;Enceinte;Enceinte;Entrepôt 1 : H;1;L-ACOUSTICS;9125
SBBUMP;Bumper pour SB 28 • L'ACOUSTICS;SONORISATION;Enceinte;accessoire L-ACOUSTICS;Entrepôt 1 : H;2;L-ACOUSTICS;
SBUMP100;Bumper 1m pour écran StarMedia 3,9 suspendu / posé;AUDIOVISUEL;Diffusion d'image;Ecran plein jour;Entrepôt 1 : F1;10;;
SBUMP50;Bumper 1m pour écran StarMedia 3,9 suspendu / posé;AUDIOVISUEL;Diffusion d'image;Ecran plein jour;Entrepôt 1 : F1;10;;
SCARLETT18i20;Interface Scarlett 18i20 4th gen•FOCUSRITE02;INFORMATIQUE;Ordinateurs;Ordinateurs;;1;FOCUSRITE;
SCARLETT4;Interface Scarlett solo 2 in 2 out USB•FOCUSRITE;INFORMATIQUE;Ordinateurs;Ordinateurs;;1;FOCUSRITE;
SCEN100-180;Scène haut 1/1,8m 2,44x2,44 PX/M2 500Kg/m2;STRUCTURE;Scène;Scènes traditionnelles;;120;;
SCX25;Micro à condensateur • AUDIX;SONORISATION;Micro;Micro statique;Entrepôt 2 : N;2;AUDIX;
SD8;Console 36 faders / 120 canaux avec MADI Rack • DiGiCo;SONORISATION;Console;Console numérique;Entrepôt 1 : A1;1;;8002210902
SD8;Console 36 faders / 120 canaux avec MADI Rack • DiGiCo;SONORISATION;Console;Console numérique;Entrepôt 1 : A1;1;;8004820912
SDI 4K-70M;CABLE SDI 70M,6G/HD/SD-SDI;AUDIOVISUEL;Câblage;SDI;Entrepôt 1 : F2;4;;
SE215;SHURE•Ecouteur intra-auriculaire;SONORISATION;Ear Monitor;Accessoires;;25;SHURE;
SECTEURSCENE;Bloc 4 prises caoutchouc 2P+T 10/16A;DISTRIBUTION ELECTRIQUE;Câblage;Multipries 16 ampères;Entrepôt 1 : A3;123;;
SELEC500435;MUXLAB•sélecteur vidéo 5->1 sortie HDMI / entrée VGA et HDMI;AUDIOVISUEL;Accessoires;Selecteur;Entrepôt 1 : F2;1;;
SERVOBEAM;Lyre Beam 5R - 4° - 200W • STARWAY;ECLAIRAGE;Asservi;Beam;Entrepôt 1 : D2;1;STARWAY;SERVOBEAM_1_000001
SERVOBEAM;Lyre Beam 5R - 4° - 200W • STARWAY;ECLAIRAGE;Asservi;Beam;Entrepôt 1 : D2;1;STARWAY;SERVOBEAM_1_000002
SERVOBEAM;Lyre Beam 5R - 4° - 200W • STARWAY;ECLAIRAGE;Asservi;Beam;Entrepôt 1 : D2;1;STARWAY;SERVOBEAM_1_000003
SERVOBEAM;Lyre Beam 5R - 4° - 200W • STARWAY;ECLAIRAGE;Asservi;Beam;Entrepôt 1 : D2;1;STARWAY;SERVOBEAM_1_000004
SERVOBEAM;Lyre Beam 5R - 4° - 200W • STARWAY;ECLAIRAGE;Asservi;Beam;Entrepôt 1 : D2;1;STARWAY;SERVOBEAM_1_000005
SERVOBEAM;Lyre Beam 5R - 4° - 200W • STARWAY;ECLAIRAGE;Asservi;Beam;Entrepôt 1 : D2;1;STARWAY;SERVOBEAM_1_000006
SERVOBEAM;Lyre Beam 5R - 4° - 200W • STARWAY;ECLAIRAGE;Asservi;Beam;Entrepôt 1 : D2;1;STARWAY;SERVOBEAM_1_000007
SERVOBEAM;Lyre Beam 5R - 4° - 200W • STARWAY;ECLAIRAGE;Asservi;Beam;Entrepôt 1 : D2;1;STARWAY;SERVOBEAM_1_000008
SERVOBEAM;Lyre Beam 5R - 4° - 200W • STARWAY;ECLAIRAGE;Asservi;Beam;Entrepôt 1 : D2;1;STARWAY;SERVOBEAM_1_000009
SERVOBEAM;Lyre Beam 5R - 4° - 200W • STARWAY;ECLAIRAGE;Asservi;Beam;Entrepôt 1 : D2;1;STARWAY;SERVOBEAM_1_000010
SERVOBEAM;Lyre Beam 5R - 4° - 200W • STARWAY;ECLAIRAGE;Asservi;Beam;Entrepôt 1 : D2;1;STARWAY;SERVOBEAM_1_000011
SERVOBEAM;Lyre Beam 5R - 4° - 200W • STARWAY;ECLAIRAGE;Asservi;Beam;Entrepôt 1 : D2;1;STARWAY;SERVOBEAM_1_000012
SERVOBEAM;Lyre Beam 5R - 4° - 200W • STARWAY;ECLAIRAGE;Asservi;Beam;Entrepôt 1 : D2;1;STARWAY;SERVOBEAM_1_000013
SERVOBEAM;Lyre Beam 5R - 4° - 200W • STARWAY;ECLAIRAGE;Asservi;Beam;Entrepôt 1 : D2;1;STARWAY;SERVOBEAM_1_000014
SERVOBEAM;Lyre Beam 5R - 4° - 200W • STARWAY;ECLAIRAGE;Asservi;Beam;Entrepôt 1 : D2;1;STARWAY;SERVOBEAM_1_000015
SERVOBEAM;Lyre Beam 5R - 4° - 200W • STARWAY;ECLAIRAGE;Asservi;Beam;Entrepôt 1 : D2;1;STARWAY;SERVOBEAM_1_000016
SERVOBEAM;Lyre Beam 5R - 4° - 200W • STARWAY;ECLAIRAGE;Asservi;Beam;Entrepôt 1 : D2;1;STARWAY;SERVOBEAM_1_000017
SERVOBEAM;Lyre Beam 5R - 4° - 200W • STARWAY;ECLAIRAGE;Asservi;Beam;Entrepôt 1 : D2;1;STARWAY;SERVOBEAM_1_000018
SERVOBEAM;Lyre Beam 5R - 4° - 200W • STARWAY;ECLAIRAGE;Asservi;Beam;Entrepôt 1 : D2;1;STARWAY;SERVOBEAM_1_000019
SERVOBEAM;Lyre Beam 5R - 4° - 200W • STARWAY;ECLAIRAGE;Asservi;Beam;Entrepôt 1 : D2;1;STARWAY;SERVOBEAM_1_000020
SETCABLE MC12;Set cables pour MC12 2xPowerccon+2xNC4MXX•LIFTKET;STRUCTURE;Levage;Télécommandes moteurs;Entrepôt 2 : L1;1;LIFTKET;
SG108PE;Switch 8 ports TP-LING;SONORISATION;Cablages audio;Câble RJ45;;2;;
SGIRADIAL;Boîtier de direct Interfaceguitare studio active•RADIAL;SONORISATION;Micro;Boitier de direct;Entrepôt 2 : N;1;RADIAL;
SHAKER;Set de 2 shakers twist plastic/2 rock/acier•LP;BACKLINE;Percussions;Accessoires percus;Hors-Stock;1;GLP;
SHUTTER DMX;Obturateur shutteur Wahlberg pour video projecteur;AUDIOVISUEL;Accessoires;Shutter;Entrepôt 1 : F2;1;;
SIMOUN2;OXO•bloc de puissance 1 x 10A / PC16 / DMX 3pts;ECLAIRAGE;Bloc de puissance;Bloc de puissance;Entrepôt 1 : D3;7;;
SLESA-U8;Contrôleur USB-DMX Autonome;ECLAIRAGE;Bloc de puissance;Bloc de puissance;;3;;
SM57;Micro dynamique SM57 • SHURE +pince;SONORISATION;Micro;Micro dynamique;Entrepôt 2 : N;44;SHURE;
SM58;Micro dynamique SM58 • SHURE + pince;SONORISATION;Micro;Micro dynamique;Entrepôt 2 : N;51;SHURE;
SM81;Micro statique SM81 • SHURE;SONORISATION;Micro;Micro statique;Entrepôt 2 : N;3;SHURE;
SMART-2MU-150;Fibre Optique Smartbeam Duo Multimode 150m;SONORISATION;Cablages audio;Fibre Optique;;6;;
SMC2B;Compress multibande stéréo SMC2B • TUBE-TECH;SONORISATION;Périphérique;Compresseurs;Entrepôt 2 : M;1;TUBE-TECH;11979
SMEDIA3,9-OUT;Dalle Led Outdoor Starmedia Curve 3,9mm / 50x50cm • STARWAY;AUDIOVISUEL;Diffusion d'image;Ecran plein jour;Entrepôt 1 : F1;200;STARWAY;
SOCA-F/SPK4;Eclaté Socapex femelle -> 4 x speakon 4 pts;SONORISATION;Cablages audio;Câbles speakon;;4;;
SOCA-M/SPK4;Eclaté Socapex mâle -> 4 x speakon 4 pts;SONORISATION;Cablages audio;Câbles speakon;;7;;
SOLIDCOM M1 4B;Centrale Intercom HF - 4 postes • HOLLYLAND;SONORISATION;Intercomm / Talky;Intercom HF;;1;SOLIDCOM;022248R 3005586
SOLIDCOM M1 4B;Centrale Intercom HF - 4 postes • HOLLYLAND;SONORISATION;Intercomm / Talky;Intercom HF;;1;SOLIDCOM;SOLIDCOM M1_1_2
SOLIDCOM M1 8B;Pack intercom 8 beltpacks -Solidcom - M1 - 8B•HOLLYLAND;SONORISATION;Intercomm / Talky;Intercom HF;;1;HOLLYLAND;
SOUSPERCHE05;Sous-perche 0,5;ECLAIRAGE;Sous-perches;Sous-perches;Entrepôt 2 : K1;1;;
SOUSPERCHE1M;Sous-perche 1m;ECLAIRAGE;Sous-perches;Sous-perches;Entrepôt 2 : K1;2;;
SOUSPERCHE1M50;Sous-perche 1m50;ECLAIRAGE;Sous-perches;Sous-perches;Entrepôt 2 : K1;2;;
SOUSPERCHE2M;Sous-perche 2m;ECLAIRAGE;Sous-perches;Sous-perches;Entrepôt 2 : K1;2;;
SPENCET 1M;Elingue textile Spencet 1T -1M;STRUCTURE;Levage;Elingues tissu;;15;;
SPK8-ECLATE2;Epanoui 1x speakon 8 -> 2x speakon 4;SONORISATION;Cablages audio;Câbles speakon;;8;;
SPK8-ECLATE4;Epanoui 1x speakon 8 -> 4x speakon 4;SONORISATION;Cablages audio;Câbles speakon;;3;;
SPL DEESSER;De-esseur 2 canaux • SPL;SONORISATION;Périphérique;Compresseurs;Entrepôt 2 : M;1;SPL;9292413
SPL-REC-DP2;Afficheur/Enregistreur-live- valise • Audiopole;SONORISATION;Périphérique;Appareil de mesure;;1;AUDIOPOLE;104409
SPL-REC-DP2;Afficheur/Enregistreur-live- valise • Audiopole;SONORISATION;Périphérique;Appareil de mesure;;1;AUDIOPOLE;104415
SPL-REC-DP2;Afficheur/Enregistreur-live- valise • Audiopole;SONORISATION;Périphérique;Appareil de mesure;;1;AUDIOPOLE;SPL-REC-DP2_1_3
SPL-REC-DP2;Afficheur/Enregistreur-live- valise • Audiopole;SONORISATION;Périphérique;Appareil de mesure;;1;AUDIOPOLE;SPL-REC-DP2_1_4
SPLASH10P;"Cymbale Splash 10""•PAISTE";BACKLINE;Batteries;Cymbales;;1;PAISTE;
SPLASH10S;"Cymbale Splash 10""•SABIAN";BACKLINE;Batteries;Cymbales;;1;SABIAN;
SPLITTER DMX 6;Splitter DMX 6 lignes;ECLAIRAGE;Asservi;Accessoires asservis;Entrepôt 1 : D3;62;;
SPX2000;multi effets SPX2000 • YAMAHA;SONORISATION;Périphérique;Effet;Entrepôt 2 : M;1;YAMAHA;HAKX01091
SPX2000;multi effets SPX2000 • YAMAHA;SONORISATION;Périphérique;Effet;Entrepôt 2 : M;1;YAMAHA;HAKX01109
SPX2000;multi effets SPX2000 • YAMAHA;SONORISATION;Périphérique;Effet;Entrepôt 2 : M;1;YAMAHA;HALH01078
SPX2000;multi effets SPX2000 • YAMAHA;SONORISATION;Périphérique;Effet;Entrepôt 2 : M;1;YAMAHA;HAPYO1009
SPX990;Multi effets SPX990 • YAMAHA;SONORISATION;Périphérique;Effet;Entrepôt 2 : M;1;YAMAHA;NM0105
SPX990;Multi effets SPX990 • YAMAHA;SONORISATION;Périphérique;Effet;Entrepôt 2 : M;1;YAMAHA;QHO1082
SQ7;ALLEN & HEATH • Table de mixage numérique 48 canaux;SONORISATION;Console;Console numérique;;1;ALLEN & HEATH;
SR2050;Emetteur stéréo double canal IN-EAR monitor plan Bw • SENNHEISER;SONORISATION;Ear Monitor;Ear Monitor;Entrepôt 2 : M;1;SENNHEISER;1238128921
SR2050;Emetteur stéréo double canal IN-EAR monitor plan Bw • SENNHEISER;SONORISATION;Ear Monitor;Ear Monitor;Entrepôt 2 : M;1;SENNHEISER;1238128922
SR2050;Emetteur stéréo double canal IN-EAR monitor plan Bw • SENNHEISER;SONORISATION;Ear Monitor;Ear Monitor;Entrepôt 2 : M;6;SENNHEISER;
SSLXLOGIC;X Logic G series compresseur stereo • SSL;SONORISATION;Périphérique;Compresseurs;Entrepôt 2 : M;1;SSL;XSCO820
ST25;Pied de levage ST25 charge 295 KG Ht 7,00m;STRUCTURE;Levage;Pied de levage;Entrepôt 2 : K3;4;;
STAGER6;RVE•Bloc de puissance STAGER 6X2KW;ECLAIRAGE;Bloc de puissance;Bloc de puissance;Entrepôt 1 : D3;1;RVE;2
STAGER6;RVE•Bloc de puissance STAGER 6X2KW;ECLAIRAGE;Bloc de puissance;Bloc de puissance;Entrepôt 1 : D3;1;RVE;3
STAGER6;RVE•Bloc de puissance STAGER 6X2KW;ECLAIRAGE;Bloc de puissance;Bloc de puissance;Entrepôt 1 : D3;1;RVE;4
STAGER6;RVE•Bloc de puissance STAGER 6X2KW;ECLAIRAGE;Bloc de puissance;Bloc de puissance;Entrepôt 1 : D3;1;RVE;99105027
STANDCB;Stand congas basket M294•LP;BACKLINE;Percussions;Congas;E3;3;GLP;
STANDCLAVIER;Stand clavier KS-1010•RTX;BACKLINE;Accessoires backline;Stand clavier;;5;RTX;
STANDCR;Stand congas roulettes LP636•LP;BACKLINE;Percussions;Congas;E3;3;GLP;
STANDGUIT;Stand guitare•HERCULE;BACKLINE;Accessoires backline;Stand guitare;;10;HERCULE;
STANDPIANO;Stand table piano 18953•K&M;BACKLINE;Accessoires backline;Stand clavier;;1;K&M;
STC4099;DPA•Clip pour sax, trompette;SONORISATION;Micro;DPA Accessoires;;4;DPA;
STEELFLEX-1T/0,50M;Sangletubulaire noire âme acier LG 0,50m/CMU 1T;STRUCTURE;Levage;Elingues tissu;Entrepôt 2 : L1;20;;
STEELFLEX-1T/1,5M;Sangle tubulaire noire âme acierLG 1,5m/ CMU 1T;STRUCTURE;Levage;Elingues tissu;Entrepôt 2 : L1;50;;
STEELFLEX-1T/1M;Sangle tubulaire noire âme acier LG 1m / CMU 1T;STRUCTURE;Levage;Elingues tissu;Entrepôt 2 : L1;201;;
STEELFLEX-1T/2M;Sangle tubulaire noire âme acier LG 2M / CMU 1T;STRUCTURE;Levage;Elingues tissu;Entrepôt 2 : L1;275;;
STOPCHUTE250;Stop-Chute 250 Kg;STRUCTURE;Levage;Accessoires levage;Entrepôt 2 : L1;3;;
STOPCHUTE500;Stop-chute 500 Kg;STRUCTURE;Levage;Accessoires levage;Entrepôt 2 : L1;20;;
STORMLITE HD;Stroboscope / Wallwash RGBW Led 800W;ECLAIRAGE;Asservi;Effet;Entrepôt 1 : F4;41;;
STRAPSPEAKON;STRAP SPEAKON 4PTS Long1M;SONORISATION;Cablages audio;Câbles speakon;;92;;
STRIKE ARRAY 2;CHAUVET • Blinder Led blanc chaud 60° IRC92 IP65 - 130W;ECLAIRAGE;Asservi;Blinder Led;Entrepôt 1 : D2;16;CHAUVET;
STRIKE ARRAY 4;CHAUVET Blinder Led blanc chaud 60° IRC 92 IP 65-260W;ECLAIRAGE;Asservi;Blinder Led;Entrepôt 1 : D2;1;CHAUVET;S01   - 030517141124000120
STRIKE ARRAY 4;CHAUVET Blinder Led blanc chaud 60° IRC 92 IP 65-260W;ECLAIRAGE;Asservi;Blinder Led;Entrepôt 1 : D2;1;CHAUVET;S02   - 030517141124000129
STRIKE ARRAY 4;CHAUVET Blinder Led blanc chaud 60° IRC 92 IP 65-260W;ECLAIRAGE;Asservi;Blinder Led;Entrepôt 1 : D2;1;CHAUVET;S03   - 030517141124000122
STRIKE ARRAY 4;CHAUVET Blinder Led blanc chaud 60° IRC 92 IP 65-260W;ECLAIRAGE;Asservi;Blinder Led;Entrepôt 1 : D2;1;CHAUVET;S04   - 030517141124000124
STRIKE ARRAY 4;CHAUVET Blinder Led blanc chaud 60° IRC 92 IP 65-260W;ECLAIRAGE;Asservi;Blinder Led;Entrepôt 1 : D2;1;CHAUVET;STRIKE ARRAY 4_1_000005
STRIKE ARRAY 4;CHAUVET Blinder Led blanc chaud 60° IRC 92 IP 65-260W;ECLAIRAGE;Asservi;Blinder Led;Entrepôt 1 : D2;1;CHAUVET;STRIKE ARRAY 4_1_000006
STRIKE ARRAY 4;CHAUVET Blinder Led blanc chaud 60° IRC 92 IP 65-260W;ECLAIRAGE;Asservi;Blinder Led;Entrepôt 1 : D2;1;CHAUVET;STRIKE ARRAY 4_1_000007
STRIKE ARRAY 4;CHAUVET Blinder Led blanc chaud 60° IRC 92 IP 65-260W;ECLAIRAGE;Asservi;Blinder Led;Entrepôt 1 : D2;1;CHAUVET;STRIKE ARRAY 4_1_000008
STRIKE ARRAY 4;CHAUVET Blinder Led blanc chaud 60° IRC 92 IP 65-260W;ECLAIRAGE;Asservi;Blinder Led;Entrepôt 1 : D2;4;CHAUVET;
STROMBO;Stromboscope Atomic 3000W • MARTIN;ECLAIRAGE;Asservi;Effet;Entrepôt 1 : D3;1;MARTIN;0020757029
STROMBO;Stromboscope Atomic 3000W • MARTIN;ECLAIRAGE;Asservi;Effet;Entrepôt 1 : D3;1;MARTIN;0020757030
STROMBO;Stromboscope Atomic 3000W • MARTIN;ECLAIRAGE;Asservi;Effet;Entrepôt 1 : D3;1;MARTIN;0020757089
STROMBO;Stromboscope Atomic 3000W • MARTIN;ECLAIRAGE;Asservi;Effet;Entrepôt 1 : D3;1;MARTIN;0020757116
STROMBO;Stromboscope Atomic 3000W • MARTIN;ECLAIRAGE;Asservi;Effet;Entrepôt 1 : D3;1;MARTIN;20757029
STROMBO;Stromboscope Atomic 3000W • MARTIN;ECLAIRAGE;Asservi;Effet;Entrepôt 1 : D3;1;MARTIN;20757030
STROMBO;Stromboscope Atomic 3000W • MARTIN;ECLAIRAGE;Asservi;Effet;Entrepôt 1 : D3;1;MARTIN;20757089
STROMBO;Stromboscope Atomic 3000W • MARTIN;ECLAIRAGE;Asservi;Effet;Entrepôt 1 : D3;1;MARTIN;20757116
SUNSTRIP;Rampe DMX 10 Lampes;ECLAIRAGE;Asservi;Effet;Entrepôt 1 : F5;30;;
SUSPENSION;Triangle de suspension 300 triangulaire;STRUCTURE;Pont Aluminium;Série 300 tri;;12;;
SVTB4;Baffle SVT Classic 4x10•AMPEG;BACKLINE;Amplis;Ampli BASSE;;1;AMPEG;
SVTB8;Baffle SVT Classic 8x10•AMPEG;BACKLINE;Amplis;Ampli BASSE;;1;AMPEG;
SVTT;Tête ampli SVT Classic • AMPEG;BACKLINE;Amplis;Ampli BASSE;;1;AMPEG;
SWD5G;Auvitran•carte double switch 10 ports gigabit;SONORISATION;Périphérique;Périphérique;Entrepôt 2 : M;3;RTS;
SWISSONIC;Switch stage 16 ports (8 en façade-8 à l'arrière);SONORISATION;Console;Accessoire console;;2;;
SWITCHDANTE16P;Switch stage 16 ports (8 en façade-8 à l'arrière)•SWISSONIC;SONORISATION;Cablages audio;Câble RJ45;;1;SWISSONIC;(21)75689GEE00073
SWITCHDANTE16P;Switch stage 16 ports (8 en façade-8 à l'arrière)•SWISSONIC;SONORISATION;Cablages audio;Câble RJ45;;1;SWISSONIC;(21)75689GEE00074
SWITCHDANTE16P;Switch stage 16 ports (8 en façade-8 à l'arrière)•SWISSONIC;SONORISATION;Cablages audio;Câble RJ45;;2;SWISSONIC;
T744;DOUGHTY•Adaptateur Spigot vers embase enceinte 35mm;STRUCTURE;Levage;Accessoires levage;Entrepôt 2 : K3;19;DOUGHTY;
T8;Rampe dichroïque 8x90w (x2);ECLAIRAGE;Traditionnel;Molefay;Hors stock;2;;
T9;Rampe dichroïque 9x85w(x2);ECLAIRAGE;Traditionnel;Molefay;Entrepôt 1 : A1;3;;
TABGIB1;Tabouret batterie motorisé•GIBRALTAR;BACKLINE;Batteries;Accesoires batteries;;1;GIBRALTAR;
TABGIB2;Tabouret batterie•GIBRALTAR;BACKLINE;Batteries;Accesoires batteries;;3;GIBRALTAR;
TABLEPERCU;Table percus LP521•LP;BACKLINE;Percussions;Accessoires percus;E3;1;GLP;
TABOURET;Tabouret haut plateau bois avec embase ronde;BACKLINE;Accessoires backline;Tabouret haut;;3;;
TAPISDEDANSE;Tapis de danse Noir;RIDEAU-MACHINERIE;Machinerie;Tapis de danse;Entrepôt 2 : M;12;;
TBDW14;"Tom basse DW Collector 14""•DW";BACKLINE;Batteries;Fûts batterie;;1;DW;
TBDW16;"Tom basse DW Collector 16""•DW";BACKLINE;Batteries;Fûts batterie;E3;1;DW;
TBPEARL14;"Tom basse Pearl Référence 14""•PEARL";BACKLINE;Batteries;Fûts batterie;E3;1;PEARL;
TBPEARL16;"Tom basse Pearl Référence 16""•PEARL";BACKLINE;Batteries;Fûts batterie;E3;1;PEARL;
TBPEARLJAZZ14;"Tom Basse PEARL MASTERS JAZZ 14""";BACKLINE;Batteries;Fûts batterie;E3;1;PEARL;
TBPEARLJAZZ16;"Tom Basse PEARL MASTERS JAZZ 16""";BACKLINE;Batteries;Fûts batterie;E3;1;PEARL;
TDW10;"Tom DW Collector 10""•DW";BACKLINE;Batteries;Fûts batterie;E3;1;DW;
TDW12;"Tom DW Collector 12""•DW";BACKLINE;Batteries;Fûts batterie;E3;1;DW;
TE034;Pied de levage TE034 charge 125Kg Ht 3,8m;STRUCTURE;Levage;Pied de levage;Entrepôt 2 : K3;1;;063923
TE034;Pied de levage TE034 charge 125Kg Ht 3,8m;STRUCTURE;Levage;Pied de levage;Entrepôt 2 : K3;1;;063924
TE034;Pied de levage TE034 charge 125Kg Ht 3,8m;STRUCTURE;Levage;Pied de levage;Entrepôt 2 : K3;1;;63923
TE034;Pied de levage TE034 charge 125Kg Ht 3,8m;STRUCTURE;Levage;Pied de levage;Entrepôt 2 : K3;1;;63924
TE074;Pied de levage TE074 charge 200KG Ht 5,30m;STRUCTURE;Levage;Pied de levage;Entrepôt 1 : C6;2;;
TECHNOPAR T4;Lot de 3 pieds de buffet Technopar T4 noir sur batterie;ECLAIRAGE;Asservi;Architecturaux;Entrepôt 1 : F3;12;;
TELECO02P;Télécommande moteurs 2 postes;STRUCTURE;Levage;Télécommandes moteurs;Entrepôt 2 : L1;1;;
TELECO04P;Télécommande moteurs 4 postes;STRUCTURE;Levage;Télécommandes moteurs;Entrepôt 2 : L1;1;;1
TELECO04P;Télécommande moteurs 4 postes;STRUCTURE;Levage;Télécommandes moteurs;Entrepôt 2 : L1;1;;2
TELECO04P;Télécommande moteurs 4 postes;STRUCTURE;Levage;Télécommandes moteurs;Entrepôt 2 : L1;2;;
TELECO06P;Télécommande moteurs 6 postes;STRUCTURE;Levage;Télécommandes moteurs;Entrepôt 2 : L1;1;;
TELECO08P;Télécommande moteurs 8 postes;STRUCTURE;Levage;Télécommandes moteurs;Entrepôt 2 : L1;1;;
TELECO12PRADIO;Controleur moteurs 12 canaux Radio MC12•LFTKET;STRUCTURE;Levage;Télécommandes moteurs;Entrepôt 2 : L1;1;LFTKET;
TELECO16P;Télécommande moteurs 16 postes;STRUCTURE;Levage;Télécommandes moteurs;Entrepôt 2 : L1;1;;
TETRA2;Barre LED Motorisée RGBW Robin 10500 lumens•ROBE;ECLAIRAGE;Asservi;Architecturaux;;1;ROBE;2400953380
TETRA2;Barre LED Motorisée RGBW Robin 10500 lumens•ROBE;ECLAIRAGE;Asservi;Architecturaux;;1;ROBE;2400953390
TETRA2;Barre LED Motorisée RGBW Robin 10500 lumens•ROBE;ECLAIRAGE;Asservi;Architecturaux;;1;ROBE;2400953391
TETRA2;Barre LED Motorisée RGBW Robin 10500 lumens•ROBE;ECLAIRAGE;Asservi;Architecturaux;;1;ROBE;2400953513
TETRA2;Barre LED Motorisée RGBW Robin 10500 lumens•ROBE;ECLAIRAGE;Asservi;Architecturaux;;1;ROBE;2400954218
TETRA2;Barre LED Motorisée RGBW Robin 10500 lumens•ROBE;ECLAIRAGE;Asservi;Architecturaux;;1;ROBE;2400954219
TETRA2;Barre LED Motorisée RGBW Robin 10500 lumens•ROBE;ECLAIRAGE;Asservi;Architecturaux;;1;ROBE;2400954220
TETRA2;Barre LED Motorisée RGBW Robin 10500 lumens•ROBE;ECLAIRAGE;Asservi;Architecturaux;;1;ROBE;2400954247
TETRA2;Barre LED Motorisée RGBW Robin 10500 lumens•ROBE;ECLAIRAGE;Asservi;Architecturaux;;1;ROBE;2400954248
TETRA2;Barre LED Motorisée RGBW Robin 10500 lumens•ROBE;ECLAIRAGE;Asservi;Architecturaux;;1;ROBE;2400954278
TETRA2;Barre LED Motorisée RGBW Robin 10500 lumens•ROBE;ECLAIRAGE;Asservi;Architecturaux;;1;ROBE;2400954279
TETRA2;Barre LED Motorisée RGBW Robin 10500 lumens•ROBE;ECLAIRAGE;Asservi;Architecturaux;;1;ROBE;2400954280
TGX80;Micro dynamique • BEYERDYNAMIC;SONORISATION;Micro;Micro dynamique;Entrepôt 2 : N;1;BEYERDYNAMIC;
TIMBAL;"Set 2 timbales Tito Puente 14"", 15"" + pied•LP";BACKLINE;Percussions;Timbales;E3;1;GLP;
TL-SG108PE;Switch 8 ports Gigabit•TP-LINK;SONORISATION;Cablages audio;Câble RJ45;;2;TP-LINK;
TL056;Pied de levage TL056 charge 200KG Ht 6,50m;STRUCTURE;Levage;Pied de levage;Entrepôt 2 : K3;1;VMB;087848
TL056;Pied de levage TL056 charge 200KG Ht 6,50m;STRUCTURE;Levage;Pied de levage;Entrepôt 2 : K3;1;VMB;087849
TL056;Pied de levage TL056 charge 200KG Ht 6,50m;STRUCTURE;Levage;Pied de levage;Entrepôt 2 : K3;1;VMB;087850
TL056;Pied de levage TL056 charge 200KG Ht 6,50m;STRUCTURE;Levage;Pied de levage;Entrepôt 2 : K3;1;VMB;087851
TL056;Pied de levage TL056 charge 200KG Ht 6,50m;STRUCTURE;Levage;Pied de levage;Entrepôt 2 : K3;1;VMB;87848
TL056;Pied de levage TL056 charge 200KG Ht 6,50m;STRUCTURE;Levage;Pied de levage;Entrepôt 2 : K3;1;VMB;87849
TL056;Pied de levage TL056 charge 200KG Ht 6,50m;STRUCTURE;Levage;Pied de levage;Entrepôt 2 : K3;1;VMB;87850
TL056;Pied de levage TL056 charge 200KG Ht 6,50m;STRUCTURE;Levage;Pied de levage;Entrepôt 2 : K3;1;VMB;87851
TL075MAGNUM;Pied de levage TL075 charge 300Kg Ht 7m;STRUCTURE;Levage;Pied de levage;Entrepôt 2 : K3;1;;
TLA500;VMB•Pied line array h=7m / 500kg;STRUCTURE;Levage;Pied de levage;Entrepôt 1 : C6;2;VMB;
TOUR06M;Tour d'échafaudage 2,57x2,57 Ht 6,00m • LAYHER;STRUCTURE;Layher;Kit Tour 2,57m;;2;LAYHER;
TOURKOLOR;LED PAR 64 RGB+BLANC 48x3w • STARWAY;ECLAIRAGE;Asservi;PAR Led;Entrepôt 1 : F4;1;STARWAY;1
TOURKOLOR;LED PAR 64 RGB+BLANC 48x3w • STARWAY;ECLAIRAGE;Asservi;PAR Led;Entrepôt 1 : F4;1;STARWAY;10
TOURKOLOR;LED PAR 64 RGB+BLANC 48x3w • STARWAY;ECLAIRAGE;Asservi;PAR Led;Entrepôt 1 : F4;1;STARWAY;11
TOURKOLOR;LED PAR 64 RGB+BLANC 48x3w • STARWAY;ECLAIRAGE;Asservi;PAR Led;Entrepôt 1 : F4;1;STARWAY;12
TOURKOLOR;LED PAR 64 RGB+BLANC 48x3w • STARWAY;ECLAIRAGE;Asservi;PAR Led;Entrepôt 1 : F4;1;STARWAY;13
TOURKOLOR;LED PAR 64 RGB+BLANC 48x3w • STARWAY;ECLAIRAGE;Asservi;PAR Led;Entrepôt 1 : F4;1;STARWAY;14
TOURKOLOR;LED PAR 64 RGB+BLANC 48x3w • STARWAY;ECLAIRAGE;Asservi;PAR Led;Entrepôt 1 : F4;1;STARWAY;15
TOURKOLOR;LED PAR 64 RGB+BLANC 48x3w • STARWAY;ECLAIRAGE;Asservi;PAR Led;Entrepôt 1 : F4;1;STARWAY;16
TOURKOLOR;LED PAR 64 RGB+BLANC 48x3w • STARWAY;ECLAIRAGE;Asservi;PAR Led;Entrepôt 1 : F4;1;STARWAY;17
TOURKOLOR;LED PAR 64 RGB+BLANC 48x3w • STARWAY;ECLAIRAGE;Asservi;PAR Led;Entrepôt 1 : F4;1;STARWAY;18
TOURKOLOR;LED PAR 64 RGB+BLANC 48x3w • STARWAY;ECLAIRAGE;Asservi;PAR Led;Entrepôt 1 : F4;1;STARWAY;19
TOURKOLOR;LED PAR 64 RGB+BLANC 48x3w • STARWAY;ECLAIRAGE;Asservi;PAR Led;Entrepôt 1 : F4;1;STARWAY;2
TOURKOLOR;LED PAR 64 RGB+BLANC 48x3w • STARWAY;ECLAIRAGE;Asservi;PAR Led;Entrepôt 1 : F4;1;STARWAY;20
TOURKOLOR;LED PAR 64 RGB+BLANC 48x3w • STARWAY;ECLAIRAGE;Asservi;PAR Led;Entrepôt 1 : F4;1;STARWAY;21
TOURKOLOR;LED PAR 64 RGB+BLANC 48x3w • STARWAY;ECLAIRAGE;Asservi;PAR Led;Entrepôt 1 : F4;1;STARWAY;22
TOURKOLOR;LED PAR 64 RGB+BLANC 48x3w • STARWAY;ECLAIRAGE;Asservi;PAR Led;Entrepôt 1 : F4;1;STARWAY;23
TOURKOLOR;LED PAR 64 RGB+BLANC 48x3w • STARWAY;ECLAIRAGE;Asservi;PAR Led;Entrepôt 1 : F4;1;STARWAY;24
TOURKOLOR;LED PAR 64 RGB+BLANC 48x3w • STARWAY;ECLAIRAGE;Asservi;PAR Led;Entrepôt 1 : F4;1;STARWAY;25
TOURKOLOR;LED PAR 64 RGB+BLANC 48x3w • STARWAY;ECLAIRAGE;Asservi;PAR Led;Entrepôt 1 : F4;1;STARWAY;26
TOURKOLOR;LED PAR 64 RGB+BLANC 48x3w • STARWAY;ECLAIRAGE;Asservi;PAR Led;Entrepôt 1 : F4;1;STARWAY;27
TOURKOLOR;LED PAR 64 RGB+BLANC 48x3w • STARWAY;ECLAIRAGE;Asservi;PAR Led;Entrepôt 1 : F4;1;STARWAY;28
TOURKOLOR;LED PAR 64 RGB+BLANC 48x3w • STARWAY;ECLAIRAGE;Asservi;PAR Led;Entrepôt 1 : F4;1;STARWAY;29
TOURKOLOR;LED PAR 64 RGB+BLANC 48x3w • STARWAY;ECLAIRAGE;Asservi;PAR Led;Entrepôt 1 : F4;1;STARWAY;3
TOURKOLOR;LED PAR 64 RGB+BLANC 48x3w • STARWAY;ECLAIRAGE;Asservi;PAR Led;Entrepôt 1 : F4;1;STARWAY;30
TOURKOLOR;LED PAR 64 RGB+BLANC 48x3w • STARWAY;ECLAIRAGE;Asservi;PAR Led;Entrepôt 1 : F4;1;STARWAY;31
TOURKOLOR;LED PAR 64 RGB+BLANC 48x3w • STARWAY;ECLAIRAGE;Asservi;PAR Led;Entrepôt 1 : F4;1;STARWAY;32
TOURKOLOR;LED PAR 64 RGB+BLANC 48x3w • STARWAY;ECLAIRAGE;Asservi;PAR Led;Entrepôt 1 : F4;1;STARWAY;33
TOURKOLOR;LED PAR 64 RGB+BLANC 48x3w • STARWAY;ECLAIRAGE;Asservi;PAR Led;Entrepôt 1 : F4;1;STARWAY;34
TOURKOLOR;LED PAR 64 RGB+BLANC 48x3w • STARWAY;ECLAIRAGE;Asservi;PAR Led;Entrepôt 1 : F4;1;STARWAY;35
TOURKOLOR;LED PAR 64 RGB+BLANC 48x3w • STARWAY;ECLAIRAGE;Asservi;PAR Led;Entrepôt 1 : F4;1;STARWAY;36
TOURKOLOR;LED PAR 64 RGB+BLANC 48x3w • STARWAY;ECLAIRAGE;Asservi;PAR Led;Entrepôt 1 : F4;1;STARWAY;37
TOURKOLOR;LED PAR 64 RGB+BLANC 48x3w • STARWAY;ECLAIRAGE;Asservi;PAR Led;Entrepôt 1 : F4;1;STARWAY;38
TOURKOLOR;LED PAR 64 RGB+BLANC 48x3w • STARWAY;ECLAIRAGE;Asservi;PAR Led;Entrepôt 1 : F4;1;STARWAY;39
TOURKOLOR;LED PAR 64 RGB+BLANC 48x3w • STARWAY;ECLAIRAGE;Asservi;PAR Led;Entrepôt 1 : F4;1;STARWAY;4
TOURKOLOR;LED PAR 64 RGB+BLANC 48x3w • STARWAY;ECLAIRAGE;Asservi;PAR Led;Entrepôt 1 : F4;1;STARWAY;40
TOURKOLOR;LED PAR 64 RGB+BLANC 48x3w • STARWAY;ECLAIRAGE;Asservi;PAR Led;Entrepôt 1 : F4;1;STARWAY;41
TOURKOLOR;LED PAR 64 RGB+BLANC 48x3w • STARWAY;ECLAIRAGE;Asservi;PAR Led;Entrepôt 1 : F4;1;STARWAY;42
TOURKOLOR;LED PAR 64 RGB+BLANC 48x3w • STARWAY;ECLAIRAGE;Asservi;PAR Led;Entrepôt 1 : F4;1;STARWAY;43
TOURKOLOR;LED PAR 64 RGB+BLANC 48x3w • STARWAY;ECLAIRAGE;Asservi;PAR Led;Entrepôt 1 : F4;1;STARWAY;44
TOURKOLOR;LED PAR 64 RGB+BLANC 48x3w • STARWAY;ECLAIRAGE;Asservi;PAR Led;Entrepôt 1 : F4;1;STARWAY;45
TOURKOLOR;LED PAR 64 RGB+BLANC 48x3w • STARWAY;ECLAIRAGE;Asservi;PAR Led;Entrepôt 1 : F4;1;STARWAY;46
TOURKOLOR;LED PAR 64 RGB+BLANC 48x3w • STARWAY;ECLAIRAGE;Asservi;PAR Led;Entrepôt 1 : F4;1;STARWAY;47
TOURKOLOR;LED PAR 64 RGB+BLANC 48x3w • STARWAY;ECLAIRAGE;Asservi;PAR Led;Entrepôt 1 : F4;1;STARWAY;48
TOURKOLOR;LED PAR 64 RGB+BLANC 48x3w • STARWAY;ECLAIRAGE;Asservi;PAR Led;Entrepôt 1 : F4;1;STARWAY;49
TOURKOLOR;LED PAR 64 RGB+BLANC 48x3w • STARWAY;ECLAIRAGE;Asservi;PAR Led;Entrepôt 1 : F4;1;STARWAY;5
TOURKOLOR;LED PAR 64 RGB+BLANC 48x3w • STARWAY;ECLAIRAGE;Asservi;PAR Led;Entrepôt 1 : F4;1;STARWAY;50
TOURKOLOR;LED PAR 64 RGB+BLANC 48x3w • STARWAY;ECLAIRAGE;Asservi;PAR Led;Entrepôt 1 : F4;1;STARWAY;51
TOURKOLOR;LED PAR 64 RGB+BLANC 48x3w • STARWAY;ECLAIRAGE;Asservi;PAR Led;Entrepôt 1 : F4;1;STARWAY;52
TOURKOLOR;LED PAR 64 RGB+BLANC 48x3w • STARWAY;ECLAIRAGE;Asservi;PAR Led;Entrepôt 1 : F4;1;STARWAY;53
TOURKOLOR;LED PAR 64 RGB+BLANC 48x3w • STARWAY;ECLAIRAGE;Asservi;PAR Led;Entrepôt 1 : F4;1;STARWAY;54
TOURKOLOR;LED PAR 64 RGB+BLANC 48x3w • STARWAY;ECLAIRAGE;Asservi;PAR Led;Entrepôt 1 : F4;1;STARWAY;55
TOURKOLOR;LED PAR 64 RGB+BLANC 48x3w • STARWAY;ECLAIRAGE;Asservi;PAR Led;Entrepôt 1 : F4;1;STARWAY;56
TOURKOLOR;LED PAR 64 RGB+BLANC 48x3w • STARWAY;ECLAIRAGE;Asservi;PAR Led;Entrepôt 1 : F4;1;STARWAY;6
TOURKOLOR;LED PAR 64 RGB+BLANC 48x3w • STARWAY;ECLAIRAGE;Asservi;PAR Led;Entrepôt 1 : F4;1;STARWAY;7
TOURKOLOR;LED PAR 64 RGB+BLANC 48x3w • STARWAY;ECLAIRAGE;Asservi;PAR Led;Entrepôt 1 : F4;1;STARWAY;8
TOURKOLOR;LED PAR 64 RGB+BLANC 48x3w • STARWAY;ECLAIRAGE;Asservi;PAR Led;Entrepôt 1 : F4;1;STARWAY;9
TPEARL10;"Tom Pearl Référence 10""•PEARL";BACKLINE;Batteries;Fûts batterie;E3;1;PEARL;
TPEARL12;"Tom Pearl Référence 12""•PEARL";BACKLINE;Batteries;Fûts batterie;E3;1;PEARL;
TPEARLJAZZ10;"Tom PEARL MASTERS JAZZ 10""";BACKLINE;Batteries;Fûts batterie;E3;1;PEARL;
TPEARLJAZZ12;"Tom PEARL MASTERS JAZZ 12""";BACKLINE;Batteries;Fûts batterie;E3;1;PEARL;
TRAVERS/SON;Traversée de scène 40m / 2x32TRI / 2xRJ45 / 8 Paires AES;SONORISATION;Cablages audio;Multipaires;;4;;
TRAVERSE;Traverse 2,44 m•STACCO;STRUCTURE;Scène;Scènes traditionnelles;;28;STACCO;
TRIPLITE;Triplite 2P+T 10/16A+ éclipse noir;DISTRIBUTION ELECTRIQUE;Câblage;Multipries 16 ampères;Entrepôt 1 : A5;217;;
TRITON-;Synthé Triton Pro 76•KORG;BACKLINE;Instruments;Claviers;E3;1;KORG;
TRUEONE;Câble TrueOne;ECLAIRAGE;Câblage;STRAP POWERCON;Entrepôt 1 : D3;9;;
TUBE2;Tube Alu diam 50 long 2m;STRUCTURE;Pont Aluminium;Mono Tube;;18;;
TUBE2MAN;Tube Alu diam 50 long 2m manchonnable;STRUCTURE;Pont Aluminium;Mono Tube;;2;;
TUBE3;Tube Alu diam 50 long 3m;STRUCTURE;Pont Aluminium;Mono Tube;;17;;
TUBE3MAN;Tube Alu diam 50 long 3m manchonnable;STRUCTURE;Pont Aluminium;Mono Tube;;7;;
TUBE4;Tube Alu diam 50 long 4m;STRUCTURE;Pont Aluminium;Mono Tube;;3;;
TUMBA;"Tumba Matador 12"" 1/2•LP";BACKLINE;Percussions;Congas;E3;1;GLP;
TUNERFMYAM;Tuner FM;SONORISATION;Source;Lecteur/enregistreur CD-MD;Entrepôt 2 : M;2;;
TWIN;Ampli Twin Reverb 65•FENDER;BACKLINE;Amplis;Ampli GUIT;;1;FENDER;
UA825;Câble coaxial BNC/BNC 7,50 m•SHURE;SONORISATION;Cablages audio;Câble coax antenne HF;;1;SHURE;
UA845;SHURE•Distributeur 2x5 antennes A/B large bande;SONORISATION;Micro;HF Accessoire;Entrepôt 2 : M;5;SHURE;
UA870A;SHURE•Antenne - Directive amplifiée 782 à 810 MHz;SONORISATION;Micro;HF Accessoire;Entrepôt 2 : M;2;SHURE;
UA870WB;SHURE•Antenne - Directive amplifiée 470 à 900 MHz;SONORISATION;Micro;HF Accessoire;Entrepôt 2 : M;3;SHURE;
UA874E;SHURE•Antenne - Directive amplifiée 470 à 790 MHz;SONORISATION;Micro;HF Accessoire;Entrepôt 2 : M;4;SHURE;
UC4099;DPA•Clip universel (scratch);SONORISATION;Micro;DPA Accessoires;;5;DPA;
UL1;Emetteur pocket série ULX Bande H51 (534 à 598 MHz) • SHURE;SONORISATION;Micro;HF;Entrepôt 2 : M;1;SHURE;2QG2058003
UL1;Emetteur pocket série ULX Bande H51 (534 à 598 MHz) • SHURE;SONORISATION;Micro;HF;Entrepôt 2 : M;1;SHURE;2QG2058062
UL1;Emetteur pocket série ULX Bande H51 (534 à 598 MHz) • SHURE;SONORISATION;Micro;HF;Entrepôt 2 : M;1;SHURE;2QH3170791
UL1;Emetteur pocket série ULX Bande H51 (534 à 598 MHz) • SHURE;SONORISATION;Micro;HF;Entrepôt 2 : M;1;SHURE;2QH3170797
UL1;Emetteur pocket série ULX Bande H51 (534 à 598 MHz) • SHURE;SONORISATION;Micro;HF;Entrepôt 2 : M;1;SHURE;2QH3170805
UL1;Emetteur pocket série ULX Bande H51 (534 à 598 MHz) • SHURE;SONORISATION;Micro;HF;Entrepôt 2 : M;1;SHURE;2QI0691906
UL1;Emetteur pocket série ULX Bande H51 (534 à 598 MHz) • SHURE;SONORISATION;Micro;HF;Entrepôt 2 : M;1;SHURE;2QI1313963
UL1;Emetteur pocket série ULX Bande H51 (534 à 598 MHz) • SHURE;SONORISATION;Micro;HF;Entrepôt 2 : M;1;SHURE;2QI1313969
UL1;Emetteur pocket série ULX Bande H51 (534 à 598 MHz) • SHURE;SONORISATION;Micro;HF;Entrepôt 2 : M;1;SHURE;2QI1313974
UL1;Emetteur pocket série ULX Bande H51 (534 à 598 MHz) • SHURE;SONORISATION;Micro;HF;Entrepôt 2 : M;1;SHURE;2QI1313979
UL1;Emetteur pocket série ULX Bande H51 (534 à 598 MHz) • SHURE;SONORISATION;Micro;HF;Entrepôt 2 : M;1;SHURE;2QI1313980
UL1;Emetteur pocket série ULX Bande H51 (534 à 598 MHz) • SHURE;SONORISATION;Micro;HF;Entrepôt 2 : M;1;SHURE;2QI2134845
UL1;Emetteur pocket série ULX Bande H51 (534 à 598 MHz) • SHURE;SONORISATION;Micro;HF;Entrepôt 2 : M;1;SHURE;2QI2134847
UL1;Emetteur pocket série ULX Bande H51 (534 à 598 MHz) • SHURE;SONORISATION;Micro;HF;Entrepôt 2 : M;1;SHURE;2QI2134853
UL1;Emetteur pocket série ULX Bande H51 (534 à 598 MHz) • SHURE;SONORISATION;Micro;HF;Entrepôt 2 : M;1;SHURE;2QJ0777727
UL1;Emetteur pocket série ULX Bande H51 (534 à 598 MHz) • SHURE;SONORISATION;Micro;HF;Entrepôt 2 : M;1;SHURE;2QJ0777731
UL1;Emetteur pocket série ULX Bande H51 (534 à 598 MHz) • SHURE;SONORISATION;Micro;HF;Entrepôt 2 : M;1;SHURE;2QJ0777732
UL1;Emetteur pocket série ULX Bande H51 (534 à 598 MHz) • SHURE;SONORISATION;Micro;HF;Entrepôt 2 : M;1;SHURE;2QJ0777734
UL2;Emetteur main série ULX Bande H51 (534 à 598 MHz) • SHURE;SONORISATION;Micro;HF;Entrepôt 2 : M;19;SHURE;
ULX-D;Récépteur shure double numérique bande H51• SHURE;SONORISATION;Micro;HF;Entrepôt 2 : M;10;SHURE;
UNIQUE;Machine à brouillard UNIQUE dmx512;ECLAIRAGE;Effets / Fumée;Machine à fumée;Entrepôt 1 : D3;1;LOOK;420313
UNIQUE;Machine à brouillard UNIQUE dmx512;ECLAIRAGE;Effets / Fumée;Machine à fumée;Entrepôt 1 : D3;1;LOOK;451108
UNIQUE;Machine à brouillard UNIQUE dmx512;ECLAIRAGE;Effets / Fumée;Machine à fumée;Entrepôt 1 : D3;1;LOOK;U21EU643216
UNIQUE;Machine à brouillard UNIQUE dmx512;ECLAIRAGE;Effets / Fumée;Machine à fumée;Entrepôt 1 : D3;1;LOOK;
UNIQUEFUMEE;Machine à fumée UNIQUE DMX 512;ECLAIRAGE;Effets / Fumée;Machine à fumée;Entrepôt 1 : D3;3;;
UR1;Emmetteur pocket • SHURE;SONORISATION;Micro;HF;Entrepôt 2 : M;1;SHURE;1NE2080839
UR1;Emmetteur pocket • SHURE;SONORISATION;Micro;HF;Entrepôt 2 : M;1;SHURE;2NL1135309
UR1;Emmetteur pocket • SHURE;SONORISATION;Micro;HF;Entrepôt 2 : M;1;SHURE;2NL1135318
UR1;Emmetteur pocket • SHURE;SONORISATION;Micro;HF;Entrepôt 2 : M;1;SHURE;2NL1135323
UR1;Emmetteur pocket • SHURE;SONORISATION;Micro;HF;Entrepôt 2 : M;1;SHURE;2NL1135329
UR1;Emmetteur pocket • SHURE;SONORISATION;Micro;HF;Entrepôt 2 : M;1;SHURE;2NL1135335
UR1;Emmetteur pocket • SHURE;SONORISATION;Micro;HF;Entrepôt 2 : M;1;SHURE;2NL1135340
UR1;Emmetteur pocket • SHURE;SONORISATION;Micro;HF;Entrepôt 2 : M;1;SHURE;2NL1135341
UR1;Emmetteur pocket • SHURE;SONORISATION;Micro;HF;Entrepôt 2 : M;1;SHURE;2NL1135346
UR1;Emmetteur pocket • SHURE;SONORISATION;Micro;HF;Entrepôt 2 : M;1;SHURE;2NL1135359
UR1;Emmetteur pocket • SHURE;SONORISATION;Micro;HF;Entrepôt 2 : M;6;SHURE;
UR1M;Mini émmetteur pocket • SHURE;SONORISATION;Micro;HF;Entrepôt 2 : M;2;SHURE;
UR2;Emetteur main • SHURE;SONORISATION;Micro;HF;Entrepôt 2 : M;6;SHURE;
UR4D;Récépteur shure double • SHURE;SONORISATION;Micro;HF;Entrepôt 2 : M;7;SHURE;
UR4S;Récepteur shure simple • SHURE;SONORISATION;Micro;HF;Entrepôt 2 : M;1;SHURE;
V-DOSC;"Enceinte large bande ""WST"" 3 voies active • L'ACOUSTICS";SONORISATION;Enceinte;Enceinte;Hors stock;1;L-ACOUSTICS;1472
V-DOSC;"Enceinte large bande ""WST"" 3 voies active • L'ACOUSTICS";SONORISATION;Enceinte;Enceinte;Hors stock;1;L-ACOUSTICS;1474
V-DOSC;"Enceinte large bande ""WST"" 3 voies active • L'ACOUSTICS";SONORISATION;Enceinte;Enceinte;Hors stock;1;L-ACOUSTICS;1479
V-DOSC;"Enceinte large bande ""WST"" 3 voies active • L'ACOUSTICS";SONORISATION;Enceinte;Enceinte;Hors stock;1;L-ACOUSTICS;1590
V-DOSC;"Enceinte large bande ""WST"" 3 voies active • L'ACOUSTICS";SONORISATION;Enceinte;Enceinte;Hors stock;1;L-ACOUSTICS;1623
V-DOSC;"Enceinte large bande ""WST"" 3 voies active • L'ACOUSTICS";SONORISATION;Enceinte;Enceinte;Hors stock;1;L-ACOUSTICS;1624
V-DOSC;"Enceinte large bande ""WST"" 3 voies active • L'ACOUSTICS";SONORISATION;Enceinte;Enceinte;Hors stock;1;L-ACOUSTICS;1629
V-DOSC;"Enceinte large bande ""WST"" 3 voies active • L'ACOUSTICS";SONORISATION;Enceinte;Enceinte;Hors stock;1;L-ACOUSTICS;1632
V-DOSC;"Enceinte large bande ""WST"" 3 voies active • L'ACOUSTICS";SONORISATION;Enceinte;Enceinte;Hors stock;1;L-ACOUSTICS;1636
V-DOSC;"Enceinte large bande ""WST"" 3 voies active • L'ACOUSTICS";SONORISATION;Enceinte;Enceinte;Hors stock;1;L-ACOUSTICS;2050
V-DOSC;"Enceinte large bande ""WST"" 3 voies active • L'ACOUSTICS";SONORISATION;Enceinte;Enceinte;Hors stock;1;L-ACOUSTICS;2051
V-DOSC;"Enceinte large bande ""WST"" 3 voies active • L'ACOUSTICS";SONORISATION;Enceinte;Enceinte;Hors stock;1;L-ACOUSTICS;2052
V-DOSC;"Enceinte large bande ""WST"" 3 voies active • L'ACOUSTICS";SONORISATION;Enceinte;Enceinte;Hors stock;1;L-ACOUSTICS;2053
V-DOSC;"Enceinte large bande ""WST"" 3 voies active • L'ACOUSTICS";SONORISATION;Enceinte;Enceinte;Hors stock;1;L-ACOUSTICS;2054
V-DOSC;"Enceinte large bande ""WST"" 3 voies active • L'ACOUSTICS";SONORISATION;Enceinte;Enceinte;Hors stock;1;L-ACOUSTICS;2055
V-DOSC;"Enceinte large bande ""WST"" 3 voies active • L'ACOUSTICS";SONORISATION;Enceinte;Enceinte;Hors stock;1;L-ACOUSTICS;2056
V-DOSC;"Enceinte large bande ""WST"" 3 voies active • L'ACOUSTICS";SONORISATION;Enceinte;Enceinte;Hors stock;1;L-ACOUSTICS;2057
V-DOSC;"Enceinte large bande ""WST"" 3 voies active • L'ACOUSTICS";SONORISATION;Enceinte;Enceinte;Hors stock;1;L-ACOUSTICS;2058
V-DOSC;"Enceinte large bande ""WST"" 3 voies active • L'ACOUSTICS";SONORISATION;Enceinte;Enceinte;Hors stock;1;L-ACOUSTICS;2059
V-DOSC;"Enceinte large bande ""WST"" 3 voies active • L'ACOUSTICS";SONORISATION;Enceinte;Enceinte;Hors stock;1;L-ACOUSTICS;2060
V-DOSC;"Enceinte large bande ""WST"" 3 voies active • L'ACOUSTICS";SONORISATION;Enceinte;Enceinte;Hors stock;1;L-ACOUSTICS;2061
V-DOSC;"Enceinte large bande ""WST"" 3 voies active • L'ACOUSTICS";SONORISATION;Enceinte;Enceinte;Hors stock;1;L-ACOUSTICS;3013N
V-DOSC;"Enceinte large bande ""WST"" 3 voies active • L'ACOUSTICS";SONORISATION;Enceinte;Enceinte;Hors stock;1;L-ACOUSTICS;3018N
V-DOSC;"Enceinte large bande ""WST"" 3 voies active • L'ACOUSTICS";SONORISATION;Enceinte;Enceinte;Hors stock;1;L-ACOUSTICS;3H019N
VC4099;DPA•Clip pour violon, mandoline;SONORISATION;Micro;DPA Accessoires;;5;DPA;
VEGA;STARWAY•projecteur d'effet / déco vintage led et tungstene;ECLAIRAGE;Asservi;Effet;Entrepôt 1 : F4;6;STARWAY;
VENICE320;Console 24mic/4st/6/2 • MIDAS;SONORISATION;Console;Console analogique;Entrepôt 1 : A1;1;MIDAS;1730220402012284
VERSATILE;Projecteur effets 800W;ECLAIRAGE;Asservi;Effet;Entrepôt 2 : M;8;;
VGA02M;Câble VGA 2m;AUDIOVISUEL;Câblage;VGA;Entrepôt 1 : F2;2;;
VGA05M;Câble VGA 5m;AUDIOVISUEL;Câblage;VGA;Entrepôt 1 : F2;2;;
VGA10M;Câble VGA 10m;AUDIOVISUEL;Câblage;VGA;Entrepôt 1 : F2;6;;
VGA20M;Câble VGA 20m;AUDIOVISUEL;Câblage;VGA;Entrepôt 1 : F3;7;;
VIDEO6000;CHRISTIE•DHD600-G videoproj. 6000 lumens DLP 1920x1080;AUDIOVISUEL;Diffusion d'image;Vidéoprojecteur;Entrepôt 1 : F3;1;CHRISTIE;
VIDEOPROJ5000;Videoproj. 5000Lms;AUDIOVISUEL;Diffusion d'image;Vidéoprojecteur;Entrepôt 1 : F3;1;;
VIPER;Lyre profile, 1000W, zoom 10-44°, 6000°K • MARTIN;ECLAIRAGE;Asservi;Spot;Entrepôt 1 : D2;1;MARTIN;0785650052   - V1
VIPER;Lyre profile, 1000W, zoom 10-44°, 6000°K • MARTIN;ECLAIRAGE;Asservi;Spot;Entrepôt 1 : D2;1;MARTIN;0785650053   - V2
VIPER;Lyre profile, 1000W, zoom 10-44°, 6000°K • MARTIN;ECLAIRAGE;Asservi;Spot;Entrepôt 1 : D2;1;MARTIN;0788770045   - V12
VIPER;Lyre profile, 1000W, zoom 10-44°, 6000°K • MARTIN;ECLAIRAGE;Asservi;Spot;Entrepôt 1 : D2;1;MARTIN;0788770046   - V11
VIPER;Lyre profile, 1000W, zoom 10-44°, 6000°K • MARTIN;ECLAIRAGE;Asservi;Spot;Entrepôt 1 : D2;1;MARTIN;0788770065   - V5
VIPER;Lyre profile, 1000W, zoom 10-44°, 6000°K • MARTIN;ECLAIRAGE;Asservi;Spot;Entrepôt 1 : D2;1;MARTIN;078877007   - V4
VIPER;Lyre profile, 1000W, zoom 10-44°, 6000°K • MARTIN;ECLAIRAGE;Asservi;Spot;Entrepôt 1 : D2;1;MARTIN;0788770070   - V3
VIPER;Lyre profile, 1000W, zoom 10-44°, 6000°K • MARTIN;ECLAIRAGE;Asservi;Spot;Entrepôt 1 : D2;1;MARTIN;0788770072   - V6
VIPER;Lyre profile, 1000W, zoom 10-44°, 6000°K • MARTIN;ECLAIRAGE;Asservi;Spot;Entrepôt 1 : D2;1;MARTIN;0794820006   - V7
VIPER;Lyre profile, 1000W, zoom 10-44°, 6000°K • MARTIN;ECLAIRAGE;Asservi;Spot;Entrepôt 1 : D2;1;MARTIN;0794820007   - V9
VIPER;Lyre profile, 1000W, zoom 10-44°, 6000°K • MARTIN;ECLAIRAGE;Asservi;Spot;Entrepôt 1 : D2;1;MARTIN;0794820008   - V10
VIPER;Lyre profile, 1000W, zoom 10-44°, 6000°K • MARTIN;ECLAIRAGE;Asservi;Spot;Entrepôt 1 : D2;1;MARTIN;0794820009   - V8
VIPER;Lyre profile, 1000W, zoom 10-44°, 6000°K • MARTIN;ECLAIRAGE;Asservi;Spot;Entrepôt 1 : D2;1;MARTIN;1055080353   - V15
VIPER;Lyre profile, 1000W, zoom 10-44°, 6000°K • MARTIN;ECLAIRAGE;Asservi;Spot;Entrepôt 1 : D2;1;MARTIN;1055080362   - V16
VIPER;Lyre profile, 1000W, zoom 10-44°, 6000°K • MARTIN;ECLAIRAGE;Asservi;Spot;Entrepôt 1 : D2;1;MARTIN;1055080363   - V13
VIPER;Lyre profile, 1000W, zoom 10-44°, 6000°K • MARTIN;ECLAIRAGE;Asservi;Spot;Entrepôt 1 : D2;1;MARTIN;1055080366   - V14
VIPER;Lyre profile, 1000W, zoom 10-44°, 6000°K • MARTIN;ECLAIRAGE;Asservi;Spot;Entrepôt 1 : D2;1;MARTIN;1055080367   - V17
VIPER;Lyre profile, 1000W, zoom 10-44°, 6000°K • MARTIN;ECLAIRAGE;Asservi;Spot;Entrepôt 1 : D2;1;MARTIN;1055080371   - V18
VISLAYER;Embase vis (pieds de tour) • LAYHER;STRUCTURE;Layher;Echaffaudage;;132;LAYHER;
VITALIZER;Enhancer à Tubes • SPL;SONORISATION;Périphérique;Egalisation;Entrepôt 2 : M;1;SPL;0392125
VITALIZER;Enhancer à Tubes • SPL;SONORISATION;Périphérique;Egalisation;Entrepôt 2 : M;1;SPL;0392126
VITALIZER;Enhancer à Tubes • SPL;SONORISATION;Périphérique;Egalisation;Entrepôt 2 : M;1;SPL;0392143
VITALIZER;Enhancer à Tubes • SPL;SONORISATION;Périphérique;Egalisation;Entrepôt 2 : M;1;SPL;392125
VITALIZER;Enhancer à Tubes • SPL;SONORISATION;Périphérique;Egalisation;Entrepôt 2 : M;1;SPL;392126
VITALIZER;Enhancer à Tubes • SPL;SONORISATION;Périphérique;Egalisation;Entrepôt 2 : M;1;SPL;392143
VOLET-310HPC;Volet 4 faces pour PC 310HPC 1 Kw • JULIAT;ECLAIRAGE;Traditionnel;Plans convexe;Entrepôt 1 : D3;15;JULIAT;
VOLET-C101;Volet 4 faces pour PC C101 1 Kw • ADB;ECLAIRAGE;Traditionnel;Plans convexe;Entrepôt 1 : D3;10;ADB;
VOLET-PC2KW;Volet 4 faces pour PC C201 2 Kw • ADB;ECLAIRAGE;Traditionnel;Plans convexe;Entrepôt 1 : F7;16;ADB;
VOX;Ampli AC30•VOX;BACKLINE;Amplis;Ampli GUIT;;1;VOX;
VT737;Préampli/comp/eq mono à lampes • AVALON;SONORISATION;Périphérique;Préampli-Tube;Entrepôt 2 : M;1;AVALON;27215
VT747;Préampli/eq stéréo à lampes • AVALON;SONORISATION;Périphérique;Préampli-Tube;Entrepôt 2 : M;1;AVALON;46659
VX1000;Contrôleur Scaler NOVASTAR All-In-One - HD 1080p;AUDIOVISUEL;Diffusion d'image;Ecran plein jour;Entrepôt 1 : F1;1;NOVASTAR;
VX600;Contrôleur Scaler NOVASTAR All-In-One - HD 1080p;AUDIOVISUEL;Diffusion d'image;Ecran plein jour;Entrepôt 1 : F1;1;NOVASTAR;2IVB32B14N1A10036057
VX600;Contrôleur Scaler NOVASTAR All-In-One - HD 1080p;AUDIOVISUEL;Diffusion d'image;Ecran plein jour;Entrepôt 1 : F1;1;NOVASTAR;2IVB32B14N1A10036079
WA302;Câble adaptateur TQG4 vers Jack 6,3 Mono•SHURE;SONORISATION;Micro;HF;;19;SHURE;
WIELAND/10M;Câble alimentation avec connecteur WIELAND 10m;ECLAIRAGE;Câblage;Divers;Entrepôt 2 : J2;6;;
WIELAND/20M;Câble alimentation avec connecteur WIELAND 20m;ECLAIRAGE;Câblage;Divers;Entrepôt 2 : J2;6;;
WIELAND/EP;Epanoui Harting WIELAND;ECLAIRAGE;Câblage;Divers;Entrepôt 2 : J2;1;;
WIFIROUTEUR;Routeur WIFI;SONORISATION;Console;Accessoire console;Entrepôt 2 : M;4;;
WINDUP;Pied WIND-UP 1,67 à 3,70m ch 30kg;STRUCTURE;Levage;Pied de levage;Entrepôt 1 : D1;9;;
WINDUP-2;Pied WIND-UP 1,67 à 3,33m ch 40kg;STRUCTURE;Levage;Pied de levage;Entrepôt 1 : D1;16;;
WU12K-M;CHRISTIE•Vidéoprojecteur Roadster WUXGA - 3DLP - 12000 lms;AUDIOVISUEL;Diffusion d'image;Vidéoprojecteur;Entrepôt 1 : F3;1;CHRISTIE;
X12;"Enceinte coaxiale passive 2 voies 12"" • L'ACOUSTICS";SONORISATION;Enceinte;Enceinte;;1;L-ACOUSTICS;1190017379
X12;"Enceinte coaxiale passive 2 voies 12"" • L'ACOUSTICS";SONORISATION;Enceinte;Enceinte;;1;L-ACOUSTICS;1190017382
X12;"Enceinte coaxiale passive 2 voies 12"" • L'ACOUSTICS";SONORISATION;Enceinte;Enceinte;;1;L-ACOUSTICS;1190017428
X12;"Enceinte coaxiale passive 2 voies 12"" • L'ACOUSTICS";SONORISATION;Enceinte;Enceinte;;1;L-ACOUSTICS;1190017465
X12;"Enceinte coaxiale passive 2 voies 12"" • L'ACOUSTICS";SONORISATION;Enceinte;Enceinte;;1;L-ACOUSTICS;1190017477
X12;"Enceinte coaxiale passive 2 voies 12"" • L'ACOUSTICS";SONORISATION;Enceinte;Enceinte;;1;L-ACOUSTICS;1190017480
X12;"Enceinte coaxiale passive 2 voies 12"" • L'ACOUSTICS";SONORISATION;Enceinte;Enceinte;;1;L-ACOUSTICS;1190017481
X12;"Enceinte coaxiale passive 2 voies 12"" • L'ACOUSTICS";SONORISATION;Enceinte;Enceinte;;1;L-ACOUSTICS;1190017482
X12;"Enceinte coaxiale passive 2 voies 12"" • L'ACOUSTICS";SONORISATION;Enceinte;Enceinte;;1;L-ACOUSTICS;1190017483
X12;"Enceinte coaxiale passive 2 voies 12"" • L'ACOUSTICS";SONORISATION;Enceinte;Enceinte;;1;L-ACOUSTICS;1190017485
X12;"Enceinte coaxiale passive 2 voies 12"" • L'ACOUSTICS";SONORISATION;Enceinte;Enceinte;;1;L-ACOUSTICS;1190017491l
X12;"Enceinte coaxiale passive 2 voies 12"" • L'ACOUSTICS";SONORISATION;Enceinte;Enceinte;;1;L-ACOUSTICS;1190017513
X12;"Enceinte coaxiale passive 2 voies 12"" • L'ACOUSTICS";SONORISATION;Enceinte;Enceinte;;1;L-ACOUSTICS;1190027741
X12;"Enceinte coaxiale passive 2 voies 12"" • L'ACOUSTICS";SONORISATION;Enceinte;Enceinte;;1;L-ACOUSTICS;1190027742
X12;"Enceinte coaxiale passive 2 voies 12"" • L'ACOUSTICS";SONORISATION;Enceinte;Enceinte;;1;L-ACOUSTICS;1190027759
X12;"Enceinte coaxiale passive 2 voies 12"" • L'ACOUSTICS";SONORISATION;Enceinte;Enceinte;;1;L-ACOUSTICS;1190027763
X12;"Enceinte coaxiale passive 2 voies 12"" • L'ACOUSTICS";SONORISATION;Enceinte;Enceinte;;1;L-ACOUSTICS;1190027785
X12;"Enceinte coaxiale passive 2 voies 12"" • L'ACOUSTICS";SONORISATION;Enceinte;Enceinte;;1;L-ACOUSTICS;1190027868
X12;"Enceinte coaxiale passive 2 voies 12"" • L'ACOUSTICS";SONORISATION;Enceinte;Enceinte;;1;L-ACOUSTICS;1190027896
X12;"Enceinte coaxiale passive 2 voies 12"" • L'ACOUSTICS";SONORISATION;Enceinte;Enceinte;;1;L-ACOUSTICS;1190027902
X12;"Enceinte coaxiale passive 2 voies 12"" • L'ACOUSTICS";SONORISATION;Enceinte;Enceinte;;1;L-ACOUSTICS;1190027903
X12;"Enceinte coaxiale passive 2 voies 12"" • L'ACOUSTICS";SONORISATION;Enceinte;Enceinte;;1;L-ACOUSTICS;1190027904
X12;"Enceinte coaxiale passive 2 voies 12"" • L'ACOUSTICS";SONORISATION;Enceinte;Enceinte;;1;L-ACOUSTICS;1190027918
X12;"Enceinte coaxiale passive 2 voies 12"" • L'ACOUSTICS";SONORISATION;Enceinte;Enceinte;;1;L-ACOUSTICS;1190027926
X15 HIQ;"Enceinte coaxiale active 2 voies 15"" • L'ACOUSTICS";SONORISATION;Enceinte;Enceinte;Entrepôt 1 : H;40;L-ACOUSTICS;
X8;"Enceinte coaxiale passive 2 voies 8"" • L'ACOUSTICS";SONORISATION;Enceinte;Enceinte;;1;YAMAHA;1260028433
X8;"Enceinte coaxiale passive 2 voies 8"" • L'ACOUSTICS";SONORISATION;Enceinte;Enceinte;;1;YAMAHA;1260028455
X8;"Enceinte coaxiale passive 2 voies 8"" • L'ACOUSTICS";SONORISATION;Enceinte;Enceinte;;1;YAMAHA;1260028460
X8;"Enceinte coaxiale passive 2 voies 8"" • L'ACOUSTICS";SONORISATION;Enceinte;Enceinte;;1;YAMAHA;1260028463
X8;"Enceinte coaxiale passive 2 voies 8"" • L'ACOUSTICS";SONORISATION;Enceinte;Enceinte;;1;YAMAHA;1260028465
X8;"Enceinte coaxiale passive 2 voies 8"" • L'ACOUSTICS";SONORISATION;Enceinte;Enceinte;;1;YAMAHA;1260028466
X8;"Enceinte coaxiale passive 2 voies 8"" • L'ACOUSTICS";SONORISATION;Enceinte;Enceinte;;1;YAMAHA;1260028467
X8;"Enceinte coaxiale passive 2 voies 8"" • L'ACOUSTICS";SONORISATION;Enceinte;Enceinte;;1;YAMAHA;1260028468
X8;"Enceinte coaxiale passive 2 voies 8"" • L'ACOUSTICS";SONORISATION;Enceinte;Enceinte;;1;YAMAHA;1260028469
X8;"Enceinte coaxiale passive 2 voies 8"" • L'ACOUSTICS";SONORISATION;Enceinte;Enceinte;;1;YAMAHA;1260028476
X8;"Enceinte coaxiale passive 2 voies 8"" • L'ACOUSTICS";SONORISATION;Enceinte;Enceinte;;1;YAMAHA;1260028477
X8;"Enceinte coaxiale passive 2 voies 8"" • L'ACOUSTICS";SONORISATION;Enceinte;Enceinte;;1;YAMAHA;1260028478
XL42;Préampli/EQ 2 canaux • MIDAS;SONORISATION;Périphérique;Préampli-Tube;Entrepôt 2 : M;1;MIDAS;42834
XL42;Préampli/EQ 2 canaux • MIDAS;SONORISATION;Périphérique;Préampli-Tube;Entrepôt 2 : M;1;MIDAS;43497
XL42;Préampli/EQ 2 canaux • MIDAS;SONORISATION;Périphérique;Préampli-Tube;Entrepôt 2 : M;1;MIDAS;
XLR-F/F;Adaptateur XLRF / XLRF;SONORISATION;Cablages audio;Adaptateurs;;42;;
XLR-F/JACK;Adaptateur XLRF/JACK 6,35 stéréo;SONORISATION;Cablages audio;Adaptateurs;;88;;
XLR-M/JACK;Adaptateur XLRM/JACK 6,35 stéréo;SONORISATION;Cablages audio;Adaptateurs;;62;;
XLR-M/M;Adaptateur XLRM / XLRM;SONORISATION;Cablages audio;Adaptateurs;;36;;
Y-SPK4;Y speakon 4 -> 2 x speakon 2;SONORISATION;Cablages audio;Câbles speakon;;12;;
ZM933;Zoom pour 933SNX 29 a 50 degree • JULIAT;ECLAIRAGE;Traditionnel;Découpe;Entrepôt 1 : F7;3;JULIAT;
ZM934;Zoom pour 934SNX 16 à 38 degree • JULIAT;ECLAIRAGE;Traditionnel;Découpe;Entrepôt 2 : M;2;JULIAT;
ZR22;Machine à fumée ZR 22•MARTIN;ECLAIRAGE;Effets / Fumée;Machine à fumée;Hors stock;1;MARTIN;
